,W.1
AACAAA,0.00216294160057678
AACACA,0
AACAGA,0.000720980533525595
AACATA,0.000720980533525595
AACCAA,0
AACCCA,0.000720980533525595
AACCGA,0
AACCTA,0
AACGAA,0
AACGCA,0
AACGGA,0
AACGTA,0
AACTAA,0
AACTCA,0
AACTGA,0
AACTTA,0
ACCAAA,0.00144196106705119
ACCACA,0
ACCAGA,0
ACCATA,0
ACCCAA,0.000720980533525595
ACCCCA,0.000720980533525595
ACCCGA,0
ACCCTA,0
ACCGAA,0
ACCGCA,0
ACCGGA,0
ACCGTA,0
ACCTAA,0.000720980533525595
ACCTCA,0
ACCTGA,0.000720980533525595
ACCTTA,0.00144196106705119
AGCAAA,0
AGCACA,0
AGCAGA,0.000720980533525595
AGCATA,0
AGCCAA,0
AGCCCA,0.000720980533525595
AGCCGA,0
AGCCTA,0.00144196106705119
AGCGAA,0
AGCGCA,0.000720980533525595
AGCGGA,0
AGCGTA,0.000720980533525595
AGCTAA,0
AGCTCA,0.00144196106705119
AGCTGA,0.00144196106705119
AGCTTA,0.000720980533525595
ATCAAA,0.000720980533525595
ATCACA,0
ATCAGA,0
ATCATA,0.000720980533525595
ATCCAA,0.00144196106705119
ATCCCA,0
ATCCGA,0
ATCCTA,0.00144196106705119
ATCGAA,0
ATCGCA,0
ATCGGA,0
ATCGTA,0
ATCTAA,0.000720980533525595
ATCTCA,0.00144196106705119
ATCTGA,0.00144196106705119
ATCTTA,0.00216294160057678
CACAAA,0.000720980533525595
CACACA,0
CACAGA,0.00216294160057678
CACATA,0
CACCAA,0.00144196106705119
CACCCA,0.000720980533525595
CACCGA,0.000720980533525595
CACCTA,0.00216294160057678
CACGAA,0
CACGCA,0
CACGGA,0
CACGTA,0
CACTAA,0
CACTCA,0
CACTGA,0
CACTTA,0
CCCAAA,0
CCCACA,0
CCCAGA,0
CCCATA,0.00144196106705119
CCCCAA,0
CCCCCA,0.000720980533525595
CCCCGA,0.00144196106705119
CCCCTA,0
CCCGAA,0
CCCGCA,0
CCCGGA,0.00216294160057678
CCCGTA,0.00144196106705119
CCCTAA,0
CCCTCA,0
CCCTGA,0
CCCTTA,0.000720980533525595
CGCAAA,0
CGCACA,0
CGCAGA,0
CGCATA,0
CGCCAA,0
CGCCCA,0
CGCCGA,0
CGCCTA,0
CGCGAA,0
CGCGCA,0.00144196106705119
CGCGGA,0
CGCGTA,0
CGCTAA,0
CGCTCA,0.00144196106705119
CGCTGA,0
CGCTTA,0
CTCAAA,0.000720980533525595
CTCACA,0.00144196106705119
CTCAGA,0.00144196106705119
CTCATA,0
CTCCAA,0
CTCCCA,0.000720980533525595
CTCCGA,0
CTCCTA,0.00144196106705119
CTCGAA,0
CTCGCA,0
CTCGGA,0
CTCGTA,0
CTCTAA,0
CTCTCA,0
CTCTGA,0.000720980533525595
CTCTTA,0.000720980533525595
GACAAA,0.000720980533525595
GACACA,0.000720980533525595
GACAGA,0.000720980533525595
GACATA,0
GACCAA,0
GACCCA,0.000720980533525595
GACCGA,0
GACCTA,0
GACGAA,0
GACGCA,0
GACGGA,0
GACGTA,0.000720980533525595
GACTAA,0
GACTCA,0.00144196106705119
GACTGA,0.000720980533525595
GACTTA,0
GCCAAA,0
GCCACA,0.00144196106705119
GCCAGA,0
GCCATA,0.000720980533525595
GCCCAA,0
GCCCCA,0
GCCCGA,0.000720980533525595
GCCCTA,0
GCCGAA,0.000720980533525595
GCCGCA,0
GCCGGA,0
GCCGTA,0
GCCTAA,0
GCCTCA,0.00144196106705119
GCCTGA,0
GCCTTA,0.000720980533525595
GGCAAA,0
GGCACA,0.000720980533525595
GGCAGA,0.00144196106705119
GGCATA,0
GGCCAA,0.000720980533525595
GGCCCA,0.00216294160057678
GGCCGA,0.00216294160057678
GGCCTA,0.00144196106705119
GGCGAA,0
GGCGCA,0
GGCGGA,0.000720980533525595
GGCGTA,0.000720980533525595
GGCTAA,0
GGCTCA,0.000720980533525595
GGCTGA,0
GGCTTA,0.00144196106705119
GTCAAA,0.000720980533525595
GTCACA,0
GTCAGA,0.000720980533525595
GTCATA,0
GTCCAA,0
GTCCCA,0.00144196106705119
GTCCGA,0.000720980533525595
GTCCTA,0.000720980533525595
GTCGAA,0
GTCGCA,0
GTCGGA,0
GTCGTA,0
GTCTAA,0.000720980533525595
GTCTCA,0
GTCTGA,0.000720980533525595
GTCTTA,0
TACAAA,0
TACACA,0
TACAGA,0.000720980533525595
TACATA,0
TACCAA,0
TACCCA,0
TACCGA,0
TACCTA,0.00144196106705119
TACGAA,0
TACGCA,0
TACGGA,0
TACGTA,0
TACTAA,0
TACTCA,0
TACTGA,0.000720980533525595
TACTTA,0.000720980533525595
TCCAAA,0
TCCACA,0
TCCAGA,0
TCCATA,0
TCCCAA,0
TCCCCA,0
TCCCGA,0
TCCCTA,0
TCCGAA,0.000720980533525595
TCCGCA,0
TCCGGA,0.000720980533525595
TCCGTA,0.000720980533525595
TCCTAA,0
TCCTCA,0.000720980533525595
TCCTGA,0
TCCTTA,0.00144196106705119
TGCAAA,0
TGCACA,0.000720980533525595
TGCAGA,0.000720980533525595
TGCATA,0
TGCCAA,0.00216294160057678
TGCCCA,0.00144196106705119
TGCCGA,0
TGCCTA,0.000720980533525595
TGCGAA,0
TGCGCA,0.000720980533525595
TGCGGA,0.00216294160057678
TGCGTA,0.000720980533525595
TGCTAA,0.000720980533525595
TGCTCA,0.000720980533525595
TGCTGA,0
TGCTTA,0.000720980533525595
TTCAAA,0.000720980533525595
TTCACA,0
TTCAGA,0.00144196106705119
TTCATA,0.00144196106705119
TTCCAA,0.00144196106705119
TTCCCA,0
TTCCGA,0.000720980533525595
TTCCTA,0
TTCGAA,0.000720980533525595
TTCGCA,0
TTCGGA,0
TTCGTA,0
TTCTAA,0
TTCTCA,0.00144196106705119
TTCTGA,0
TTCTTA,0.00144196106705119
AACAAG,0
AACACG,0
AACAGG,0
AACATG,0
AACCAG,0
AACCCG,0
AACCGG,0
AACCTG,0
AACGAG,0
AACGCG,0
AACGGG,0
AACGTG,0
AACTAG,0.000720980533525595
AACTCG,0.000720980533525595
AACTGG,0
AACTTG,0
ACCAAG,0.000720980533525595
ACCACG,0
ACCAGG,0
ACCATG,0.000720980533525595
ACCCAG,0
ACCCCG,0
ACCCGG,0
ACCCTG,0
ACCGAG,0
ACCGCG,0.000720980533525595
ACCGGG,0
ACCGTG,0
ACCTAG,0.000720980533525595
ACCTCG,0.000720980533525595
ACCTGG,0.000720980533525595
ACCTTG,0
AGCAAG,0
AGCACG,0
AGCAGG,0
AGCATG,0
AGCCAG,0
AGCCCG,0
AGCCGG,0
AGCCTG,0
AGCGAG,0
AGCGCG,0.00144196106705119
AGCGGG,0
AGCGTG,0
AGCTAG,0.000720980533525595
AGCTCG,0
AGCTGG,0
AGCTTG,0
ATCAAG,0.00288392213410238
ATCACG,0.000720980533525595
ATCAGG,0.000720980533525595
ATCATG,0
ATCCAG,0.000720980533525595
ATCCCG,0
ATCCGG,0
ATCCTG,0.00144196106705119
ATCGAG,0
ATCGCG,0
ATCGGG,0
ATCGTG,0
ATCTAG,0
ATCTCG,0.000720980533525595
ATCTGG,0.000720980533525595
ATCTTG,0.00216294160057678
CACAAG,0.000720980533525595
CACACG,0
CACAGG,0.000720980533525595
CACATG,0
CACCAG,0.00144196106705119
CACCCG,0.00144196106705119
CACCGG,0
CACCTG,0
CACGAG,0.000720980533525595
CACGCG,0
CACGGG,0
CACGTG,0
CACTAG,0.000720980533525595
CACTCG,0
CACTGG,0
CACTTG,0.000720980533525595
CCCAAG,0
CCCACG,0.000720980533525595
CCCAGG,0
CCCATG,0.000720980533525595
CCCCAG,0
CCCCCG,0.000720980533525595
CCCCGG,0
CCCCTG,0.000720980533525595
CCCGAG,0.000720980533525595
CCCGCG,0.000720980533525595
CCCGGG,0
CCCGTG,0.000720980533525595
CCCTAG,0
CCCTCG,0.00144196106705119
CCCTGG,0
CCCTTG,0.00144196106705119
CGCAAG,0
CGCACG,0
CGCAGG,0
CGCATG,0
CGCCAG,0
CGCCCG,0
CGCCGG,0
CGCCTG,0
CGCGAG,0
CGCGCG,0
CGCGGG,0
CGCGTG,0.000720980533525595
CGCTAG,0
CGCTCG,0.000720980533525595
CGCTGG,0
CGCTTG,0
CTCAAG,0.000720980533525595
CTCACG,0.00216294160057678
CTCAGG,0.00360490266762797
CTCATG,0
CTCCAG,0
CTCCCG,0.00144196106705119
CTCCGG,0.000720980533525595
CTCCTG,0
CTCGAG,0.000720980533525595
CTCGCG,0
CTCGGG,0
CTCGTG,0.000720980533525595
CTCTAG,0
CTCTCG,0.00216294160057678
CTCTGG,0.00360490266762797
CTCTTG,0.00432588320115357
GACAAG,0
GACACG,0
GACAGG,0.000720980533525595
GACATG,0.000720980533525595
GACCAG,0
GACCCG,0.00144196106705119
GACCGG,0
GACCTG,0
GACGAG,0.000720980533525595
GACGCG,0.000720980533525595
GACGGG,0
GACGTG,0
GACTAG,0
GACTCG,0
GACTGG,0
GACTTG,0
GCCAAG,0.000720980533525595
GCCACG,0
GCCAGG,0.000720980533525595
GCCATG,0
GCCCAG,0.000720980533525595
GCCCCG,0
GCCCGG,0
GCCCTG,0
GCCGAG,0
GCCGCG,0
GCCGGG,0
GCCGTG,0
GCCTAG,0
GCCTCG,0.000720980533525595
GCCTGG,0
GCCTTG,0
GGCAAG,0
GGCACG,0
GGCAGG,0
GGCATG,0.000720980533525595
GGCCAG,0
GGCCCG,0
GGCCGG,0
GGCCTG,0
GGCGAG,0.000720980533525595
GGCGCG,0
GGCGGG,0
GGCGTG,0.000720980533525595
GGCTAG,0.000720980533525595
GGCTCG,0
GGCTGG,0
GGCTTG,0
GTCAAG,0.00360490266762797
GTCACG,0
GTCAGG,0
GTCATG,0.000720980533525595
GTCCAG,0
GTCCCG,0
GTCCGG,0
GTCCTG,0.000720980533525595
GTCGAG,0.000720980533525595
GTCGCG,0
GTCGGG,0
GTCGTG,0
GTCTAG,0.000720980533525595
GTCTCG,0
GTCTGG,0.00144196106705119
GTCTTG,0.00144196106705119
TACAAG,0.000720980533525595
TACACG,0
TACAGG,0
TACATG,0
TACCAG,0.000720980533525595
TACCCG,0
TACCGG,0
TACCTG,0
TACGAG,0.000720980533525595
TACGCG,0
TACGGG,0
TACGTG,0
TACTAG,0
TACTCG,0
TACTGG,0
TACTTG,0
TCCAAG,0
TCCACG,0
TCCAGG,0
TCCATG,0
TCCCAG,0
TCCCCG,0
TCCCGG,0.000720980533525595
TCCCTG,0
TCCGAG,0
TCCGCG,0
TCCGGG,0
TCCGTG,0
TCCTAG,0
TCCTCG,0
TCCTGG,0
TCCTTG,0
TGCAAG,0.000720980533525595
TGCACG,0
TGCAGG,0
TGCATG,0
TGCCAG,0.000720980533525595
TGCCCG,0
TGCCGG,0
TGCCTG,0
TGCGAG,0
TGCGCG,0
TGCGGG,0
TGCGTG,0
TGCTAG,0
TGCTCG,0
TGCTGG,0.000720980533525595
TGCTTG,0
TTCAAG,0.00216294160057678
TTCACG,0.000720980533525595
TTCAGG,0
TTCATG,0
TTCCAG,0.000720980533525595
TTCCCG,0
TTCCGG,0.000720980533525595
TTCCTG,0.00144196106705119
TTCGAG,0
TTCGCG,0
TTCGGG,0
TTCGTG,0
TTCTAG,0.00216294160057678
TTCTCG,0.00216294160057678
TTCTGG,0.000720980533525595
TTCTTG,0.00360490266762797
AACAAT,0
AACACT,0.000720980533525595
AACAGT,0.00216294160057678
AACATT,0
AACCAT,0
AACCCT,0
AACCGT,0
AACCTT,0
AACGAT,0.00360490266762797
AACGCT,0.00432588320115357
AACGGT,0.00432588320115357
AACGTT,0.00288392213410238
AACTAT,0
AACTCT,0
AACTGT,0.000720980533525595
AACTTT,0.000720980533525595
ACCAAT,0
ACCACT,0
ACCAGT,0.000720980533525595
ACCATT,0
ACCCAT,0.00144196106705119
ACCCCT,0.000720980533525595
ACCCGT,0
ACCCTT,0.000720980533525595
ACCGAT,0.00144196106705119
ACCGCT,0.00576784426820476
ACCGGT,0.00288392213410238
ACCGTT,0.00288392213410238
ACCTAT,0
ACCTCT,0.00144196106705119
ACCTGT,0.00216294160057678
ACCTTT,0.00216294160057678
AGCAAT,0.00216294160057678
AGCACT,0
AGCAGT,0.00288392213410238
AGCATT,0.00216294160057678
AGCCAT,0.000720980533525595
AGCCCT,0.00144196106705119
AGCCGT,0
AGCCTT,0.000720980533525595
AGCGAT,0.00216294160057678
AGCGCT,0.00793078586878154
AGCGGT,0.00937274693583273
AGCGTT,0.00432588320115357
AGCTAT,0.000720980533525595
AGCTCT,0.000720980533525595
AGCTGT,0.00288392213410238
AGCTTT,0.00144196106705119
ATCAAT,0.00288392213410238
ATCACT,0.00576784426820476
ATCAGT,0.00216294160057678
ATCATT,0.00360490266762797
ATCCAT,0.000720980533525595
ATCCCT,0.00216294160057678
ATCCGT,0
ATCCTT,0.000720980533525595
ATCGAT,0.00216294160057678
ATCGCT,0.000720980533525595
ATCGGT,0.00432588320115357
ATCGTT,0.00144196106705119
ATCTAT,0.00216294160057678
ATCTCT,0.00216294160057678
ATCTGT,0.00216294160057678
ATCTTT,0.00144196106705119
CACAAT,0
CACACT,0
CACAGT,0.00216294160057678
CACATT,0.00216294160057678
CACCAT,0.00288392213410238
CACCCT,0
CACCGT,0.000720980533525595
CACCTT,0.000720980533525595
CACGAT,0.00576784426820476
CACGCT,0.0144196106705119
CACGGT,0.00720980533525595
CACGTT,0.00504686373467916
CACTAT,0.000720980533525595
CACTCT,0.000720980533525595
CACTGT,0.00144196106705119
CACTTT,0
CCCAAT,0.000720980533525595
CCCACT,0.000720980533525595
CCCAGT,0.00216294160057678
CCCATT,0
CCCCAT,0.00144196106705119
CCCCCT,0.000720980533525595
CCCCGT,0.00144196106705119
CCCCTT,0.00360490266762797
CCCGAT,0.00360490266762797
CCCGCT,0.00576784426820476
CCCGGT,0.00720980533525595
CCCGTT,0.00216294160057678
CCCTAT,0.000720980533525595
CCCTCT,0.00360490266762797
CCCTGT,0.00144196106705119
CCCTTT,0.00216294160057678
CGCAAT,0
CGCACT,0
CGCAGT,0.00144196106705119
CGCATT,0.000720980533525595
CGCCAT,0.00144196106705119
CGCCCT,0.000720980533525595
CGCCGT,0.00288392213410238
CGCCTT,0.000720980533525595
CGCGAT,0.00144196106705119
CGCGCT,0.00576784426820476
CGCGGT,0.00360490266762797
CGCGTT,0.00216294160057678
CGCTAT,0
CGCTCT,0
CGCTGT,0
CGCTTT,0.000720980533525595
CTCAAT,0.00144196106705119
CTCACT,0.00216294160057678
CTCAGT,0.00144196106705119
CTCATT,0.00288392213410238
CTCCAT,0.00288392213410238
CTCCCT,0.00288392213410238
CTCCGT,0.00216294160057678
CTCCTT,0.00360490266762797
CTCGAT,0.00288392213410238
CTCGCT,0.00576784426820476
CTCGGT,0.00432588320115357
CTCGTT,0.00216294160057678
CTCTAT,0.000720980533525595
CTCTCT,0.00216294160057678
CTCTGT,0.00216294160057678
CTCTTT,0.00360490266762797
GACAAT,0
GACACT,0.000720980533525595
GACAGT,0
GACATT,0.000720980533525595
GACCAT,0.000720980533525595
GACCCT,0.00288392213410238
GACCGT,0
GACCTT,0
GACGAT,0.00360490266762797
GACGCT,0.0100937274693583
GACGGT,0.0108147080028839
GACGTT,0.00288392213410238
GACTAT,0
GACTCT,0
GACTGT,0
GACTTT,0.00216294160057678
GCCAAT,0.000720980533525595
GCCACT,0.00144196106705119
GCCAGT,0.000720980533525595
GCCATT,0.00144196106705119
GCCCAT,0.00144196106705119
GCCCCT,0.00144196106705119
GCCCGT,0
GCCCTT,0.000720980533525595
GCCGAT,0.00432588320115357
GCCGCT,0.0129776496034607
GCCGGT,0.00720980533525595
GCCGTT,0.00648882480173035
GCCTAT,0
GCCTCT,0
GCCTGT,0.00216294160057678
GCCTTT,0
GGCAAT,0.000720980533525595
GGCACT,0.000720980533525595
GGCAGT,0.000720980533525595
GGCATT,0.000720980533525595
GGCCAT,0.00216294160057678
GGCCCT,0.00144196106705119
GGCCGT,0.00144196106705119
GGCCTT,0.000720980533525595
GGCGAT,0.00576784426820476
GGCGCT,0.0122566690699351
GGCGGT,0.0136986301369863
GGCGTT,0.00288392213410238
GGCTAT,0
GGCTCT,0
GGCTGT,0
GGCTTT,0
GTCAAT,0.00144196106705119
GTCACT,0
GTCAGT,0.000720980533525595
GTCATT,0
GTCCAT,0.00360490266762797
GTCCCT,0.00288392213410238
GTCCGT,0
GTCCTT,0.000720980533525595
GTCGAT,0.000720980533525595
GTCGCT,0.00504686373467916
GTCGGT,0.00360490266762797
GTCGTT,0.00360490266762797
GTCTAT,0.000720980533525595
GTCTCT,0.000720980533525595
GTCTGT,0.00360490266762797
GTCTTT,0
TACAAT,0
TACACT,0.000720980533525595
TACAGT,0.00144196106705119
TACATT,0
TACCAT,0
TACCCT,0.000720980533525595
TACCGT,0
TACCTT,0.00216294160057678
TACGAT,0.00144196106705119
TACGCT,0.00216294160057678
TACGGT,0.00432588320115357
TACGTT,0.00216294160057678
TACTAT,0.000720980533525595
TACTCT,0
TACTGT,0.000720980533525595
TACTTT,0.00216294160057678
TCCAAT,0.000720980533525595
TCCACT,0.00216294160057678
TCCAGT,0.00288392213410238
TCCATT,0.000720980533525595
TCCCAT,0.00144196106705119
TCCCCT,0.00216294160057678
TCCCGT,0.000720980533525595
TCCCTT,0.00216294160057678
TCCGAT,0.00504686373467916
TCCGCT,0.00576784426820476
TCCGGT,0.00793078586878154
TCCGTT,0.00360490266762797
TCCTAT,0.00144196106705119
TCCTCT,0.000720980533525595
TCCTGT,0
TCCTTT,0.000720980533525595
TGCAAT,0.00144196106705119
TGCACT,0
TGCAGT,0.00144196106705119
TGCATT,0.000720980533525595
TGCCAT,0.00144196106705119
TGCCCT,0.00144196106705119
TGCCGT,0.00144196106705119
TGCCTT,0.00504686373467916
TGCGAT,0.00288392213410238
TGCGCT,0.00576784426820476
TGCGGT,0.00793078586878154
TGCGTT,0.00576784426820476
TGCTAT,0.000720980533525595
TGCTCT,0
TGCTGT,0.00144196106705119
TGCTTT,0.00144196106705119
TTCAAT,0.00216294160057678
TTCACT,0.00360490266762797
TTCAGT,0.00216294160057678
TTCATT,0.00360490266762797
TTCCAT,0.000720980533525595
TTCCCT,0.00144196106705119
TTCCGT,0.00216294160057678
TTCCTT,0.00360490266762797
TTCGAT,0.00144196106705119
TTCGCT,0.00288392213410238
TTCGGT,0.00504686373467916
TTCGTT,0.00144196106705119
TTCTAT,0.000720980533525595
TTCTCT,0.00432588320115357
TTCTGT,0.00360490266762797
TTCTTT,0.00576784426820476
AATAAA,0
AATACA,0
AATAGA,0
AATATA,0
AATCAA,0.000720980533525595
AATCCA,0.000720980533525595
AATCGA,0
AATCTA,0
AATGAA,0
AATGCA,0
AATGGA,0
AATGTA,0
AATTAA,0.000720980533525595
AATTCA,0.000720980533525595
AATTGA,0
AATTTA,0.00288392213410238
ACTAAA,0
ACTACA,0
ACTAGA,0
ACTATA,0
ACTCAA,0
ACTCCA,0
ACTCGA,0
ACTCTA,0
ACTGAA,0
ACTGCA,0
ACTGGA,0
ACTGTA,0.00144196106705119
ACTTAA,0
ACTTCA,0.000720980533525595
ACTTGA,0
ACTTTA,0.000720980533525595
AGTAAA,0
AGTACA,0
AGTAGA,0
AGTATA,0
AGTCAA,0
AGTCCA,0
AGTCGA,0
AGTCTA,0
AGTGAA,0
AGTGCA,0
AGTGGA,0
AGTGTA,0
AGTTAA,0.000720980533525595
AGTTCA,0
AGTTGA,0
AGTTTA,0
ATTAAA,0
ATTACA,0
ATTAGA,0
ATTATA,0
ATTCAA,0
ATTCCA,0
ATTCGA,0
ATTCTA,0
ATTGAA,0
ATTGCA,0
ATTGGA,0
ATTGTA,0
ATTTAA,0.000720980533525595
ATTTCA,0
ATTTGA,0
ATTTTA,0
CATAAA,0
CATACA,0
CATAGA,0.000720980533525595
CATATA,0.000720980533525595
CATCAA,0
CATCCA,0.00144196106705119
CATCGA,0
CATCTA,0.00144196106705119
CATGAA,0
CATGCA,0.000720980533525595
CATGGA,0
CATGTA,0
CATTAA,0
CATTCA,0
CATTGA,0.00144196106705119
CATTTA,0
CCTAAA,0
CCTACA,0
CCTAGA,0
CCTATA,0
CCTCAA,0.000720980533525595
CCTCCA,0.000720980533525595
CCTCGA,0.000720980533525595
CCTCTA,0
CCTGAA,0
CCTGCA,0
CCTGGA,0
CCTGTA,0
CCTTAA,0.000720980533525595
CCTTCA,0.000720980533525595
CCTTGA,0.000720980533525595
CCTTTA,0
CGTAAA,0
CGTACA,0
CGTAGA,0
CGTATA,0
CGTCAA,0
CGTCCA,0
CGTCGA,0.000720980533525595
CGTCTA,0
CGTGAA,0
CGTGCA,0.000720980533525595
CGTGGA,0
CGTGTA,0
CGTTAA,0.000720980533525595
CGTTCA,0
CGTTGA,0.000720980533525595
CGTTTA,0
CTTAAA,0.000720980533525595
CTTACA,0
CTTAGA,0
CTTATA,0
CTTCAA,0
CTTCCA,0
CTTCGA,0
CTTCTA,0.000720980533525595
CTTGAA,0
CTTGCA,0
CTTGGA,0
CTTGTA,0
CTTTAA,0
CTTTCA,0
CTTTGA,0.000720980533525595
CTTTTA,0
GATAAA,0.000720980533525595
GATACA,0
GATAGA,0
GATATA,0
GATCAA,0.00144196106705119
GATCCA,0
GATCGA,0
GATCTA,0.000720980533525595
GATGAA,0.000720980533525595
GATGCA,0
GATGGA,0.00144196106705119
GATGTA,0.000720980533525595
GATTAA,0
GATTCA,0
GATTGA,0
GATTTA,0.000720980533525595
GCTAAA,0
GCTACA,0
GCTAGA,0
GCTATA,0
GCTCAA,0
GCTCCA,0.000720980533525595
GCTCGA,0
GCTCTA,0
GCTGAA,0
GCTGCA,0.000720980533525595
GCTGGA,0
GCTGTA,0.000720980533525595
GCTTAA,0
GCTTCA,0
GCTTGA,0.000720980533525595
GCTTTA,0.000720980533525595
GGTAAA,0
GGTACA,0
GGTAGA,0
GGTATA,0.000720980533525595
GGTCAA,0
GGTCCA,0
GGTCGA,0
GGTCTA,0
GGTGAA,0.000720980533525595
GGTGCA,0
GGTGGA,0
GGTGTA,0
GGTTAA,0
GGTTCA,0
GGTTGA,0
GGTTTA,0
GTTAAA,0
GTTACA,0
GTTAGA,0
GTTATA,0
GTTCAA,0
GTTCCA,0
GTTCGA,0
GTTCTA,0
GTTGAA,0.000720980533525595
GTTGCA,0
GTTGGA,0
GTTGTA,0
GTTTAA,0
GTTTCA,0
GTTTGA,0
GTTTTA,0
TATAAA,0.000720980533525595
TATACA,0
TATAGA,0
TATATA,0
TATCAA,0.00144196106705119
TATCCA,0
TATCGA,0
TATCTA,0.000720980533525595
TATGAA,0
TATGCA,0
TATGGA,0
TATGTA,0
TATTAA,0
TATTCA,0
TATTGA,0
TATTTA,0.000720980533525595
TCTAAA,0.000720980533525595
TCTACA,0
TCTAGA,0
TCTATA,0
TCTCAA,0
TCTCCA,0.000720980533525595
TCTCGA,0.000720980533525595
TCTCTA,0.000720980533525595
TCTGAA,0
TCTGCA,0
TCTGGA,0
TCTGTA,0
TCTTAA,0
TCTTCA,0.000720980533525595
TCTTGA,0
TCTTTA,0
TGTAAA,0
TGTACA,0.000720980533525595
TGTAGA,0
TGTATA,0
TGTCAA,0.000720980533525595
TGTCCA,0
TGTCGA,0
TGTCTA,0
TGTGAA,0
TGTGCA,0
TGTGGA,0
TGTGTA,0.000720980533525595
TGTTAA,0
TGTTCA,0
TGTTGA,0
TGTTTA,0
TTTAAA,0.00360490266762797
TTTACA,0
TTTAGA,0
TTTATA,0.000720980533525595
TTTCAA,0.000720980533525595
TTTCCA,0
TTTCGA,0
TTTCTA,0
TTTGAA,0.000720980533525595
TTTGCA,0
TTTGGA,0
TTTGTA,0.000720980533525595
TTTTAA,0
TTTTCA,0.000720980533525595
TTTTGA,0.000720980533525595
TTTTTA,0
AATAAC,0.00144196106705119
AATACC,0
AATAGC,0
AATATC,0.000720980533525595
AATCAC,0
AATCCC,0
AATCGC,0.000720980533525595
AATCTC,0
AATGAC,0.000720980533525595
AATGCC,0
AATGGC,0
AATGTC,0.00144196106705119
AATTAC,0
AATTCC,0.000720980533525595
AATTGC,0.000720980533525595
AATTTC,0.000720980533525595
ACTAAC,0
ACTACC,0
ACTAGC,0
ACTATC,0
ACTCAC,0.00144196106705119
ACTCCC,0
ACTCGC,0
ACTCTC,0
ACTGAC,0.000720980533525595
ACTGCC,0.000720980533525595
ACTGGC,0
ACTGTC,0
ACTTAC,0
ACTTCC,0.000720980533525595
ACTTGC,0
ACTTTC,0
AGTAAC,0.000720980533525595
AGTACC,0
AGTAGC,0
AGTATC,0
AGTCAC,0
AGTCCC,0.000720980533525595
AGTCGC,0.00144196106705119
AGTCTC,0
AGTGAC,0
AGTGCC,0
AGTGGC,0.000720980533525595
AGTGTC,0.000720980533525595
AGTTAC,0
AGTTCC,0.00144196106705119
AGTTGC,0.00144196106705119
AGTTTC,0
ATTAAC,0
ATTACC,0
ATTAGC,0
ATTATC,0
ATTCAC,0
ATTCCC,0
ATTCGC,0.000720980533525595
ATTCTC,0
ATTGAC,0
ATTGCC,0.000720980533525595
ATTGGC,0.000720980533525595
ATTGTC,0
ATTTAC,0
ATTTCC,0
ATTTGC,0.000720980533525595
ATTTTC,0.000720980533525595
CATAAC,0
CATACC,0
CATAGC,0
CATATC,0
CATCAC,0.000720980533525595
CATCCC,0
CATCGC,0
CATCTC,0.00144196106705119
CATGAC,0.000720980533525595
CATGCC,0
CATGGC,0.000720980533525595
CATGTC,0
CATTAC,0
CATTCC,0
CATTGC,0.000720980533525595
CATTTC,0
CCTAAC,0
CCTACC,0
CCTAGC,0
CCTATC,0.000720980533525595
CCTCAC,0
CCTCCC,0.000720980533525595
CCTCGC,0
CCTCTC,0
CCTGAC,0.000720980533525595
CCTGCC,0
CCTGGC,0
CCTGTC,0
CCTTAC,0
CCTTCC,0.00144196106705119
CCTTGC,0
CCTTTC,0.000720980533525595
CGTAAC,0
CGTACC,0
CGTAGC,0
CGTATC,0
CGTCAC,0
CGTCCC,0
CGTCGC,0
CGTCTC,0.000720980533525595
CGTGAC,0.000720980533525595
CGTGCC,0
CGTGGC,0
CGTGTC,0
CGTTAC,0
CGTTCC,0
CGTTGC,0
CGTTTC,0
CTTAAC,0
CTTACC,0
CTTAGC,0.000720980533525595
CTTATC,0
CTTCAC,0
CTTCCC,0.00216294160057678
CTTCGC,0
CTTCTC,0
CTTGAC,0.00216294160057678
CTTGCC,0
CTTGGC,0
CTTGTC,0
CTTTAC,0
CTTTCC,0
CTTTGC,0
CTTTTC,0.000720980533525595
GATAAC,0
GATACC,0.00144196106705119
GATAGC,0
GATATC,0
GATCAC,0
GATCCC,0.000720980533525595
GATCGC,0.000720980533525595
GATCTC,0.000720980533525595
GATGAC,0
GATGCC,0.000720980533525595
GATGGC,0
GATGTC,0
GATTAC,0
GATTCC,0.000720980533525595
GATTGC,0.000720980533525595
GATTTC,0
GCTAAC,0
GCTACC,0.000720980533525595
GCTAGC,0
GCTATC,0
GCTCAC,0
GCTCCC,0.000720980533525595
GCTCGC,0
GCTCTC,0.00144196106705119
GCTGAC,0
GCTGCC,0
GCTGGC,0
GCTGTC,0.000720980533525595
GCTTAC,0
GCTTCC,0.000720980533525595
GCTTGC,0.000720980533525595
GCTTTC,0
GGTAAC,0
GGTACC,0
GGTAGC,0
GGTATC,0
GGTCAC,0.00144196106705119
GGTCCC,0
GGTCGC,0
GGTCTC,0
GGTGAC,0
GGTGCC,0
GGTGGC,0.000720980533525595
GGTGTC,0.00144196106705119
GGTTAC,0
GGTTCC,0.000720980533525595
GGTTGC,0
GGTTTC,0
GTTAAC,0
GTTACC,0
GTTAGC,0.000720980533525595
GTTATC,0
GTTCAC,0.000720980533525595
GTTCCC,0.00144196106705119
GTTCGC,0
GTTCTC,0
GTTGAC,0
GTTGCC,0
GTTGGC,0
GTTGTC,0
GTTTAC,0
GTTTCC,0
GTTTGC,0
GTTTTC,0
TATAAC,0.000720980533525595
TATACC,0
TATAGC,0.000720980533525595
TATATC,0.00144196106705119
TATCAC,0
TATCCC,0
TATCGC,0
TATCTC,0.000720980533525595
TATGAC,0.00144196106705119
TATGCC,0.00144196106705119
TATGGC,0.000720980533525595
TATGTC,0
TATTAC,0
TATTCC,0
TATTGC,0.000720980533525595
TATTTC,0.00144196106705119
TCTAAC,0
TCTACC,0
TCTAGC,0
TCTATC,0
TCTCAC,0
TCTCCC,0
TCTCGC,0
TCTCTC,0.000720980533525595
TCTGAC,0
TCTGCC,0.00144196106705119
TCTGGC,0
TCTGTC,0
TCTTAC,0
TCTTCC,0.000720980533525595
TCTTGC,0.00216294160057678
TCTTTC,0
TGTAAC,0.000720980533525595
TGTACC,0
TGTAGC,0.00216294160057678
TGTATC,0.000720980533525595
TGTCAC,0
TGTCCC,0
TGTCGC,0
TGTCTC,0.000720980533525595
TGTGAC,0.000720980533525595
TGTGCC,0.00144196106705119
TGTGGC,0.00144196106705119
TGTGTC,0.00144196106705119
TGTTAC,0
TGTTCC,0.000720980533525595
TGTTGC,0.000720980533525595
TGTTTC,0
TTTAAC,0.00216294160057678
TTTACC,0.000720980533525595
TTTAGC,0.00144196106705119
TTTATC,0
TTTCAC,0
TTTCCC,0
TTTCGC,0
TTTCTC,0
TTTGAC,0
TTTGCC,0.000720980533525595
TTTGGC,0.000720980533525595
TTTGTC,0
TTTTAC,0
TTTTCC,0.00216294160057678
TTTTGC,0.00144196106705119
TTTTTC,0.000720980533525595
AATAAG,0.000720980533525595
AATACG,0
AATAGG,0
AATATG,0
AATCAG,0
AATCCG,0
AATCGG,0
AATCTG,0
AATGAG,0
AATGCG,0
AATGGG,0
AATGTG,0
AATTAG,0
AATTCG,0.000720980533525595
AATTGG,0
AATTTG,0
ACTAAG,0
ACTACG,0
ACTAGG,0
ACTATG,0
ACTCAG,0
ACTCCG,0
ACTCGG,0
ACTCTG,0
ACTGAG,0
ACTGCG,0
ACTGGG,0.000720980533525595
ACTGTG,0
ACTTAG,0.000720980533525595
ACTTCG,0
ACTTGG,0.000720980533525595
ACTTTG,0
AGTAAG,0.000720980533525595
AGTACG,0
AGTAGG,0
AGTATG,0
AGTCAG,0
AGTCCG,0
AGTCGG,0
AGTCTG,0
AGTGAG,0
AGTGCG,0
AGTGGG,0
AGTGTG,0
AGTTAG,0
AGTTCG,0
AGTTGG,0.000720980533525595
AGTTTG,0
ATTAAG,0
ATTACG,0
ATTAGG,0
ATTATG,0.000720980533525595
ATTCAG,0.000720980533525595
ATTCCG,0
ATTCGG,0
ATTCTG,0
ATTGAG,0
ATTGCG,0.000720980533525595
ATTGGG,0
ATTGTG,0
ATTTAG,0
ATTTCG,0
ATTTGG,0
ATTTTG,0.000720980533525595
CATAAG,0
CATACG,0
CATAGG,0
CATATG,0.000720980533525595
CATCAG,0
CATCCG,0
CATCGG,0
CATCTG,0.000720980533525595
CATGAG,0.000720980533525595
CATGCG,0
CATGGG,0.000720980533525595
CATGTG,0
CATTAG,0
CATTCG,0
CATTGG,0
CATTTG,0
CCTAAG,0
CCTACG,0
CCTAGG,0.000720980533525595
CCTATG,0
CCTCAG,0.000720980533525595
CCTCCG,0
CCTCGG,0
CCTCTG,0
CCTGAG,0.000720980533525595
CCTGCG,0
CCTGGG,0.00144196106705119
CCTGTG,0
CCTTAG,0
CCTTCG,0
CCTTGG,0.000720980533525595
CCTTTG,0
CGTAAG,0
CGTACG,0
CGTAGG,0
CGTATG,0
CGTCAG,0
CGTCCG,0
CGTCGG,0.000720980533525595
CGTCTG,0
CGTGAG,0
CGTGCG,0
CGTGGG,0
CGTGTG,0
CGTTAG,0
CGTTCG,0
CGTTGG,0
CGTTTG,0.000720980533525595
CTTAAG,0
CTTACG,0
CTTAGG,0
CTTATG,0
CTTCAG,0.00144196106705119
CTTCCG,0.000720980533525595
CTTCGG,0
CTTCTG,0.00144196106705119
CTTGAG,0
CTTGCG,0
CTTGGG,0
CTTGTG,0
CTTTAG,0
CTTTCG,0
CTTTGG,0
CTTTTG,0.000720980533525595
GATAAG,0
GATACG,0
GATAGG,0
GATATG,0
GATCAG,0
GATCCG,0
GATCGG,0
GATCTG,0
GATGAG,0
GATGCG,0
GATGGG,0
GATGTG,0
GATTAG,0
GATTCG,0
GATTGG,0
GATTTG,0
GCTAAG,0
GCTACG,0
GCTAGG,0
GCTATG,0
GCTCAG,0
GCTCCG,0
GCTCGG,0.000720980533525595
GCTCTG,0
GCTGAG,0.000720980533525595
GCTGCG,0
GCTGGG,0
GCTGTG,0
GCTTAG,0
GCTTCG,0.000720980533525595
GCTTGG,0
GCTTTG,0
GGTAAG,0
GGTACG,0
GGTAGG,0
GGTATG,0
GGTCAG,0
GGTCCG,0
GGTCGG,0
GGTCTG,0
GGTGAG,0
GGTGCG,0.000720980533525595
GGTGGG,0
GGTGTG,0
GGTTAG,0
GGTTCG,0
GGTTGG,0
GGTTTG,0.000720980533525595
GTTAAG,0
GTTACG,0
GTTAGG,0
GTTATG,0
GTTCAG,0
GTTCCG,0
GTTCGG,0
GTTCTG,0
GTTGAG,0
GTTGCG,0
GTTGGG,0
GTTGTG,0
GTTTAG,0
GTTTCG,0
GTTTGG,0
GTTTTG,0
TATAAG,0
TATACG,0
TATAGG,0
TATATG,0
TATCAG,0
TATCCG,0
TATCGG,0
TATCTG,0
TATGAG,0
TATGCG,0
TATGGG,0
TATGTG,0.000720980533525595
TATTAG,0
TATTCG,0
TATTGG,0
TATTTG,0.000720980533525595
TCTAAG,0
TCTACG,0
TCTAGG,0
TCTATG,0
TCTCAG,0
TCTCCG,0
TCTCGG,0
TCTCTG,0
TCTGAG,0.000720980533525595
TCTGCG,0
TCTGGG,0
TCTGTG,0
TCTTAG,0
TCTTCG,0
TCTTGG,0
TCTTTG,0.000720980533525595
TGTAAG,0
TGTACG,0
TGTAGG,0
TGTATG,0
TGTCAG,0
TGTCCG,0.000720980533525595
TGTCGG,0
TGTCTG,0.000720980533525595
TGTGAG,0
TGTGCG,0
TGTGGG,0
TGTGTG,0.000720980533525595
TGTTAG,0
TGTTCG,0
TGTTGG,0
TGTTTG,0.000720980533525595
TTTAAG,0
TTTACG,0
TTTAGG,0
TTTATG,0
TTTCAG,0
TTTCCG,0.000720980533525595
TTTCGG,0
TTTCTG,0
TTTGAG,0.000720980533525595
TTTGCG,0
TTTGGG,0
TTTGTG,0
TTTTAG,0
TTTTCG,0.000720980533525595
TTTTGG,0
TTTTTG,0.000720980533525595
ACCA,0
ACCG,0
ACCT,0.000720980533525595
ACGA,0
ACGG,0
ACGT,0
ACTA,0.000720980533525595
ACTG,0
ACTT,0
ATCA,0
ATCC,0
ATCG,0
ATGA,0
ATGC,0
ATTA,0
CCAA,0.000720980533525595
CCAG,0.000720980533525595
CCAT,0.000720980533525595
CCGA,0
CCGG,0
CCGT,0
CCTA,0
CCTG,0
CCTT,0.000720980533525595
CGAT,0
CGGC,0
CGGT,0
CGTA,0
CGTC,0
CGTT,0.000720980533525595
CTAA,0
CTAC,0
CTAG,0
CTGA,0.000720980533525595
CTGC,0
CTGG,0
CTTA,0
CTTC,0
CTTG,0
GCAA,0
GCAG,0
GCAT,0
GCCA,0
GCCG,0
GCTA,0
TAAT,0
TACG,0
TACT,0
TAGC,0
TAGG,0
TAGT,0
TCAA,0
TCAG,0
TCAT,0.000720980533525595
TCCA,0.000720980533525595
TCCG,0
TCCT,0
TCGA,0
TCGG,0
TCGT,0
TGAA,0.000720980533525595
TGAC,0
TGAT,0
TGCA,0
TGCC,0
TGCT,0
TGGA,0
TGGC,0
TGGT,0
TTAA,0
TTAC,0
TTAG,0
TTCA,0
TTCC,0
TTCG,0
TTGA,0
TTGC,0
TTGG,0.000720980533525595
DEL:C:1:0,0.00360490266762797
DEL:C:1:1,0.00360490266762797
DEL:C:1:2,0
DEL:C:1:3,0.00144196106705119
DEL:C:1:4,0.000720980533525595
DEL:C:1:5+,0.00144196106705119
DEL:T:1:0,0.00144196106705119
DEL:T:1:1,0
DEL:T:1:2,0
DEL:T:1:3,0.00216294160057678
DEL:T:1:4,0.000720980533525595
DEL:T:1:5+,0.00288392213410238
INS:C:1:0,0.00144196106705119
INS:C:1:1,0
INS:C:1:2,0.000720980533525595
INS:C:1:3,0
INS:C:1:4,0
INS:C:1:5+,0.00144196106705119
INS:T:1:0,0
INS:T:1:1,0.00360490266762797
INS:T:1:2,0.000720980533525595
INS:T:1:3,0.000720980533525595
INS:T:1:4,0
INS:T:1:5+,0.00504686373467916
DEL:repeats:2:0,0.00144196106705119
DEL:repeats:2:1,0.00288392213410238
DEL:repeats:2:2,0
DEL:repeats:2:3,0
DEL:repeats:2:4,0
DEL:repeats:2:5+,0
DEL:repeats:3:0,0.000720980533525595
DEL:repeats:3:1,0.00216294160057678
DEL:repeats:3:2,0
DEL:repeats:3:3,0
DEL:repeats:3:4,0
DEL:repeats:3:5+,0
DEL:repeats:4:0,0.000720980533525595
DEL:repeats:4:1,0
DEL:repeats:4:2,0
DEL:repeats:4:3,0
DEL:repeats:4:4,0
DEL:repeats:4:5+,0
DEL:repeats:5+:0,0.00360490266762797
DEL:repeats:5+:1,0
DEL:repeats:5+:2,0
DEL:repeats:5+:3,0
DEL:repeats:5+:4,0
DEL:repeats:5+:5+,0
INS:repeats:2:0,0.000720980533525595
INS:repeats:2:1,0
INS:repeats:2:2,0.000720980533525595
INS:repeats:2:3,0
INS:repeats:2:4,0
INS:repeats:2:5+,0
INS:repeats:3:0,0
INS:repeats:3:1,0
INS:repeats:3:2,0
INS:repeats:3:3,0
INS:repeats:3:4,0
INS:repeats:3:5+,0
INS:repeats:4:0,0.000720980533525595
INS:repeats:4:1,0
INS:repeats:4:2,0
INS:repeats:4:3,0
INS:repeats:4:4,0
INS:repeats:4:5+,0
INS:repeats:5+:0,0
INS:repeats:5+:1,0.000720980533525595
INS:repeats:5+:2,0
INS:repeats:5+:3,0
INS:repeats:5+:4,0
INS:repeats:5+:5+,0
DEL:MH:2:1,0.000720980533525595
DEL:MH:3:1,0
DEL:MH:3:2,0
DEL:MH:4:1,0
DEL:MH:4:2,0.000720980533525595
DEL:MH:4:3,0.000720980533525595
DEL:MH:5+:1,0.00216294160057678
DEL:MH:5+:2,0.00288392213410238
DEL:MH:5+:3,0.00144196106705119
DEL:MH:5+:4,0.00144196106705119
DEL:MH:5+:5+,0.000720980533525595
