Mutation Type,Mutation Subtype,Signature 1,Signature 2,Signature 3,Signature 4,Signature 5,Signature 6,Signature 7,Signature 8,Signature 9
C>A,ACA,1.0697856658e-03,1.2461877162e-03,1.8644468241e-03,5.3300244473e-02,2.4836481071e-03,5.7149740148e-03,1.9993152386e-02,3.0256295416e-02,3.7191136465e-03
C>A,ACC,2.4412692053e-03,6.4741910941e-04,1.5147431891e-03,1.6225547519e-02,1.5389648106e-03,7.6446554809e-03,1.7921578133e-02,1.4598367638e-02,2.6256222112e-03
C>A,ACG,2.2078919284e-04,1.6224127415e-04,3.4012378948e-04,2.4452119326e-03,4.1229137108e-04,1.6971982264e-03,1.7170767343e-03,3.6493546166e-03,4.0538975811e-04
C>A,ACT,1.3866122444e-03,8.2819976375e-04,1.1087226633e-03,2.2030298030e-02,8.8232132542e-04,3.3838769503e-03,1.2319721949e-02,1.6768205491e-02,1.4373334275e-03
C>G,ACA,2.0772317754e-03,6.9221829688e-04,1.3607573025e-03,1.4177767075e-03,4.2129066634e-03,8.7028980576e-03,2.2375498487e-02,1.4570105608e-02,2.8078271671e-03
C>G,ACC,1.3564447328e-03,3.7167609657e-04,9.1046830591e-04,2.4115470054e-03,1.3906384474e-03,4.2158691927e-03,1.3158406281e-02,1.0695172994e-02,1.4555715582e-03
C>G,ACG,1.5527816033e-04,7.6228117165e-05,2.1485059227e-04,2.0026438034e-03,2.8695911099e-04,1.9605260114e-03,6.2792885555e-07,2.9535656790e-03,5.5284250376e-04
C>G,ACT,1.3709217838e-03,8.6655915232e-04,1.3173952932e-03,3.8834176271e-03,4.2485612059e-03,8.3675452022e-03,1.9318721486e-02,1.8255979077e-02,1.8349599743e-03
C>T,ACA,2.5250800531e-02,3.2340684525e-03,4.6016083101e-03,9.4459821995e-03,1.0293544714e-02,4.3007962669e-02,1.4791642933e-02,2.3774295260e-02,1.2632230897e-02
C>T,ACC,6.6399367692e-03,1.3166013010e-03,3.1875697940e-03,4.8800237532e-03,1.8352536377e-03,2.2484489437e-02,1.3612959567e-02,1.4346218357e-02,5.8707483331e-03
C>T,ACG,3.5484980177e-01,1.2025134934e-02,2.7440094314e-02,2.3965653184e-03,3.1170030805e-02,4.3588942351e-03,3.8011690990e-03,6.7244514594e-03,7.8825196981e-02
C>T,ACT,9.9729396753e-03,1.7664955310e-03,4.0446971317e-03,8.2778984724e-03,2.7927136271e-03,2.7510774470e-02,1.2696596019e-02,2.0963762206e-02,6.7101926056e-03
T>A,ATA,9.4386744218e-04,4.8093196178e-04,8.3397584417e-04,2.6245936023e-03,6.3853071138e-04,8.8902375698e-03,5.9321735389e-03,7.4584184360e-03,2.2322529253e-03
T>A,ATC,2.3853321992e-03,7.0501002912e-04,1.5001720160e-03,8.4971804031e-04,7.1751845133e-04,8.3573767360e-03,8.2453678454e-03,4.9374293126e-03,2.3405444605e-03
T>A,ATG,1.3733317393e-03,6.3149654200e-04,9.6039866144e-04,2.6870024944e-03,1.2419188102e-03,1.0675025305e-02,1.0841571808e-02,7.9485633406e-03,2.2011628182e-03
T>A,ATT,3.3298926702e-04,9.0110402248e-04,7.2659546590e-04,8.0411750646e-03,1.0171706927e-03,5.2961362798e-03,5.9178245402e-03,1.3645660012e-02,2.1848415264e-03
T>C,ATA,2.4278188617e-03,2.9641301695e-03,3.6150242846e-03,3.1933611366e-03,4.8279615071e-03,6.5359232998e-02,1.8180515700e-02,2.1375348720e-02,9.5383875522e-03
T>C,ATC,3.3370166168e-03,1.0642931491e-03,1.3722023561e-03,2.3004682537e-03,1.2647402896e-03,1.7475664406e-02,8.2358799649e-03,8.2140203054e-03,1.1005308932e-02
T>C,ATG,1.1787462158e-03,2.3203381271e-03,2.8295727936e-03,3.1979891102e-03,3.0669295527e-03,5.4362979740e-02,1.3408405288e-02,1.7818099422e-02,7.8743914198e-03
T>C,ATT,6.7099313072e-03,2.9166055641e-03,3.5977148711e-03,4.9792599192e-03,3.9368443673e-03,5.2029708028e-02,1.8728188662e-02,2.2715911948e-02,1.3656810780e-02
T>G,ATA,2.7909364752e-04,1.4750683026e-03,5.9055989634e-04,5.1750922721e-04,3.9066266471e-04,3.1733829742e-03,3.9857609182e-03,1.0162956693e-02,1.1185878842e-03
T>G,ATC,2.2434239377e-04,4.1807687213e-03,4.6009647586e-04,6.8052047908e-04,3.2685893143e-04,1.4193253442e-03,2.3453065022e-03,1.0080260907e-02,7.4230067622e-04
T>G,ATG,4.2982914849e-04,1.3806884502e-03,7.3707012348e-04,2.0568889699e-03,6.3387196655e-04,9.0441440632e-03,6.7102213646e-03,1.0417863283e-02,2.0755779011e-03
T>G,ATT,1.8644430686e-04,6.3156690130e-02,6.1522277561e-04,1.1188762419e-03,8.5755717119e-04,5.4260728898e-04,1.6893087376e-03,2.4165999555e-02,7.9748817691e-03
C>A,CCA,3.7589754055e-04,6.9799169528e-04,1.4840319276e-03,7.7066715596e-02,1.7630320704e-03,8.3090015208e-05,2.1936058957e-02,1.4798425751e-02,1.7422939558e-03
C>A,CCC,1.8358626059e-03,3.9771580426e-04,1.3118620132e-03,1.9843100407e-02,1.4498848988e-03,3.1027606811e-04,2.8230886967e-02,1.4926799644e-02,2.1879810610e-03
C>A,CCG,1.5903485574e-04,2.4681644692e-04,3.2230727129e-04,1.2650174583e-02,2.2539922088e-04,4.1348658295e-03,2.3066520543e-03,1.0325006099e-03,7.0245412974e-04
C>A,CCT,1.7874163651e-04,5.2373122475e-04,1.2594134181e-03,3.7569816696e-02,4.7313247709e-04,2.4043265955e-03,1.5611463549e-02,1.3358609318e-02,1.3198302500e-03
C>G,CCA,1.7898762751e-04,5.2273155550e-04,7.3771195967e-04,3.3538638875e-04,5.2211041822e-03,5.2543443327e-03,2.2385130594e-02,7.8018206560e-03,1.5055958536e-03
C>G,CCC,3.3541066454e-04,5.0227112450e-04,1.2669337307e-03,2.1663261691e-03,1.2317008436e-03,9.0122196529e-03,1.6023917872e-02,1.1092301434e-02,1.7780834138e-03
C>G,CCG,4.0993553348e-04,2.0111459401e-04,3.4853335047e-04,3.7706593745e-03,6.2836265756e-04,3.1026577934e-03,1.4942520128e-03,1.4509052169e-03,6.7003342257e-04
C>G,CCT,2.7870169578e-04,6.3067014560e-04,1.2911643288e-03,3.4719058454e-03,6.0889599939e-03,6.7434981963e-03,2.5226305773e-02,1.6373257887e-02,1.6612276778e-03
C>T,CCA,2.4522138082e-03,1.5538808711e-03,5.5610802246e-03,1.2089442275e-02,1.6722096741e-03,2.1723011714e-02,1.7057457825e-02,2.3890976472e-02,4.7849665301e-03
C>T,CCC,7.9351664059e-04,1.1441530570e-03,1.9565314977e-03,6.9360341655e-03,2.5869639651e-03,2.1308908554e-02,2.2394267966e-02,2.0648960216e-02,4.6435029228e-03
C>T,CCG,1.9098269638e-01,7.7339765539e-03,1.7999881200e-02,1.2553160876e-02,1.9198273873e-02,2.3957516249e-02,2.3866917864e-03,3.2546867677e-03,4.6445154882e-02
C>T,CCT,8.7240656163e-04,1.4166195947e-03,3.4064101381e-03,6.7853600528e-03,2.9351810359e-03,2.5942651074e-02,2.5383991358e-02,2.6492585862e-02,5.5261047996e-03
T>A,CTA,1.6240096180e-04,2.7713903199e-04,5.6632327806e-04,5.3162452164e-04,4.5550788951e-04,3.9002925910e-03,9.4575877455e-03,3.5547325068e-18,8.4222308979e-04
T>A,CTC,4.9763590970e-04,2.0501752398e-03,9.7610547546e-04,2.7250688505e-03,7.8215397466e-04,1.7881789766e-03,1.9387092768e-02,6.8946691748e-03,2.5381246380e-02
T>A,CTG,4.7620683504e-04,8.3334595301e-04,7.0729432362e-04,3.1717259475e-03,6.0173302837e-04,4.2648635818e-03,1.5116176299e-02,1.9036021050e-03,8.4693285774e-03
T>A,CTT,2.9961391677e-04,6.9392647738e-03,7.1123689879e-04,1.7753298755e-03,9.7288208694e-04,3.6167103029e-05,1.2067370444e-02,9.3748930197e-03,4.4581528462e-02
T>C,CTA,3.7441986372e-04,1.3067361451e-03,1.3512351572e-03,4.3578936982e-04,1.1314434001e-03,1.6095768194e-02,9.3013264581e-03,1.3897143092e-02,9.1516146249e-03
T>C,CTC,2.6362532067e-03,5.6581102974e-03,1.6243347918e-03,1.8261443202e-03,1.3961865355e-03,7.0722300357e-03,1.1246155600e-02,6.5241489609e-03,1.0762195305e-01
T>C,CTG,9.3453171094e-04,4.3632118862e-03,1.7873150935e-03,1.8503720728e-03,1.6127306073e-03,2.6324983986e-02,8.5511583840e-03,9.7269734581e-03,5.7206520137e-02
T>C,CTT,2.7226624053e-04,1.5287499376e-02,2.2906043216e-03,1.3797753023e-03,1.8515588592e-03,7.2262141657e-03,4.8422947919e-03,3.8353502698e-03,2.6186378212e-01
T>G,CTA,1.0143021567e-04,2.0202585471e-03,3.2546637482e-04,5.6201553201e-05,3.5666198914e-04,2.3048254294e-03,4.9156561630e-03,4.1976200032e-03,5.6042067675e-04
T>G,CTC,3.0414138857e-04,2.8934817011e-02,6.0688438907e-04,1.8227770529e-03,4.1661845501e-04,4.0841375117e-03,7.4495596117e-03,5.9256195610e-03,1.2731075054e-03
T>G,CTG,3.1894865465e-04,1.2907180669e-02,7.1266686455e-04,2.9133348244e-03,4.7610948522e-04,6.0274831591e-03,1.2080717382e-02,5.4945929726e-03,1.0778211415e-03
T>G,CTT,1.9945987712e-04,5.0290304709e-01,6.5220522044e-04,1.9459472321e-03,6.0620012917e-04,2.1786240735e-03,7.2096334226e-05,7.7199540445e-05,7.6048079517e-04
C>A,GCA,1.6926633794e-03,1.8789534895e-03,1.4470651937e-03,1.1448228958e-01,1.2551668148e-03,8.7473899892e-03,2.5282464682e-03,7.6327609318e-05,4.2186283791e-03
C>A,GCC,4.6904358404e-04,4.7002617428e-04,8.7131712813e-04,1.7980009807e-02,9.6216921029e-04,6.8360303938e-03,1.1400674864e-02,1.0325276206e-02,2.1066801721e-03
C>A,GCG,6.2131542498e-04,2.3119617188e-04,2.7657000520e-04,7.9248779887e-03,3.8294564950e-04,2.5454466343e-03,1.1458326142e-03,2.1652720855e-03,7.0821111478e-04
C>A,GCT,1.4612266093e-04,1.0135150514e-03,9.9697478668e-04,6.5326592176e-02,3.1214185027e-04,4.7119304610e-03,8.3857441217e-03,3.2869542771e-03,1.5401344921e-03
C>G,GCA,1.4617089607e-04,2.6048485640e-04,5.8734613522e-04,4.5377214690e-04,1.6746229582e-03,3.5992364730e-03,1.4744374832e-02,5.3072921105e-03,1.3397643541e-03
C>G,GCC,2.6648636274e-04,2.8919906024e-04,8.1066426911e-04,1.2359564178e-03,8.2610497010e-04,4.8688548300e-03,9.8098870585e-03,6.2852943853e-03,1.5052459969e-03
C>G,GCG,2.0283833042e-04,8.6231843540e-05,1.8589745304e-04,6.1531618886e-04,3.2910173292e-04,1.5934886629e-03,2.7613745542e-03,1.2148808537e-03,4.7962739415e-04
C>G,GCT,1.8790930708e-04,3.2761373757e-04,9.6781170595e-04,1.0972513196e-03,2.7386725572e-03,5.8635161386e-03,1.6944125514e-02,7.6154345879e-03,1.4280057913e-03
C>T,GCA,4.8536782784e-03,1.3305013186e-03,2.0440328834e-03,1.0103822924e-02,7.7113584347e-03,2.3395401835e-02,1.7845218128e-02,1.5784740997e-02,5.6624337947e-03
C>T,GCC,7.2599597111e-04,1.4505005621e-03,1.8270975396e-03,8.9239858867e-03,2.2494216997e-03,2.8505937474e-02,1.4749283854e-02,1.2292874062e-02,4.2122578909e-03
C>T,GCG,2.1221759715e-01,8.3931080524e-03,1.7041276968e-02,9.6937348533e-03,1.8982668588e-02,1.6509278333e-02,7.2162410642e-04,1.5395916401e-03,5.0037875452e-02
C>T,GCT,5.8237195788e-04,1.0690318691e-03,1.6139865227e-03,7.2172956660e-03,2.3965856156e-03,2.3740445374e-02,1.2132513588e-02,1.4917014454e-02,3.7552404184e-03
T>A,GTA,1.7083505153e-04,3.2487820415e-04,4.8218340514e-04,1.5849554844e-03,2.7963460479e-04,3.7898752573e-03,8.2021991048e-03,2.3855516886e-03,7.1570800506e-04
T>A,GTC,2.0902554058e-04,4.6617632276e-04,4.5649371054e-04,1.8819124156e-03,3.5027057265e-04,2.1334525832e-03,8.5148822423e-03,3.4879034734e-03,2.4769606339e-03
T>A,GTG,3.4254583663e-04,4.3850196329e-04,5.3546807806e-04,1.7317578646e-03,4.2351323543e-04,3.0763325424e-03,1.3487571393e-02,4.3645029143e-03,1.2229662804e-03
T>A,GTT,2.9511972305e-04,1.5791198084e-03,6.0117264726e-04,3.3279386089e-03,6.5844305193e-04,9.7318563772e-04,1.3981938582e-02,6.0215944822e-03,3.3067855282e-03
T>C,GTA,1.4285327078e-03,9.6229705501e-04,1.1664494562e-03,9.4759520912e-04,1.3391348869e-03,1.8979866559e-02,1.1483796235e-02,6.2720562827e-03,3.1014749549e-03
T>C,GTC,2.0683337932e-03,1.7954372788e-03,9.2317754193e-04,2.3986486730e-03,8.6228950733e-04,9.9174360965e-03,5.8389407764e-03,4.5811689352e-03,1.1032809112e-02
T>C,GTG,1.5899704681e-03,1.8468084929e-03,1.2801558674e-03,4.4103804118e-03,1.2896486829e-03,2.0247838153e-02,1.2402121592e-02,4.7353643145e-03,5.2717534502e-03
T>C,GTT,4.3706611495e-04,2.1165036153e-03,1.2945234988e-03,3.4595603676e-03,9.6154583137e-04,1.7716620055e-02,1.1353782212e-02,7.6416048216e-03,5.8964626070e-03
T>G,GTA,1.0521890394e-04,3.4093458016e-04,5.0219560724e-04,8.4624972722e-04,3.0284553450e-04,2.4171337662e-03,5.0151175156e-03,2.7467025988e-03,7.9348688519e-04
T>G,GTC,6.3782432309e-05,5.7710185254e-03,2.1492444043e-04,2.4007668439e-05,1.5130202533e-04,1.5828822685e-03,2.5129611522e-03,2.7337327176e-03,4.0417614420e-04
T>G,GTG,4.9880389307e-04,1.6542141296e-03,6.6365786291e-04,5.9382551810e-03,7.3242283004e-04,5.0404690760e-03,1.2440193302e-02,3.6064559516e-03,1.5672848687e-03
T>G,GTT,4.7372080121e-05,1.0423263421e-01,2.4666037929e-04,1.5607718664e-03,2.2942522361e-04,2.3493021283e-05,4.7679544674e-03,3.1655656121e-03,4.0652510796e-03
C>A,TCA,2.1182631727e-04,6.9733102028e-04,2.1105640514e-03,7.6687620695e-02,6.5777676696e-02,3.0041475372e-04,2.3205807996e-03,2.1297403211e-02,1.5174897436e-03
C>A,TCC,2.6121392161e-03,6.1419841476e-04,1.8148289109e-03,4.5066525466e-02,2.5259481856e-02,3.8107394081e-03,1.5604998119e-02,2.0061072982e-02,2.2328586370e-03
C>A,TCG,7.3871124221e-05,2.7757519286e-04,4.7143352673e-04,1.3284231588e-02,1.0059056102e-02,1.9936478088e-03,5.1495101009e-04,1.5760390759e-03,5.9656218846e-04
C>A,TCT,2.8574671096e-04,3.3657592123e-03,2.1876396161e-03,1.2787670846e-01,2.9917989457e-02,8.3272694102e-03,3.5011229292e-03,1.0759582085e-02,3.1599418900e-03
C>G,TCA,4.5382798876e-04,9.5427652424e-04,1.9662915639e-03,1.0389459823e-03,2.6224169172e-01,5.6636534139e-04,6.1355509745e-03,7.2880126338e-04,3.1811183661e-03
C>G,TCC,4.2180344457e-04,4.9516631331e-04,1.3890939815e-03,4.1315023170e-03,5.3212835379e-02,2.9145450415e-03,2.1221471807e-02,1.4262202125e-02,1.4644555402e-03
C>G,TCG,1.3186188539e-04,1.1621181447e-04,2.8094387032e-04,9.2379901220e-04,1.1521034429e-02,1.8361727419e-03,4.4201719311e-05,1.6105124490e-03,5.4797403937e-04
C>G,TCT,2.1717942374e-03,2.5427111516e-03,3.8409445588e-03,1.5443600966e-03,3.0570924333e-01,1.8076721385e-03,1.5969659405e-02,1.3584221091e-02,2.0138660168e-03
C>T,TCA,2.3060168784e-03,2.1585765627e-03,4.4334639675e-01,9.6776699710e-03,1.5838875877e-02,1.8849648400e-03,1.2602152299e-03,1.9052043841e-02,2.5780396728e-03
C>T,TCC,8.2225831399e-04,2.0388537683e-03,8.2228106469e-02,1.1544261261e-02,6.9704979258e-03,2.3447547686e-02,1.2861522879e-02,2.5290503645e-02,4.2133452208e-03
C>T,TCG,1.0742623112e-01,4.5751165280e-03,4.5612145929e-02,9.6373657755e-03,1.1782264288e-02,2.1400348337e-02,7.0004270297e-04,2.6177415233e-04,2.6998162433e-02
C>T,TCT,9.5237561436e-04,2.5637257454e-03,2.4881442043e-01,2.8152022947e-03,7.5036635566e-03,1.4029192864e-02,6.3301639565e-03,1.8229860981e-02,3.1238385723e-03
T>A,TTA,6.6862061635e-03,1.6915009919e-03,1.6612311361e-03,1.1083550332e-02,1.2366041651e-03,6.4057200209e-03,6.7090646695e-03,7.6176759706e-03,2.7162047425e-03
T>A,TTC,1.1650723801e-04,3.4451017360e-04,8.5301342551e-04,2.4001066937e-03,5.8754726336e-04,1.3048354810e-03,1.1394010686e-02,1.3449186404e-02,4.0227133805e-03
T>A,TTG,1.4410758926e-04,2.6544749367e-04,5.1090168999e-04,1.8025024615e-03,5.4139468059e-04,4.8392560023e-03,7.4890596368e-03,5.9398060667e-03,1.8623136877e-03
T>A,TTT,2.4163734799e-03,1.6261720801e-03,1.4605183490e-03,6.7415500091e-03,1.1157170963e-03,4.8760897960e-03,1.3248414637e-02,2.8689209132e-02,3.1587923909e-03
T>C,TTA,7.6111572474e-04,1.9646589993e-03,1.5325643201e-03,2.0494042395e-03,1.3302526519e-03,2.2943420326e-02,1.7275920179e-02,1.1314752947e-02,4.8883807282e-03
T>C,TTC,3.5843538364e-03,1.6120103181e-03,1.1597095988e-03,6.3228287076e-03,1.0296356008e-03,1.1123996793e-02,9.4297687862e-03,7.9138873105e-03,1.1955486457e-02
T>C,TTG,7.9599707141e-04,1.8814104205e-03,1.1425136142e-03,3.6440443107e-03,1.0555500465e-03,1.7156717422e-02,7.6258788552e-03,6.2982262891e-03,3.8702178235e-03
T>C,TTT,4.7644060597e-03,2.0059533445e-03,1.9407487925e-03,3.6138340783e-03,2.1774262448e-03,2.3457722055e-02,1.5101516308e-02,1.0676140213e-02,1.7206740096e-02
T>G,TTA,1.4259072647e-04,2.3803229013e-04,6.5043999086e-04,5.9125941359e-04,6.2059909584e-04,4.3620736578e-03,7.8811793649e-03,1.1458524057e-02,9.8798585300e-04
T>G,TTC,2.4446551956e-04,8.3020888873e-03,7.7760676434e-04,1.9376976014e-03,5.4919404925e-04,5.6866287367e-03,6.2717667617e-03,1.5553448435e-02,1.1844980014e-03
T>G,TTG,7.3955727127e-04,4.7212082642e-03,8.5551988452e-04,1.3302510790e-03,6.9549551768e-04,6.8910646577e-03,8.7417772861e-03,1.1192903809e-02,1.7829028267e-03
T>G,TTT,3.3449763389e-04,1.1215600452e-01,1.3537033745e-03,4.4511469919e-03,1.2624466324e-03,1.0861433502e-02,8.3448584511e-03,3.1159117676e-02,4.3075537298e-03
