Mutation Type,Mutation Subtype,Signature 1,Signature 2,Signature 3,Signature 4,Signature 5,Signature 6,Signature 7
C>A,ACA,6.9654218548e-04,1.3826374683e-03,9.0616632098e-03,7.3475243406e-03,5.8538523950e-02,2.3219594377e-02,2.8284820651e-03
C>A,ACC,2.7532635344e-03,5.0784916010e-04,3.6867462462e-03,7.8877162524e-03,1.6613047213e-02,1.7348357721e-02,1.2874310381e-03
C>A,ACG,1.2261253185e-04,1.8569165342e-04,1.6017887859e-03,1.9631762855e-03,3.1079819202e-03,2.3162603802e-03,5.1468801796e-04
C>A,ACT,1.0869723116e-03,8.6247573984e-04,5.0962025622e-03,4.2942209801e-03,2.4579757357e-02,1.4093497375e-02,9.9478835585e-04
C>G,ACA,2.7243761851e-03,4.7786264381e-04,2.8247821173e-03,8.8738055678e-03,1.6481609316e-03,2.0872067653e-02,3.9776136026e-03
C>G,ACC,1.4813688089e-03,2.8352319038e-04,2.5938006244e-03,4.6310314100e-03,2.9991646962e-03,1.3179923598e-02,1.3244768716e-03
C>G,ACG,5.3798152464e-05,9.6105018714e-05,1.8447200358e-03,2.3230692685e-03,2.9358990170e-03,5.4048008172e-04,4.2695149179e-04
C>G,ACT,1.5312464273e-03,7.6612690826e-04,4.9901860404e-03,9.1589410931e-03,5.1013052651e-03,2.0149047135e-02,4.3873833280e-03
C>T,ACA,2.4607265415e-02,2.2442599345e-03,1.3901876567e-02,4.2354915220e-02,1.0467857838e-02,1.5886912843e-02,9.8787894617e-03
C>T,ACC,7.1466699491e-03,8.9659129427e-04,6.6224014581e-03,2.2058476081e-02,5.1426632179e-03,1.3570642288e-02,1.3747928759e-03
C>T,ACG,3.2548229488e-01,9.2054608625e-04,3.8002886005e-02,1.8384641090e-08,1.1509831943e-03,5.5411537668e-03,2.4172033874e-02
C>T,ACT,9.7624527233e-03,1.3173464208e-03,1.1639237138e-02,2.7830945147e-02,1.0019214819e-02,1.4365219126e-02,2.5458743378e-03
T>A,ATA,1.1671857600e-03,3.9880801787e-04,2.9762003568e-03,9.0267653603e-03,3.0856317719e-03,6.3630514976e-03,5.4290369264e-04
T>A,ATC,2.8456158396e-03,5.1865769060e-04,1.6758092623e-03,7.8830033920e-03,5.9091684576e-04,7.2617687841e-03,3.9927838945e-04
T>A,ATG,1.9643401552e-03,4.6678690527e-04,2.0734505037e-03,1.0332414237e-02,2.6006680548e-03,1.0024010299e-02,9.6253857131e-04
T>A,ATT,5.9945230984e-05,1.0627981520e-03,5.4968185732e-03,6.3981313950e-03,1.0663503538e-02,8.5307769326e-03,1.3345490932e-03
T>C,ATA,5.4820863017e-03,2.2442217350e-03,9.8160722589e-03,6.2355621288e-02,2.4162936747e-03,1.6888703580e-02,3.6163613889e-03
T>C,ATC,4.2020950201e-03,8.4459775667e-04,3.2054482038e-03,1.7242774708e-02,2.1425278853e-03,8.2687465725e-03,9.3040661278e-04
T>C,ATG,3.6812240872e-03,1.7989707323e-03,8.4869787739e-03,5.2076798839e-02,2.6734135870e-03,1.2756383501e-02,2.0888168069e-03
T>C,ATT,8.6814081517e-03,2.2822042245e-03,1.0266416713e-02,5.0650914138e-02,4.9326030533e-03,1.8632631109e-02,3.0204618380e-03
T>G,ATA,1.6791505729e-05,1.8139197323e-03,4.3526552853e-03,4.1369883988e-03,2.0010056596e-03,6.5060413124e-03,6.6284512845e-04
T>G,ATC,3.3978241092e-07,5.2908166643e-03,4.5206401436e-03,2.3802044027e-03,2.4719416800e-03,5.3246465214e-03,6.4114919739e-04
T>G,ATG,4.8891759699e-04,1.4632493754e-03,4.1280742920e-03,9.6292810819e-03,3.0623876095e-03,8.0083346812e-03,7.0549401737e-04
T>G,ATT,4.0055369291e-18,7.5800521046e-02,1.0632541459e-02,3.1368996298e-03,5.8029764037e-03,9.6907781907e-03,1.9200330653e-03
C>A,CCA,9.4705165692e-04,5.6240046237e-04,2.1922594749e-03,4.4150113518e-07,7.3959476139e-02,1.9066215624e-02,1.4747194868e-03
C>A,CCC,2.3657837329e-03,2.4325638742e-04,1.6334477445e-03,7.6176936889e-04,1.9141802753e-02,2.4949572348e-02,1.1200561838e-03
C>A,CCG,5.2604982532e-04,1.7745807439e-04,1.8704039037e-04,3.5769617893e-03,1.1389919518e-02,1.6155233254e-03,1.3887553333e-04
C>A,CCT,4.3019681339e-04,4.8808963998e-04,2.8470211178e-03,2.6762259734e-03,3.7630911306e-02,1.4855063877e-02,3.5786081926e-04
C>G,CCA,1.2260875659e-03,3.4383383571e-04,2.1631855144e-04,4.8063838039e-03,1.0363489199e-04,1.7799826439e-02,4.6583799366e-03
C>G,CCC,9.5909935522e-04,3.7982535079e-04,2.5912441946e-03,9.0103477913e-03,2.3395566046e-03,1.4965833312e-02,9.5990303558e-04
C>G,CCG,5.7271963211e-04,1.5856900752e-04,5.4990951423e-04,2.9365890021e-03,3.6130035052e-03,1.3234449139e-03,5.6561814297e-04
C>G,CCT,9.6759326536e-04,5.0373272132e-04,2.9202499094e-03,7.1458414489e-03,3.8834846394e-03,2.3534870810e-02,5.9429086100e-03
C>T,CCA,2.6987499873e-03,1.4129898359e-03,1.2159095551e-02,2.2525643710e-02,1.4291965833e-02,1.9016435048e-02,1.6623129403e-03
C>T,CCC,1.7705259587e-03,9.1998615917e-04,6.1926999499e-03,2.1412689663e-02,7.7662251576e-03,2.2250353729e-02,2.2399887767e-03
C>T,CCG,1.7698638011e-01,1.2173333781e-03,2.0335073872e-02,1.9858904560e-02,9.4175564095e-03,2.3423874739e-03,1.4428541780e-02
C>T,CCT,1.7806912896e-03,1.1817608864e-03,9.5389082238e-03,2.6481327881e-02,8.1795800387e-03,2.6251180087e-02,2.7267706044e-03
T>A,CTA,7.9357267324e-04,1.3925607082e-04,1.0500023072e-07,2.8476101205e-03,1.2224721782e-05,5.8721073615e-03,7.2817088554e-05
T>A,CTC,1.8867154159e-03,1.9925858762e-03,1.1805051096e-04,2.8297258628e-03,2.0897521232e-03,1.7207984473e-02,5.8544188143e-04
T>A,CTG,1.5296764082e-03,6.0990322935e-04,6.0080445134e-07,3.6284008435e-03,1.7886889348e-03,1.0906211966e-02,1.5869849876e-04
T>A,CTT,1.7185252303e-03,7.7064435086e-03,9.4535198895e-04,2.7319802410e-03,2.0423309026e-03,1.5025711526e-02,1.2532622289e-03
T>C,CTA,8.9491869611e-04,1.3418403288e-03,5.7974957150e-03,1.6999977682e-02,1.2701162782e-03,1.1080775481e-02,1.1623580652e-03
T>C,CTC,6.4520512592e-03,6.4378542588e-03,2.0313248212e-04,1.2145307620e-02,1.1726405469e-03,1.6171112282e-02,1.3321426001e-03
T>C,CTG,3.9269901428e-03,4.6312841735e-03,3.3104976728e-03,2.8200844418e-02,1.3279522407e-03,1.1025698504e-02,1.3778831501e-03
T>C,CTT,8.8959437501e-03,1.8381757042e-02,5.7440560136e-18,2.0230552266e-02,1.2325705454e-04,1.9126873990e-02,2.1260670331e-03
T>G,CTA,2.1357317505e-04,2.1014122532e-03,1.0393966033e-03,2.4578191647e-03,2.1357548341e-04,5.0111512646e-03,3.1505244920e-04
T>G,CTC,6.3988140768e-04,2.9812426444e-02,1.3863064825e-03,4.1017683902e-03,1.9126935054e-03,7.2264001497e-03,3.0865693014e-04
T>G,CTG,1.0214444670e-03,1.2596545640e-02,6.2210631364e-04,5.5614855915e-03,2.4124097409e-03,1.0120337133e-02,2.2594003515e-04
T>G,CTT,2.0145545122e-03,5.0529591366e-01,7.8758372159e-07,1.6070792082e-04,4.7829839484e-05,4.6605551303e-06,1.1944764708e-04
C>A,GCA,2.9959904183e-03,1.4290323753e-03,3.3272684990e-05,6.2162153212e-03,1.0334562210e-01,3.7363139100e-07,8.9825521230e-04
C>A,GCC,8.4926795678e-04,3.8852516688e-04,2.5701858245e-03,6.9159062079e-03,1.8185416149e-02,1.1061570243e-02,7.9738921638e-04
C>A,GCG,6.7806332360e-04,1.9260195658e-04,8.2817274053e-04,2.4955424460e-03,8.0140403197e-03,1.1757858557e-03,3.4757895304e-04
C>A,GCT,9.6288253508e-04,8.1698626285e-04,4.2628838202e-04,3.4170247920e-03,5.9418821898e-02,5.8161156914e-03,1.4727408403e-04
C>G,GCA,8.2624646370e-04,1.4749234474e-04,2.7779721998e-04,3.3301722332e-03,2.4604885497e-04,1.1850914724e-02,1.3484425950e-03
C>G,GCC,6.8549469909e-04,2.0720928039e-04,1.3715871632e-03,4.8517538869e-03,1.2969269893e-03,9.0239297624e-03,6.7311323314e-04
C>G,GCG,3.7222150135e-04,5.1285625792e-05,1.4114286199e-04,1.4727419152e-03,4.8750185370e-04,2.2989991991e-03,2.5445993436e-04
C>G,GCT,9.8137718903e-04,1.9556262317e-04,8.9358426616e-04,5.5728373503e-03,8.7478725207e-04,1.4247407507e-02,2.4332674584e-03
C>T,GCA,5.7890319704e-03,9.1200180167e-04,5.2492080472e-03,2.2722778315e-02,1.0034173469e-02,1.6911199749e-02,7.3771803559e-03
C>T,GCC,2.3418146154e-03,1.1010208314e-03,4.1358772509e-03,2.7041822053e-02,8.1281542158e-03,1.3232955435e-02,1.5594033604e-03
C>T,GCG,1.9592090969e-01,1.3318294977e-03,2.0488729441e-02,1.2626644106e-02,6.7877384397e-03,1.0006340024e-03,1.4143319795e-02
C>T,GCT,1.4703835866e-03,8.6324333263e-04,5.8610057415e-03,2.3475434008e-02,7.7783874057e-03,1.2390769986e-02,2.1063014338e-03
T>A,GTA,6.9455309159e-04,2.1770317417e-04,1.1345459269e-04,3.3157799279e-03,1.0740549031e-03,6.2729372013e-03,1.1471892203e-04
T>A,GTC,6.3381230308e-04,3.9948714398e-04,2.7159366175e-04,2.0868772566e-03,1.6005469523e-03,7.1593624442e-03,2.0787646775e-04
T>A,GTG,9.5290880556e-04,3.0706754201e-04,1.5259075386e-04,2.7657357338e-03,1.2623940033e-03,1.0616978519e-02,1.8759743988e-04
T>A,GTT,8.0598749280e-04,1.4445490705e-03,4.2343338758e-04,1.1821322422e-03,3.0222666908e-03,1.1961237703e-02,4.5383800090e-04
T>C,GTA,2.7164998980e-03,6.4558566778e-04,1.4694611703e-03,1.7454687154e-02,2.9076457650e-04,9.5017514517e-03,7.2884320149e-04
T>C,GTC,2.8373155921e-03,1.6917757877e-03,1.4369191583e-03,9.8817660835e-03,2.0629092269e-03,5.7815317536e-03,6.4083057469e-04
T>C,GTG,3.2403582572e-03,1.4557340872e-03,6.9069727912e-04,1.8228513061e-02,2.8661453936e-03,9.6836059826e-03,5.9048209923e-04
T>C,GTT,1.7081879347e-03,1.9116050428e-03,2.1410881056e-03,1.6785800925e-02,2.8604215704e-03,1.0058604665e-02,4.8104030787e-04
T>G,GTA,3.4310544646e-04,3.0022837694e-04,5.9711277757e-04,2.3381137093e-03,7.6815466363e-04,4.4241441645e-03,2.0514408068e-04
T>G,GTC,1.1590290133e-04,6.1655486198e-03,8.1087040431e-04,1.7129112189e-03,1.4730841637e-04,2.7518976208e-03,1.5311958887e-04
T>G,GTG,1.2522894143e-03,1.4067729196e-03,1.0164127346e-04,4.3877579772e-03,4.7441868149e-03,9.5778556245e-03,4.2422339604e-04
T>G,GTT,5.5426923247e-04,1.0616373681e-01,2.4657986171e-04,6.3236453075e-05,1.2724461011e-03,4.6540128130e-03,1.7680054890e-04
C>A,TCA,2.1621250275e-06,8.6495935969e-04,8.5811680067e-03,1.2835532578e-03,8.4043428349e-02,3.9675835651e-03,7.2024880568e-02
C>A,TCC,2.3942064266e-03,5.4530018782e-04,6.2864965456e-03,4.5114296158e-03,4.7504832727e-02,1.6277322672e-02,2.7042646468e-02
C>A,TCG,2.0228158453e-04,2.8925487961e-04,7.5201170377e-04,1.8392252971e-03,1.3029931894e-02,2.5639189883e-04,1.0558367140e-02
C>A,TCT,1.1446366154e-03,3.2003864675e-03,3.6889715222e-03,7.0675984481e-03,1.2420252848e-01,1.8837014766e-03,3.1004943787e-02
C>G,TCA,1.5663523593e-03,8.2488616758e-04,3.2372518333e-04,9.6083822075e-06,8.5537255304e-04,8.3906301547e-04,2.7256956691e-01
C>G,TCC,9.4604745412e-04,3.7652700848e-04,2.7496223320e-03,3.3845774585e-03,4.7118317305e-03,1.9401280995e-02,5.5659215046e-02
C>G,TCG,1.4017631659e-04,1.2141844726e-04,1.1169969788e-03,1.9548433753e-03,1.2403085963e-03,1.2567371512e-04,1.2512729620e-02
C>G,TCT,2.8910506233e-03,2.4870560672e-03,5.2590984077e-03,2.0183325026e-03,2.7016084741e-03,1.1328744168e-02,3.2307113450e-01
C>T,TCA,4.8483693427e-03,2.2136802381e-03,3.2535366734e-01,9.2384319855e-06,4.8831147223e-03,7.2737209766e-07,1.1245196073e-02
C>T,TCC,1.7238210604e-03,2.0045515652e-03,7.1471418400e-02,2.3644657627e-02,1.2746685637e-02,1.4159910042e-02,6.5792019207e-03
C>T,TCG,1.0074016016e-01,7.0614898101e-04,3.4401674397e-02,1.7734113647e-02,5.6901728744e-03,1.2975772959e-05,8.1816918744e-03
C>T,TCT,2.9003340835e-03,2.5273610025e-03,1.8713577701e-01,1.2635061065e-02,6.4574395563e-04,5.5632182198e-03,4.9216078383e-03
T>A,TTA,6.3665882895e-03,1.4790552509e-03,3.4850484030e-03,6.3862660184e-03,1.1469345313e-02,6.8447165683e-03,1.0611314011e-03
T>A,TTC,5.6891967140e-05,4.0926972269e-04,3.5187582778e-03,2.4365013096e-03,3.8080644444e-03,1.3685766107e-02,8.0330156820e-04
T>A,TTG,4.3969567567e-04,2.3032801863e-04,1.4190288211e-03,4.9607537018e-03,1.9766671951e-03,7.3052461758e-03,4.4840538508e-04
T>A,TTT,1.1615777569e-03,2.0127189584e-03,1.1576760362e-02,7.3894910227e-03,1.1704729845e-02,1.9996038680e-02,1.8818141092e-03
T>C,TTA,2.3185291330e-03,1.7141940971e-03,2.8537406117e-03,2.1697887293e-02,1.5253122411e-03,1.5246845983e-02,6.8395560985e-04
T>C,TTC,4.2704744383e-03,1.4878687535e-03,2.3968825126e-03,1.1228990034e-02,6.1426535802e-03,9.4026606271e-03,7.6992633476e-04
T>C,TTG,1.7964871458e-03,1.6819567526e-03,2.2598268286e-03,1.6213464865e-02,3.1426843897e-03,6.8166766511e-03,6.4406766812e-04
T>C,TTT,6.3298158181e-03,1.6412964237e-03,3.0522840397e-03,2.2801160732e-02,2.8785559404e-03,1.4120815257e-02,1.4485516808e-03
T>G,TTA,3.6749237488e-05,2.4471253919e-04,3.8268114684e-03,5.2356889645e-03,1.7314221155e-03,9.8686969271e-03,7.6524617411e-04
T>G,TTC,2.0430440699e-06,9.7463756022e-03,6.4190886297e-03,7.0069529208e-03,4.2583382116e-03,9.7718837796e-03,9.0891056896e-04
T>G,TTG,7.3508615137e-04,5.1413785128e-03,3.9095975393e-03,7.5335883905e-03,2.3170492084e-03,1.0031329271e-02,7.3706104346e-04
T>G,TTT,4.0055369291e-18,1.2573970389e-01,1.3144754354e-02,1.3611887746e-02,9.3413819126e-03,1.5549394331e-02,2.1740998714e-03
