,SARandSig1,SARandSig2,SARandSig3,SARandSig4,SARandSig5,SARandSig6,SARandSig7,SARandSig8,SARandSig9,SARandSig10,SARandSig11,SARandSig12,SARandSig13,SARandSig14,SARandSig15,SARandSig16,SARandSig17,SARandSig18,SARandSig19,SARandSig20,SARandSig21,SARandSig22,SARandSig23,SARandSig24,SARandSig25,SARandSig26,SARandSig27,SARandSig28,SARandSig29,SARandSig30
ACCA,0.00358373484409003,0.00331745833261792,0.00173907743037976,0.00494597195261512,0.010379135350001,0.00161452261640992,0.0104574024199567,0.0145897527069891,0.00224391285591113,0.00803313566684776,0.0111157851738348,0.00352966233922808,0.0045882934164071,0.00276065225339149,0.00834199219468631,0.0165603255575603,0.00757234949161532,0.00653771636632221,0.00235142566149211,0.00582831410874206,0.00726547312363413,0.0112850547075508,0.00374898974720918,0.00209032917580469,0.00479947026105303,0.00187800805157196,0.00418984759654637,0.00325149918909886,0.0123462297319589,0.00799188866062861
ACCG,0.0136278440925999,0.00194076106995599,0.00254150634870265,0.00859155276411007,0.0130216994570683,0.00367337305244232,0.0081239634078456,0.00881262730597467,0.00855184015647778,0.00252206759159863,0.013694057693464,0.0044347431090729,0.00751346983455849,0.011017665906318,0.0102038805558893,0.00263109683978598,0.0107970627365395,0.0153882267086982,0.0100157478498185,0.00161103744098448,0.00428719247995889,0.00173881098788494,0.00939159539679182,0.00517800547987059,0.00240631280916446,0.00289489203578825,0.00188753301546037,0.00897968345006644,0.0047621067149991,0.0036035643762638
ACCT,0.0132343147036419,0.00179850595108812,0.0029777396619452,0.00177626116726295,0.0131135974857688,0.0123824320879534,0.00576671605924123,0.00174991249171776,0.00575022264850884,0.00712219618925866,0.00964364756893863,0.00653995574379859,0.00634372973156253,0.00562743973311283,0.00232508523268548,0.0022822811304159,0.0109724518678367,0.00596015092556219,0.00433685780014921,0.00400694388350096,0.00324312272340753,0.00154712759665184,0.0046838739616768,0.0123704144491179,0.00727209236718805,0.0020591270061581,0.00201763872532039,0.00579621098288988,0.00572951099045763,0.00774407153128099
ACGA,0.00835353883650715,0.00959432111501724,0.00431396987313688,0.00569044731782781,0.0107189342853532,0.00345882491916965,0.00363703580423774,0.00304239896090309,0.00189197355369703,0.0104000218876725,0.00358556086066015,0.0155548954062306,0.00365619294527986,0.00410090100883686,0.00885313812075249,0.0112686257984567,0.00296587350373501,0.00840292346241416,0.00404906730777807,0.00191819053798308,0.0107889864330982,0.00559407523802578,0.0118353245935182,0.00522465137661695,0.00750899733976962,0.00279808770859981,0.00306028827094352,0.0148332604723416,0.00181392709576516,0.0019376461707493
ACGG,0.00737870332642977,0.00768932326480986,0.016315475582156,0.0103624642224048,0.00361102631257709,0.014092017945289,0.00672055837499912,0.0130511845908351,0.00661731229129601,0.00433737260098562,0.00275095210829292,0.0114352390833656,0.00456966139586127,0.00425762657218659,0.0018467546605769,0.0063849273457009,0.0037928830224926,0.00365924900557765,0.00180908437500547,0.00514820562856743,0.00737455537217914,0.00882264330187282,0.00577304185510271,0.0129884457315515,0.00832269812288555,0.0132996868107237,0.00265726465404027,0.016236159699451,0.0104905108282813,0.00325538793369578
ACGT,0.00350774460508343,0.00369640112005419,0.00183638603057054,0.00274540451100207,0.0131912801454191,0.00800678999409448,0.0133591230835515,0.0116813409241549,0.00885274035620795,0.0026784970287344,0.0117570486932014,0.00597736757290235,0.00264355813831814,0.00853062680730698,0.00825382164347352,0.00660048592642456,0.00924417616347304,0.0055092222146976,0.00166907935879131,0.00933169513514332,0.00685635796646974,0.00692345900628806,0.012052222951571,0.00928932466816619,0.0073418886869123,0.0108864511280314,0.00322365761115072,0.0048049916566731,0.00189928262756904,0.00455173604626203
ACTA,0.00368275863726933,0.00200327082662788,0.0026302915845653,0.00315743949469787,0.0154824639737134,0.0120564186034827,0.0128316640657692,0.00187817359911096,0.0035526907723633,0.00696671007149491,0.0118372002153929,0.00612947940556907,0.00985238291540322,0.0112198805836179,0.00373539771187972,0.00616452403559087,0.00340473753159329,0.00277769954141411,0.00776003156220678,0.00767997755326691,0.00301577809507947,0.00250679874568387,0.0116999898375367,0.00202114456321904,0.0135495547424618,0.0038280622679789,0.00239061672847323,0.00795955658644819,0.0089951504077845,0.00171119172562336
ACTG,0.00493029571990405,0.00680012891132251,0.00174234105663678,0.00171809208530797,0.00422625595873409,0.00158913398853077,0.00278037895900217,0.00393044219345894,0.00696634414640241,0.00171158064115632,0.00226879411653968,0.00183414386117806,0.00380334291536909,0.00702714084132052,0.00340046778367455,0.00827115007987397,0.00391125696588374,0.0115512935732263,0.00334592294267721,0.0110265367985002,0.00237282561178222,0.00974466372507253,0.007685730958472,0.00293869762594227,0.0169182839152038,0.0018646809475818,0.00669182887851663,0.00208430315834427,0.00909790840707028,0.00244711961380139
ACTT,0.00547306445399087,0.00667822687681995,0.00218964172508234,0.003990231830413,0.00251422227127348,0.00217519100244597,0.00533471112081954,0.00898131560356991,0.0138867627760855,0.0128025900462044,0.0116242072445151,0.00995889542867707,0.0030290129486341,0.00197699457737583,0.00303193730831254,0.00212650833943921,0.00233417061762875,0.00409257183819422,0.00523186835607347,0.00457082562567034,0.00541393741424263,0.0114436820750973,0.0152124249882439,0.00404057232821976,0.00234286661073658,0.0121802504093144,0.0102923074362447,0.0103592247374554,0.0104581493801941,0.00796564821256262
ATCA,0.00767417685773447,0.00240986600738843,0.00448025424197989,0.0138000318148611,0.00753922532749284,0.00861069632874128,0.00187967793125616,0.00977670549665863,0.0144094397288607,0.00353434870870257,0.00792768578622368,0.00174223049163143,0.00875635021253106,0.00158149610523061,0.0037918637040248,0.00259011421231345,0.00616377508052968,0.00552512284079819,0.00319708462011469,0.00637926482520504,0.0129482234652247,0.00320279589624968,0.00202651661295425,0.00710120420226192,0.00285478044197592,0.00904486580280374,0.0019167122861496,0.00384353804986262,0.00824605330863461,0.00318516422090954
ATCC,0.0138922874944119,0.00186020035226167,0.0116531233725571,0.00365800338225161,0.0119656848077967,0.00669308095117052,0.00215806745075765,0.00272741831549743,0.0054877745464879,0.00385809389083606,0.0119690189621302,0.00354868994508206,0.0113750197178655,0.00161663128284867,0.00557080681185924,0.005385798884889,0.00284991104593286,0.00190362917589215,0.00821211427894183,0.00700248841453502,0.013152486206224,0.00380038756987197,0.0110585373529453,0.0103115271856293,0.0107951817081522,0.0132619956401156,0.00528641650622252,0.00403235462796864,0.0070004781564478,0.0019418104711012
ATCG,0.00228886443451416,0.00702596697539326,0.00284902415262596,0.0143653205067588,0.00829233229281243,0.00766213302844363,0.00303001865932191,0.00204682423693356,0.00387290679264052,0.0057717481906896,0.00280059031733348,0.00193221593806432,0.00886117263152981,0.00830423212770486,0.00388017234558198,0.00202745337959826,0.00518870374024361,0.0157269533349247,0.00169969375980698,0.00157574776530436,0.00905921723200353,0.00423194545634253,0.0139188871803943,0.0092797312322914,0.0102918535538407,0.0107705444905299,0.00423277801716014,0.00785660148395779,0.0025647638754239,0.00307138498551495
ATGA,0.0031264647342095,0.00406074394967191,0.0109503577050139,0.00329081471711867,0.0043475842504548,0.00193958785294232,0.0177745427609161,0.0018995058471249,0.00360003906410747,0.0128631675583549,0.00589082172833767,0.00671143065319483,0.00252995046416763,0.00321177753958129,0.00412974740362736,0.00796213759862933,0.00437082461385422,0.0038849310518291,0.0134751400602801,0.0138774030356233,0.00789482671128584,0.0022452579118316,0.00354687630229097,0.00360753087229283,0.00728097729361335,0.00550747924567241,0.00782540209991988,0.0122093546210052,0.00310488853700231,0.0107878137997325
ATGC,0.0113314424193808,0.0124677121589571,0.00339080503146405,0.00908721121758384,0.00645474232736363,0.0109812144997168,0.00438184681148479,0.00460514288521475,0.00785178511231147,0.00612502975945242,0.0101881080106934,0.00742562948912216,0.00337669842674306,0.00497517709822867,0.00228727416345773,0.00643599287226111,0.00220915617720356,0.0027562335107065,0.00247339286566618,0.00232653319474084,0.00335057685089832,0.00545510712550172,0.00624864120358755,0.00290153845369285,0.00296329138453985,0.00449868348861451,0.00384461237360223,0.00675187545393274,0.00248005248372593,0.00778907027692875
ATTA,0.00738464533697534,0.0103160890760175,0.00323952218584374,0.00528929848888084,0.00282209744446014,0.00674229714770763,0.00393286713124882,0.00835138481211856,0.00779632649016157,0.00936735293978089,0.00179272521847765,0.0133037817932518,0.0080882476720188,0.0115361167587462,0.00464587000053019,0.0133232022349757,0.0148841788747218,0.00265151197441391,0.0124730611224536,0.00848617320800839,0.00738433801249663,0.00159439828963391,0.00506286225448982,0.00252221020040586,0.00784568139750282,0.0132747858521213,0.00272173693613132,0.00735032128336979,0.00238753319005332,0.00498349742678128
CCAA,0.00201867975184464,0.00424988277116039,0.00176633842813028,0.00912919259264503,0.00428726266683296,0.0117062931450846,0.00254584119279718,0.00605236513411897,0.00207823175687949,0.00627981609366221,0.00571374359795793,0.00305353411865058,0.0105660123209763,0.00306351918391501,0.00341486032078377,0.00906577717312185,0.00916406897656745,0.00642244725779696,0.00852892758145872,0.00911527681324735,0.00222947801158437,0.00334029858771685,0.0032991128390534,0.00235668927785081,0.00251306148740576,0.0025517483245648,0.00371339113031984,0.00309959664177575,0.00324161119758385,0.00252959329940138
CCAG,0.00653624564988298,0.00650631928740334,0.00810134137015128,0.00727351104230438,0.0051572199883912,0.00273805530019784,0.00349756377882633,0.0162160195852504,0.00341041069007042,0.00560006848611672,0.00176781758781639,0.0118327688423902,0.00416925899107549,0.00286960093157255,0.00223938581013603,0.00619707239959608,0.00518351551964862,0.0152408721941063,0.0116067572618527,0.00580753201152742,0.00316082144781386,0.00331692804185105,0.0143135579341277,0.00221561605682522,0.00219388971378162,0.00371573767251286,0.00285249913303952,0.0122143883303818,0.00434381104516281,0.00680630986410175
CCAT,0.00416473867049666,0.00415107187826888,0.00237489654672371,0.00203720825293429,0.00749445693618734,0.00402355286351528,0.00226957890588734,0.0020087222856807,0.00242930570909694,0.00185673401372965,0.00207322882578456,0.00312446437156779,0.00925177171202752,0.00286733340733457,0.00480684802028794,0.0130248864960841,0.00260999116418365,0.00682844197304366,0.0044566896980275,0.00316096012180648,0.0150467543084605,0.00222863934259734,0.00201820229569363,0.00348262929439443,0.0102919193844175,0.00350869799738246,0.0144363749961907,0.00522316024070978,0.00273047966735277,0.00169872247930491
CCGA,0.00349184896906606,0.015287758606561,0.0132395816317788,0.00327598471270582,0.012757297893801,0.00229142435430863,0.0128426858989088,0.00561935811109591,0.0141744864120177,0.00272155126542443,0.00351571683175154,0.00354642765062642,0.00248347274005044,0.00816170053082635,0.00964343540307754,0.0025176102056942,0.00229491241545208,0.00677508718873994,0.00187138903854272,0.00435033750121756,0.00576081523831502,0.012049371898665,0.0178481814832446,0.0102827192823916,0.00231969909429647,0.00284631897261006,0.00381359099336707,0.00293299975499261,0.0149240475055724,0.00357805832881833
CCGG,0.00656882772094818,0.00737831397345936,0.00472500548343856,0.00413595763904183,0.00864516174398941,0.0105418739689813,0.00359896303164313,0.00304723746353576,0.00506086817611069,0.00339737013731172,0.00358793026784321,0.00473401805372836,0.00819627300124743,0.00171337429736392,0.00978113514069276,0.0131298426588831,0.00431913052895827,0.0048043518254649,0.00360721435765669,0.00608310804521247,0.00177326137390709,0.0042437439487565,0.00706745345173905,0.00192811156255585,0.00622803028689564,0.00634713830168244,0.00458277427279902,0.011904067427939,0.00260067451785749,0.0100676994363633
CCGT,0.00764388421915761,0.00798678492770285,0.00533254311793134,0.00986649308922519,0.0082164521401272,0.00759518630200499,0.00251615545259311,0.00861013896108518,0.00350511904037011,0.00312431247353876,0.00461954028044987,0.0133850109148648,0.0091764105992487,0.0034217743868803,0.0130334206755988,0.0114129943614483,0.00293138211893571,0.0162637952241515,0.00220172248508225,0.00256658022072068,0.00845910396960128,0.0128434787199224,0.00238618098745932,0.0159289785076595,0.0020854717184391,0.0145755245833141,0.00538333377402036,0.0119461113472706,0.00849012113939551,0.00925298715862294
CCTA,0.00717068018766213,0.0077985852665176,0.0119199293268279,0.00422636374345727,0.0109125558688924,0.00551776182855225,0.00215879081032843,0.0160862494123377,0.00186973225141756,0.00179605402034863,0.00180072050676578,0.00239413223845662,0.00316161916252112,0.00218115214679086,0.00248856260068494,0.00454497114391564,0.0122563052525945,0.00231889008533663,0.00321137634482701,0.00422993390538505,0.00328227817264732,0.00683986794549035,0.00352850623396574,0.0156246076294177,0.0118231440800261,0.00843873743001865,0.00353054128450582,0.0110470371426561,0.00668519165753352,0.0160587729969595
CCTG,0.00661872111297586,0.00795183822122456,0.00869793465005617,0.0136301881582651,0.0018429369068119,0.00574663086843373,0.0181064915372971,0.00507174550384338,0.0114879085813247,0.00623436182810689,0.0165725214203385,0.00217462064890199,0.00283876047385356,0.00311195874693576,0.00720287205385664,0.0137491077612552,0.00754802936275363,0.0160068451399464,0.00677772508259108,0.00251023448449056,0.0125442030137708,0.00656755240818336,0.00528419629088752,0.00621753647448243,0.002842650368616,0.00359284480721526,0.00918361419556928,0.00235959296492971,0.00827666010050594,0.00411300856579665
CCTT,0.00347840547909985,0.0140574541770991,0.0104008722840598,0.00819588878962837,0.0023740955858192,0.0023496697164353,0.0036831010892038,0.00940740125514937,0.00381378555091057,0.00430258324400835,0.00689898483224386,0.00329012156696437,0.00742125315296293,0.00672358114980804,0.0054363398841593,0.00218846806261332,0.00719560960440207,0.00381546746465632,0.00263750163557282,0.00194527668004302,0.0104214445953377,0.00639908847971143,0.00211614737411442,0.00348763805987894,0.00437613220369477,0.0102978764297368,0.00977836470079688,0.0085037129906172,0.00675186219988226,0.00613826151082636
CGAT,0.00375628301721118,0.00355487397292897,0.00579416864738665,0.00262743093535836,0.00591333463775989,0.00364566831210355,0.00998739554781584,0.0072094688231824,0.00239300396060982,0.0152186323062699,0.00611867670853666,0.00734770925034577,0.00567485914360528,0.0103995246360371,0.00324021285129539,0.0163092500086558,0.00230667567544839,0.00409797710486748,0.00243479436688271,0.0074112152787358,0.00167306646186975,0.002455445876848,0.00390689228405678,0.0141025548900826,0.00246823109096986,0.00175481174831794,0.0058403598381832,0.00261977214720579,0.00499672212755234,0.00201168698033715
CGGC,0.00600776322724115,0.0063921004746745,0.00185534324335921,0.00210762832285499,0.00227266182899851,0.00171636847096986,0.00450488440244619,0.00170743166144786,0.00398813136440939,0.00504410546524536,0.00892440805444095,0.0017344154600041,0.00653744991635235,0.00654578851836813,0.015234805491703,0.00247853621367805,0.00235974607093146,0.0106060410403945,0.002998659699284,0.00185443454739439,0.00168514041709549,0.00587314056577672,0.00294396233359965,0.0102179628207278,0.00860277718026819,0.00552180256731499,0.00344531054543718,0.00225871515354136,0.00601719211364321,0.0154784028806004
CGGT,0.00266790876848713,0.00776492452560067,0.00952930620886624,0.00280675209879003,0.00606074345897467,0.0106280603493521,0.0050625912750023,0.00167916914321939,0.00466094635973555,0.0044828661146706,0.00284035809163221,0.00878432072944745,0.00818400881064995,0.00355662169915647,0.0120695270487324,0.00663317067837573,0.0130603139804401,0.00619386473432705,0.0022818999232235,0.00279479330225539,0.0154153448460436,0.00259499697234067,0.00205971170808706,0.00284744474700865,0.00309774006703058,0.00180500070569693,0.00440886030508845,0.0161707902524438,0.0044783520994683,0.0103870806087657
CGTA,0.00462448644728971,0.00380781197196297,0.00259164525407911,0.0060906795242051,0.00653307409244468,0.00982098393635933,0.00433847730582379,0.00875884275754563,0.00513720100819148,0.00342748115108807,0.00558048472136878,0.00879217744785772,0.00162597158237837,0.00269973433273442,0.00434952416983368,0.00574268326255462,0.00591936716253325,0.00324543723894119,0.00476861453337405,0.0033188247207946,0.00350439995199198,0.00929478218988914,0.0033552689884077,0.00465767926227819,0.00180099855554977,0.00387239977654013,0.00797062290387932,0.00708963143876938,0.00606472448365055,0.00685812858355457
CGTC,0.00322074182487596,0.00444375837608222,0.0141054790194425,0.00175317620045516,0.00717990129982309,0.00401108237653778,0.00785081462821138,0.00263394370161202,0.00301646584466033,0.00270560302209284,0.00235267412783194,0.00567546952476933,0.00344350404741041,0.00371494054971456,0.00206298380214858,0.00431581392436424,0.00462132679535681,0.00541572570263186,0.00279393965355988,0.0051976860537532,0.00443825137983481,0.00764489336746237,0.0077643115151774,0.0116969477522839,0.00271776281474842,0.0150034722024117,0.00262452666645404,0.00248402500450023,0.00637600472932814,0.0145450265947622
CGTT,0.0071102188288815,0.00714871186530674,0.00299448434527342,0.0106000125932859,0.00291311688166387,0.00969281263523937,0.00634515121881915,0.00391878525002816,0.00162680043959086,0.0137953409826406,0.00572017838838908,0.0120987907866969,0.00351303413028146,0.00968896350712106,0.00876987024149753,0.00613472054429355,0.00629868036100058,0.00306811126268591,0.00893844740996444,0.00361078334478447,0.00401686587811397,0.0035738529686244,0.00273650336360929,0.00414088255895691,0.00583239169661681,0.00534276427144638,0.00181749546558528,0.00476859006074198,0.00233766305322566,0.0125689381680308
CTAA,0.00974776155251885,0.00336674985912101,0.00413033444314791,0.00587648874216872,0.00771454859585316,0.0071564551373619,0.00351824531347738,0.00715060304310957,0.00182635601200479,0.00455930506048329,0.0110587814895544,0.00980499442209204,0.00191851105387016,0.00689316173971857,0.0104023409207916,0.00768594676136984,0.00217104458354863,0.0121994097575003,0.00305661531834606,0.00451388175154112,0.00427411233217929,0.00220993782081209,0.00302129861291954,0.00293038484852883,0.00246036029473147,0.00839140718683566,0.0157361841702665,0.0107349444891783,0.00171177044913179,0.00278097472072276
CTAC,0.00192902676155706,0.0101616113557457,0.00196408530738726,0.0157723575404222,0.00440898628579372,0.0022736896452941,0.00480329289793287,0.00171593163624079,0.00641605071734196,0.00489526662947619,0.00617545434383509,0.00295448297283821,0.0120607826486206,0.00607782211437495,0.00888084537068902,0.00284780786528476,0.0137465973985821,0.0103751269529523,0.0135055412039056,0.00488046392382063,0.00963636330329732,0.00156339123120952,0.00428445309071137,0.00917892109143971,0.0170977010960366,0.00775368523964574,0.00639794480303301,0.00279156759605632,0.0088917226021328,0.0164443552407446
CTAG,0.010759641637249,0.00252926226400806,0.00280971250640016,0.00986261053623641,0.0069855148642002,0.00531745067805214,0.00360071751894955,0.00860919704354634,0.00338035912727461,0.00810118099211036,0.00991820663529643,0.0128071974403167,0.00253476506075698,0.00736742939363275,0.00881466499161845,0.00732886671665584,0.00503567585684698,0.00530979242832537,0.00485227645555091,0.00437145670731335,0.00799545930957827,0.00270726490337826,0.00986746587118814,0.0164013649641437,0.00172203884586062,0.00335421050000606,0.00211889596578751,0.00208362878562212,0.00868506620959522,0.015819543215798
CTGA,0.00227550288185632,0.0080506650364601,0.0130239164658986,0.00797777742242324,0.00836890755673624,0.00342102311054818,0.00572169655524167,0.00875945088899388,0.00321656766875287,0.0103381362810236,0.00552711809822187,0.00318442191966295,0.00488989193566224,0.0061702644086517,0.00207118932384159,0.00574177175872999,0.0134319594523266,0.00224773091495333,0.004319306582689,0.010341209576381,0.00237948828041995,0.00904450608752107,0.0117331151271296,0.00288054572590512,0.00232022589406688,0.00265869622474984,0.00265040661739728,0.00550705962082845,0.00316844296645023,0.00325800790645521
CTGC,0.0139188622608859,0.00339354560084621,0.0030310248104393,0.00665835543897413,0.00449356786489224,0.0119179976481492,0.00242332812138067,0.00341042901363002,0.00831828699184965,0.010680083228496,0.00510694530295158,0.00806343852656025,0.00936368265868128,0.00318089357441202,0.00926869480631484,0.00419811491789317,0.00413484893856163,0.0119137223278865,0.0105891520582997,0.0043918989897791,0.00523140217332292,0.00513182349618856,0.00218238671405102,0.00172093123722158,0.00183183068397472,0.0101392022067876,0.00417796073841918,0.00332956606836295,0.0114758264909103,0.0100465462312727
CTGG,0.00717689638775345,0.0135499542459298,0.00199149543995567,0.00313529250331034,0.00341638326430857,0.00387296769915702,0.00737172911200376,0.00181593270150413,0.00368266185122103,0.0141385888190679,0.00755369391745713,0.00793848099762217,0.0064468124425273,0.00450587811796116,0.00196957813056426,0.00205804843777996,0.00429218528106371,0.00403450644813247,0.00714410481081157,0.00520580140611608,0.00177235093587813,0.00516627871482388,0.0143153253213865,0.00241455592347946,0.00690163831966419,0.0047555149663794,0.0128591117619963,0.00367439574970342,0.00866587139536149,0.00338183381355735
CTTA,0.00985858473935401,0.0126728484255283,0.00419457552584595,0.00724427091177142,0.00277884719338781,0.00740191144333057,0.00356621377413277,0.00214113786531304,0.0144640288807552,0.0076282858869357,0.00312936623550991,0.00210554827018434,0.00281913788303109,0.00961335842790479,0.00205375981800353,0.00239156905044302,0.00536851076536415,0.0033113752766859,0.00396119947960019,0.0115585886396812,0.00382114085201767,0.00154391182280294,0.00375531391827836,0.00741856342779397,0.00914026338407206,0.0130504800893235,0.0118390527045861,0.00940969265137109,0.00265066946108731,0.00185275610572313
CTTC,0.00974611932777357,0.0060338256925697,0.00224968305371211,0.0082493867770334,0.00201186764143432,0.00187185279470208,0.0169524428115425,0.00285738009347467,0.00308496303581521,0.00448161702617788,0.0039100044345347,0.00231872284437216,0.00757673082306983,0.00218882207987634,0.00353835915963262,0.0056640877435001,0.00223488712755967,0.00361027390626956,0.0132313533414599,0.00261729930010665,0.00594022569640849,0.00263667742089798,0.00864044599026917,0.00312903010295877,0.0141507176025753,0.00564628389058784,0.00652242471456817,0.00174516772549118,0.0125932670174782,0.0104850698189933
CTTG,0.00306363890947268,0.00370161618667034,0.00575684398825455,0.00671397298362547,0.00210413367329351,0.00345834813063831,0.00196655714046554,0.0145390531873065,0.00265350606071285,0.0143891803651678,0.00197231326200397,0.00158087099346086,0.0063218567003537,0.0024429342906606,0.00497017703722173,0.00282383179521371,0.0136255932675495,0.00281492858493633,0.00406878141708794,0.00458789336538392,0.00637480352774306,0.00188140528834151,0.0100331498941063,0.00244415036961559,0.00397480280796091,0.0152814689855775,0.0069221016813086,0.00844924936806388,0.012701208503157,0.00208240112054909
GCAA,0.00182505627724315,0.00452733140731885,0.00497926424724581,0.00235009059692472,0.00517687082257601,0.00775118586590006,0.00319648741259931,0.00486408072553187,0.0157691241459748,0.00504650638283503,0.00581720605876311,0.0118254993192378,0.00516842071764787,0.00291109416105574,0.00822716960856495,0.00535483542614014,0.00381912869825646,0.00942856907290316,0.00500542883085672,0.00294205183049389,0.00335767047911796,0.00891856570598869,0.00230788615707319,0.0102366883151381,0.00412254131671197,0.00352710226780705,0.00244465475857829,0.00177573529090628,0.00196334667479235,0.00255032662346829
GCAG,0.00514687803903753,0.00946277458566216,0.00205634474066444,0.00189289413137738,0.0126322995774589,0.00442653940753863,0.00512443782841144,0.0047562953640454,0.00484775379220705,0.00563514854739241,0.0105626674494457,0.00971910777899754,0.00221328581419599,0.00338648768795399,0.00757505946593283,0.00235266411496757,0.00192796776118754,0.00617913767387533,0.00283826542035384,0.00235407638770102,0.00989399876114056,0.00196021711985083,0.00203935487014683,0.00453620518051827,0.0116068982081351,0.00232001231601712,0.012557528379726,0.00258654789365172,0.0074888448597661,0.00345082956774963
GCAT,0.0108939733829951,0.00898516226860727,0.00588116823304169,0.00254851111608779,0.00216044539844368,0.00548783907733709,0.00273703105905463,0.00172171868216286,0.0110798603041935,0.00221638703307989,0.00270673398843586,0.00279609641687212,0.00875030766401922,0.00529611169765646,0.00295043872683955,0.00254341507208156,0.00302198735711539,0.00915563846246849,0.00956585053749631,0.00454374956973894,0.00202632628846754,0.00465243671731646,0.00472740025847009,0.00962914716173231,0.00373132524958011,0.00208996822745063,0.00258168769664532,0.00204811874245599,0.0067805334504092,0.00170602062997406
GCCA,0.00391727801993007,0.00694237458102872,0.0160076178016468,0.0044538185393007,0.00225230396066746,0.00654709973578476,0.00484738429732926,0.00734349834255448,0.00207175076827375,0.0155263687711432,0.00303145283133249,0.0113400044425387,0.0078515805472191,0.00317373131809049,0.00274292193713649,0.00723551994383159,0.00450580200519354,0.0117060120165825,0.0126090877427837,0.00313552584969501,0.00658115973079018,0.00730070888204767,0.00707794931817226,0.00664520218790112,0.00601114041965611,0.00327193387353932,0.00250727403522576,0.00436146616432443,0.0116524281214124,0.0022306335391349
GCCG,0.00259489847828019,0.00621771131326515,0.0065744483761133,0.0020021266967093,0.0135744437951052,0.00584738944697628,0.00942798745866477,0.00171035125057772,0.0114071603177171,0.0076864551587927,0.00816897186162915,0.00164456744654133,0.00390788353101325,0.0141432169674428,0.00254723623242815,0.00843951077715736,0.00755368507126442,0.00637549461569704,0.00791388437739387,0.00267853972285831,0.00199606276808131,0.00209267661040423,0.00437067836815557,0.0154483549558815,0.0126950192510563,0.0135077357991213,0.0143894883010719,0.00375796495868993,0.0118864031222521,0.00561962906837916
GCTA,0.00413168044488085,0.00324980509571041,0.00731538030581908,0.0144772066656843,0.002472299399207,0.00360936143045738,0.0037447896640651,0.00212254979614289,0.00371319107551866,0.00852733876850746,0.00657858345055215,0.00784847078275202,0.00279253264639268,0.00204864123488828,0.00264530570284344,0.0100656644368534,0.0043632948231989,0.00365934995369969,0.00524178728837145,0.00401140610060112,0.00190996755643479,0.0127576523708145,0.0112281177183426,0.0105065859901767,0.0159507998966832,0.0145736794349792,0.00569993126669537,0.00273140767602247,0.00627766530140603,0.00379938253677411
TAAT,0.0156598982353796,0.00966638668038584,0.00911773351918826,0.0147660972359769,0.00324053622107968,0.00786502584385345,0.00246904928277731,0.0034863968638181,0.00705171566921099,0.009270251086148,0.00196010515276433,0.0146960512795418,0.00253021715999318,0.00154014353999985,0.00340264863492002,0.00172329223233696,0.0046537744352726,0.00230605032649957,0.002092268931308,0.00606834979282306,0.00221900638100296,0.001504193527049,0.0072065150286221,0.00258352063029977,0.0141817340261822,0.00291536529396762,0.00205113624922345,0.0140218806011258,0.00207772102739208,0.00383950419246446
TACG,0.0071100794337449,0.00302970425488879,0.00301323046116262,0.00811386232274007,0.00452603222297711,0.00360380128514356,0.00976620014905396,0.00313743392840176,0.00769626201970318,0.00393610362398972,0.0124250243333108,0.00377589139662678,0.0103264834532944,0.00982946371612442,0.00267369900508149,0.00654561391136564,0.0107621453286824,0.0079877267488727,0.00488203695203919,0.00162691465452591,0.00566102170156282,0.00780149249054152,0.00231650712800868,0.0108937135321138,0.00970050477898496,0.00576465915965587,0.0081698262015503,0.0120486206347024,0.00637710130068896,0.00312368649090247
TACT,0.00244812079974304,0.0109820396697387,0.00674344861624716,0.00217188472339096,0.00344452123647439,0.00228628680819501,0.00329245647256204,0.0136940390431715,0.00261920611523202,0.00692476534147235,0.00347599371777684,0.0116517762257451,0.00199318402454827,0.0139776703699596,0.0104793472802256,0.00423509382007977,0.00362645020265838,0.00259312793553781,0.00291431052696882,0.00259976881399454,0.00961649611489918,0.0015433483278349,0.0018168147532438,0.0049491598390397,0.0112839383933242,0.00712638104804229,0.0030845855933327,0.0111676643450225,0.00262776947625728,0.00189209126682772
TAGC,0.00361175222159406,0.0151806361995329,0.00375294520587485,0.00739810657894544,0.0116715700492016,0.0131581617535057,0.00333817780786946,0.00407166457621673,0.0108911486233576,0.0151107518180344,0.00494781973203908,0.00298562825367336,0.00163370585910302,0.00445651785788988,0.00436720451473581,0.00461375517864096,0.00440340602906401,0.00494646389928431,0.00207397143916647,0.00327313003855765,0.00183324181727743,0.00592665944971017,0.00799992625107306,0.00242143662936378,0.0023723037960824,0.00875784816408579,0.00801950370898895,0.00624456588167943,0.00264276707689822,0.00379409831273981
TAGG,0.0149453387083761,0.00334656769516026,0.00418825316001576,0.0138552380418499,0.00952020300041342,0.0036832840096984,0.00451693202878512,0.00285954846941975,0.00714125240589268,0.00739406258060513,0.00205310203042012,0.00329759057178667,0.00729782577667321,0.00367085479319386,0.00328034216386745,0.00467005444138801,0.011620917261616,0.0117012944472574,0.00994087612944095,0.010624767322545,0.00520525946708145,0.00678312509824921,0.00642721727622431,0.0145534630486629,0.0023375796873942,0.00221467324923758,0.00524339098141391,0.00344382814144989,0.0131752623389924,0.00664466649970299
TAGT,0.00320118249999994,0.00315340614485782,0.00185991418158244,0.0037012983819824,0.00397929317603263,0.00226922283448369,0.00362095701657435,0.00535090299712039,0.00314074649989543,0.0133492544257672,0.00233845972568102,0.00234902802688083,0.00326941077289876,0.00410622634648563,0.00257166771294204,0.00874082062891712,0.00835221909175024,0.0135668693141234,0.013807114177702,0.0102507609654197,0.0029708792044803,0.0075449422092244,0.00509272719130494,0.0112805966337418,0.00274224325368619,0.00204475422700526,0.00598479545925287,0.0023166340515417,0.00211068931019363,0.0132549643101876
TCAA,0.0113188186029906,0.0028619867908732,0.01638583768386,0.00288118790299282,0.00162970052966732,0.00281905018405711,0.0152297749926895,0.00454434145695754,0.0135845785251867,0.00170038956052761,0.00591046917538287,0.00349613282873377,0.00353774054953485,0.0124852829461673,0.00268519101293864,0.0129264865750927,0.00178958856351346,0.00932954555136966,0.0049985739029621,0.0105830504837314,0.00272909751779606,0.0115686495010503,0.00567967975522017,0.0142446722984015,0.00276463063155763,0.013860199365428,0.0166956036114105,0.00253143173267893,0.00509930542287659,0.0025858957200699
TCAG,0.00882551289203608,0.00243009766711191,0.00236402144760215,0.00906698006085656,0.00275244764830284,0.010581489207474,0.00502472397352359,0.0123239317528095,0.00209709408141152,0.00846257770259375,0.00431634345545536,0.00285606166380542,0.0029191320180906,0.0116055933749345,0.0116577043423806,0.00244994750405516,0.01576274127092,0.00283891282808875,0.00218857782778168,0.00867683392044344,0.00308155303829669,0.00505139363850483,0.00568571586432312,0.0100251695939491,0.0139321685304415,0.00672562869970483,0.00278208908358094,0.00446712262326332,0.0148460116600804,0.00682340250552248
TCAT,0.0158063630305232,0.00207306568923219,0.0143391815672719,0.00657351712395904,0.0080617777364822,0.00382698658411356,0.00867763472783888,0.00999598290006065,0.00577169817122762,0.0062461855851476,0.00284407231669944,0.00348922410704307,0.00395817468084079,0.00409075870452755,0.0104564198829411,0.0103613420203018,0.00501455277947026,0.00480011200273594,0.00146424331668476,0.00182987626596444,0.00701779268486729,0.0034697722052088,0.00189352295997501,0.00196453625144646,0.00455394562288115,0.00336571730767835,0.0117825941397178,0.015498108931817,0.0116943160482789,0.00800987764616799
TCCA,0.00229402939732998,0.0118027083225999,0.00223113487636259,0.00625716956153914,0.0160677840397502,0.01477660431669,0.00192040316091665,0.00191597157700062,0.00160123533799998,0.0111184401541812,0.0128316793372121,0.00538937385130371,0.00592374785529164,0.00884270019924715,0.0109069887816023,0.00279664249104037,0.00260754150267916,0.00254806242310569,0.00177929936260253,0.0108820117659747,0.00806166716357345,0.00447181288513942,0.00869629670904726,0.011030633249069,0.0078619227374486,0.00584581267787355,0.0175721520981749,0.00204613343547509,0.00807585909064965,0.00179365289083965
TCCG,0.00283133466941366,0.00582182522125284,0.00463872468202428,0.00233505051226338,0.00825180445378763,0.00256884959883752,0.00469337646996069,0.0114972134427312,0.00415117719922108,0.0078413616366704,0.00467317796889878,0.00292602605869062,0.00165349043006454,0.00779580351394679,0.0128757406018065,0.00436274560483401,0.00250917579731865,0.00911215307031492,0.00193521243505542,0.00338286109983956,0.00164792685905022,0.0147126146112793,0.00537538750557358,0.00353710640229373,0.0131295010066352,0.00213870629274639,0.00306562263286182,0.00174349073662995,0.00648341563334104,0.00215264419300281
TCCT,0.00634620059002445,0.00563051582081755,0.0112287337750088,0.00341369197654731,0.00220450315027594,0.00610444398548255,0.00897886987343773,0.00454782099623864,0.00274087377353454,0.00174125061711938,0.00422036382069457,0.00725516848025864,0.00973541253078944,0.0118065537395544,0.0112695177266901,0.00662130840691393,0.0036631555632978,0.00174692847986202,0.00643526511031606,0.00208233671957396,0.00585589186350909,0.00196968240293418,0.00333522589375747,0.0029639062774409,0.00471606003539658,0.0136688575640982,0.00231459531713687,0.00407602968323578,0.00471561762705482,0.006719417786347
TCGA,0.00879954729773172,0.00255038265440967,0.00233462284138293,0.0167712770199752,0.00552536243735873,0.00283942635059091,0.0074448302257231,0.00946182787944786,0.00310525631314587,0.00359494350021775,0.00419918466871804,0.00600092374314288,0.00217680719969376,0.00156463847116193,0.0119488848094667,0.00202345670270293,0.00551797617364086,0.0058238689968091,0.0128198059338494,0.00283096855536513,0.0151364754329397,0.00194957387921088,0.00256895541833501,0.00253879642991151,0.00627009343889889,0.00466870985368388,0.00337117347036377,0.00367111797771501,0.00436763579373899,0.00845941351993703
TCGG,0.00334744315278885,0.00738518125416796,0.00206098648029995,0.00250594206196887,0.0117542073726299,0.00307004586604481,0.00429595953073208,0.0103752515400496,0.0057195942744212,0.00622708862334295,0.00305768438881609,0.0113845036396509,0.00465816972497579,0.0142165898896038,0.00700575619217631,0.0114067353925786,0.00520467844927034,0.00363829711806823,0.00283964728487233,0.00308856843221701,0.00186981691831273,0.0020620131009853,0.00274042831400334,0.008269222288622,0.00976644423475185,0.00202683381450274,0.0142329101423979,0.0136053385290018,0.00334895252758543,0.00503321492060711
TCGT,0.00193470510731431,0.0109779879124853,0.0152146107980893,0.00262111934963545,0.00402497477575999,0.00368826990750474,0.001954065113327,0.00363199446317534,0.0098773150740283,0.00737980338685991,0.00782669678089849,0.00428810016066603,0.00875394931081696,0.00231835471692414,0.0031989705310439,0.0111124732054225,0.00571810716995229,0.00219629332286337,0.00349370040751765,0.00894023720934441,0.00463026438900515,0.0116176778080701,0.00582221165641345,0.00301288170811184,0.00640051599003872,0.00581660949055696,0.00431508661082718,0.00264158756907292,0.0145115023554844,0.0100208254286255
TGAA,0.00265936551170775,0.0040815548793682,0.00392584896538452,0.00248897677971183,0.00323059623291781,0.0081911833097993,0.0164489748282299,0.0108634216923752,0.0114164657493845,0.013848665756878,0.0110118762331097,0.011266442403799,0.00866012546971009,0.0103991618511213,0.0058881153556893,0.00182448539852037,0.00191561558153711,0.0031608382829177,0.00410172921902801,0.0051597166168178,0.00294999314821789,0.0048659047470703,0.0164474326337252,0.00772491734302691,0.00254479453433103,0.00224594565109063,0.00488849811923432,0.00486682834977616,0.00224898450357549,0.00261465865593032
TGAC,0.00649019987022221,0.0120385330181671,0.00225562156026604,0.00188931645614477,0.0144233893804734,0.00477025039727975,0.0153446476359895,0.00288693285335856,0.0140302766499971,0.00496977328974662,0.00709023567731656,0.00165806639686037,0.00282207132846191,0.00366025233453549,0.00341276706374601,0.00570510906669262,0.00738080993562421,0.00411104418463702,0.00938888693022546,0.00661103148862695,0.00177015196723394,0.0107567306259861,0.00264070055340386,0.00650898891006391,0.0080554962473026,0.00635169285719858,0.00500247088718925,0.00409956073359053,0.00814963867909331,0.0052622713870845
TGAT,0.00201955043323536,0.00701569744759389,0.00318126378999544,0.00469042365306916,0.00228384862017051,0.00167744277987354,0.00536086995512148,0.00430768950662621,0.0021833504953654,0.00214714722593835,0.00266057132482208,0.00235237932555674,0.0158460793626274,0.00183346952187806,0.00178585738320598,0.00266313076454076,0.00166562037813003,0.0124639118643821,0.00556427499250346,0.00509860243427678,0.00267646461891859,0.0028360049471252,0.00185350471692629,0.00211494129941632,0.00695176966303642,0.00504691953518558,0.0055082449984405,0.00711373904567001,0.0136488264576278,0.00604711565770482
TGCA,0.00883838447734957,0.00299122662756608,0.00479530677760873,0.0034509025471078,0.00985214642051098,0.0126783487806472,0.00560995243523375,0.00202769747728607,0.0114485456988443,0.00292611435447152,0.00438887329568819,0.00671937479747733,0.00269471873699396,0.00181139079694046,0.00348488453761976,0.00254066811251206,0.00303288151749961,0.0100482128835086,0.00870532941652209,0.00698922571002564,0.0130194079833072,0.00154210893067935,0.0180029155089382,0.00382743712286945,0.00471863161366634,0.00985308101162891,0.00350077778411217,0.00951150653612528,0.00175436470029623,0.0123077745317057
TGCC,0.00197278043848765,0.0113199266174675,0.00665739333871967,0.0073601851920804,0.00723654586504283,0.0024468046590688,0.00910990467504402,0.00661410242092755,0.00760307191994899,0.00407997933938113,0.00184197458137445,0.00773562792276634,0.00324699585746931,0.0147088456704255,0.0104937846291683,0.0096434695618824,0.0106222026415366,0.00959921140308905,0.00988199108884437,0.00285600801582848,0.0159221958867021,0.00258343707016453,0.0066760477211356,0.00252051813704794,0.00560553125096028,0.00259073379410403,0.0108423037204651,0.00745949331651299,0.00242391928497748,0.00506516091953271
TGCT,0.00806486642171691,0.0137060634020444,0.00184096635299036,0.00187993143966681,0.00764297901806879,0.00260789926584534,0.0029324348497597,0.00377134545691235,0.00161558832878299,0.00706659675698186,0.0127588983940324,0.00191838216763368,0.00490606121760734,0.00485898121365227,0.00839509483357908,0.0043903151026723,0.00178442315631802,0.0123329075564539,0.00687988415281352,0.00625359791491293,0.00174782984497081,0.0052559369893771,0.00547937455321649,0.00270162582619518,0.00518228358861324,0.00917987329306393,0.00198622030672001,0.00251081403129312,0.00947597732768825,0.00497615809799979
TGGA,0.00196030274483672,0.00545612561088561,0.00465376763078594,0.0112508109973951,0.0118244947070205,0.00934557675710805,0.00343360414633695,0.0118917418988268,0.00203329186990986,0.00655223881733305,0.00269544812575197,0.00250582033107002,0.0118263789822628,0.00379561158988148,0.00400258549791287,0.00482749947136691,0.0136865566847434,0.00264599833490269,0.00730491380731379,0.0016187630585065,0.00588481537244803,0.00845372045363056,0.00399645385373907,0.0161267946290687,0.00221111721979099,0.00537105903072185,0.00290968287947298,0.00261336510553762,0.00219613192156919,0.00870803416932143
TGGC,0.0136539127816974,0.00601767123684797,0.0164051613231888,0.0039927177534543,0.0064461749528739,0.012893231170296,0.00191990324677156,0.0130023896633294,0.00192224629590654,0.00268842714029284,0.0113201655738812,0.0121069697985133,0.00306484341993445,0.0144399874080995,0.00220818766543766,0.00837200580861037,0.0080043583824053,0.00219155180094946,0.00497469913993319,0.00538908036730856,0.00247786166008831,0.0147340011983936,0.00687912827592,0.00173802760969442,0.0145453799290566,0.00268910377894928,0.00321744198227636,0.00219049631936025,0.00344145696506126,0.00189909080437951
TGGT,0.00312826578029787,0.003892487811174,0.00914471116471648,0.0156285513580259,0.00187281560230143,0.00400566744125753,0.00431639470043023,0.00189510972403272,0.00214561384643721,0.00194706585149388,0.00384877667846966,0.0120171029890679,0.00229580321485437,0.00406301284007372,0.00154340398768082,0.00654379119293164,0.00528432348057467,0.00405058635836755,0.0145789655315982,0.0049072388101276,0.00173416181051247,0.00543525769664056,0.00624918868364508,0.00566505450432316,0.00513331928462825,0.00414178355122142,0.015864292469271,0.00478414712017111,0.0154650299022099,0.00175514577197103
TTAA,0.00876080044518843,0.00997260647481983,0.00400714219434186,0.00337155234612474,0.00265856201731385,0.00245729689251407,0.0104403812354658,0.00547082533949742,0.007262881852092,0.00656737734382338,0.00406805121803924,0.0104112391431553,0.00592012804468671,0.00350768536895911,0.00476000453163159,0.00290493722148532,0.00543313070935252,0.0051448789394531,0.00179507304079234,0.00473923687509291,0.00202404321956465,0.0119191463542384,0.0101342620560671,0.00306240096142503,0.0110907300343908,0.00338960918817607,0.00243760894735584,0.00465636599882835,0.00232958612653861,0.00185827427601216
TTAC,0.0128038264972819,0.0143396869258602,0.00841352142156075,0.0155129334790106,0.00531697165502052,0.0117438339222428,0.0166459293115354,0.0109975194101462,0.00749467827915228,0.00226956684407267,0.00252985109617306,0.00206791729345237,0.0110996303440126,0.00982303504457406,0.00470257194673197,0.00903338278504578,0.00233584409028376,0.00192423499466489,0.0119465546700631,0.0114001282662538,0.00205085466932786,0.00838176837063182,0.0136507508392413,0.00189736982706465,0.00213349772290501,0.00626135597723459,0.00566829141740764,0.00308311508140946,0.00326444557763056,0.00283075116609122
TTAG,0.00679650056827372,0.00341302824241279,0.00400417938555488,0.00222328174192303,0.0066005786263231,0.00483995064345026,0.0040638536593559,0.00456574106678729,0.00381882285610837,0.011655969782227,0.0156474208511748,0.00364917417940823,0.0133372787723401,0.00480272823347419,0.00682903760321809,0.0110439174791365,0.0134357304747266,0.00894386608894792,0.00812194598406527,0.00730870298294799,0.00268795818584077,0.00959612658653227,0.00458750286384907,0.00422310639056358,0.00263188487010539,0.00277540914879842,0.00267771413385603,0.00687734793435351,0.0103209433740965,0.00293922737812892
TTCA,0.00469746231892157,0.00618919943987428,0.016781835121509,0.00264180296165242,0.00650221137733563,0.00567214520292463,0.00416797427733806,0.00239957402903753,0.00594774628010319,0.00693874992510644,0.0032335019812877,0.00766145781758284,0.00374732928768157,0.00384672465877881,0.00209346755133191,0.00169299421593814,0.00243039000689581,0.00192993379984492,0.00356130713159454,0.00226345851197419,0.0122097601495623,0.0134582627230906,0.0151354842192231,0.00184511627749046,0.00174796971030868,0.0031776186074673,0.00511627900566554,0.00662870070060718,0.00859096681495126,0.00303731594251473
TTCC,0.0100520421529238,0.00283197468028262,0.00448473613217646,0.00786105939536188,0.00174887276454218,0.0103403736733281,0.00303988416765767,0.00284254810433632,0.0105363423361396,0.00314509474229679,0.00196711048621371,0.00426395913970439,0.00594234392265387,0.0125697305055579,0.00234400185080237,0.00244490954390048,0.00512273662620419,0.00355245092742204,0.00191510441021475,0.00698215055770697,0.00343233940554415,0.00811425256372409,0.00226632916072558,0.00244967808704492,0.00557362435730192,0.00416874856685653,0.0146475979969856,0.0042511150257727,0.00229029234510395,0.00826433424873297
TTCG,0.00742521722161222,0.00414494360508154,0.00275363425807256,0.0152675201195053,0.00261456095633543,0.00848747703919398,0.00608554861465229,0.0040250176276673,0.010806715984789,0.00374572785948665,0.00184218536460222,0.00254091234117682,0.0026506043991906,0.00561387093942505,0.00429658719492503,0.00689704783684833,0.0140065564690449,0.010703833238783,0.0122243867050185,0.00185091192078703,0.00205834254638376,0.00994616594221824,0.00699742338442585,0.0161256865728568,0.00535947995961612,0.00549273468046442,0.00186984089485262,0.00760519599119971,0.00282925826140043,0.00197895411203868
TTGA,0.00248243728022249,0.00519261999640362,0.00799375977853964,0.00991423633507643,0.0104898769158081,0.00476312602049296,0.00554771079413841,0.00687630843560424,0.0053813853395661,0.00192723313589328,0.00814545911673875,0.00807548766497517,0.015104304972209,0.0110802443416712,0.00535020077374125,0.0054917086056523,0.00356785922423782,0.0109536587881878,0.00279482554332323,0.0140650930107245,0.00995815850814108,0.00429947914957348,0.014352246452928,0.0119203326896575,0.0032448047221325,0.0146311755786176,0.0031659827745162,0.00607032556869628,0.00281977504589867,0.00850885862793376
TTGC,0.0137110790516163,0.01439849730007,0.00526836073475385,0.010088058789632,0.0125612768653095,0.00225900460719578,0.0113337967187698,0.00957671732370915,0.00380513794361495,0.00197302239220529,0.0136218855855927,0.0147528112180398,0.00254701081673046,0.00937807890345967,0.0130325953666111,0.0136698375065102,0.0050821735739369,0.014501984041839,0.0127920932052986,0.00376352130369291,0.0117733043323257,0.00829591714726956,0.011851528869592,0.00272790888249708,0.00191610156708146,0.00186002035729413,0.00530508144085694,0.00392037276664486,0.00205899851776835,0.00274652153732919
TTGG,0.0142182364963419,0.00398247590731886,0.00653705341482359,0.00705685344850598,0.00257402062238228,0.0142573886494019,0.00509895487941102,0.00194136484128803,0.0138402361254028,0.00397375863198882,0.0119263998042063,0.00447343647852852,0.0139716198881362,0.00289607361501361,0.0143258674883344,0.0120911797855707,0.0103938825815197,0.00462846048443724,0.00300138746509799,0.0111111007100408,0.00705902955728913,0.0015362295307618,0.00221942791041374,0.00864044168677605,0.00815105319634355,0.0143019232355196,0.0125657832571109,0.00325277682378395,0.00473627508449512,0.00283927698513456
DEL:C:1:0,0.0167207603746381,0.00280177591735268,0.0127589276375985,0.0168938167727647,0.00271496111145076,0.00434298612244467,0.0132831782073503,0.0153315320772769,0.00997126051057487,0.0058292447652364,0.0147061258183981,0.00709828712132326,0.00348408756991852,0.00505294858889099,0.0108649474564638,0.00227366530157094,0.00463845227572641,0.00273906788179251,0.00344624161107052,0.00434356069156365,0.00247970753187443,0.0131399268940728,0.00531751363314917,0.0148528775669568,0.00243389973972609,0.00820030068097283,0.0121971505993329,0.012468834510414,0.00383453547247785,0.00421137183704101
DEL:C:1:1,0.0034230179952569,0.0142159763843588,0.00561072666347305,0.0114444647466227,0.00561961454523655,0.0118296454773957,0.00357659450471514,0.00357625488667567,0.0109226772460782,0.00247734387341507,0.00506302616303912,0.0119049361680957,0.0052597591489208,0.00550158174033369,0.00923406497901314,0.00462392982550229,0.0150600148474964,0.00243712486577792,0.0122526659213884,0.0103873367019179,0.00204506563577667,0.00666295125746144,0.00197075496669725,0.0132560936926413,0.0130258702901464,0.00255761066639719,0.0027639838101001,0.00204039171310592,0.00165113195800916,0.00831446508298038
DEL:C:1:2,0.00180295182034164,0.0018416229648094,0.0071449169594547,0.00927549511798458,0.00605369227240037,0.00362611843298277,0.00474619275575539,0.00235681471974082,0.00386984816522736,0.00863204136457579,0.00632160444728098,0.00233419602632232,0.00529500944846807,0.0103569907446898,0.00297444324739268,0.00352739176901076,0.00173560693618968,0.00576598451977124,0.00521706354928529,0.00276414786720354,0.00811276304701224,0.00735822647255281,0.00585565252214702,0.010801002832535,0.00181584518359821,0.0145253368804603,0.0127850294144924,0.00632437528911669,0.00253743789389806,0.00775827908119125
DEL:C:1:3,0.00315621557261712,0.00313450181423787,0.00346316538284642,0.00337590289330063,0.00386448697628136,0.00254199671618935,0.00239401980060738,0.00225656808416013,0.00346485818955441,0.00453174842419309,0.00610208688414674,0.0036899076371837,0.0116637190461286,0.00493935806257717,0.00366901143857982,0.00763089312696083,0.00733043974627362,0.00416020582781135,0.00284644349893326,0.0025848059554001,0.0061759849990959,0.00242609830033495,0.00677901090979754,0.00737319226017621,0.00711924654063217,0.00671759779015143,0.00240072572280587,0.00904320818309061,0.00175162109980873,0.00344637206909386
DEL:C:1:4,0.00182066810612071,0.00382781691707292,0.00303870187671377,0.00589544497064445,0.0059860737351626,0.00410323999758368,0.0086242951810766,0.00285311818686368,0.00183126662098123,0.00593379531169514,0.00179666728469133,0.00332176582038979,0.00236902703745576,0.00239589331320317,0.00160276884117763,0.0096150121928018,0.00220998292467695,0.00662203068356779,0.00241701709478317,0.00413218336560466,0.00192990522395725,0.00175004484127626,0.00727266882175593,0.00461897309650596,0.00228034035957611,0.00246256287762048,0.00245672845412557,0.00783845312331503,0.00643512685111972,0.0146292562364601
DEL:C:1:5+,0.0034250329375728,0.0096776078008108,0.0025760042241873,0.00428958324146988,0.00424093292209381,0.00659632833184952,0.0119941018623585,0.00323517426160267,0.00921557036384844,0.00208023766789026,0.0124067955304078,0.00293089157145724,0.00980693310544639,0.00217277208812119,0.0110321231435013,0.00188823160800882,0.00398314082099512,0.00333307355275147,0.00158865714612716,0.00238001605841038,0.0055694850162675,0.00253618752754466,0.00344193274970229,0.00219904996292762,0.0023371671861268,0.00705751867076721,0.0037926032778387,0.0110938640822996,0.00576189802182083,0.00226040113455188
DEL:T:1:0,0.00522526933213843,0.0019585306303089,0.00225050502149668,0.00537232744805716,0.00166757823785021,0.00376570230281713,0.0018570090195035,0.00758774714973787,0.012582231386783,0.0097880365297966,0.0163172595435974,0.00287574990016113,0.0117851455354325,0.0121850160129753,0.00167912563028609,0.00218121365568893,0.00544224034347493,0.00385758663968571,0.0128812314598727,0.00826989356647331,0.00494344011766926,0.0133882148747037,0.00641795522194857,0.00419684319125907,0.0047233169271678,0.0103347605688928,0.00538384902887734,0.00548186938486907,0.00325701254463447,0.00316259888259197
DEL:T:1:1,0.0134853233971977,0.00509295672903566,0.00213538810728404,0.00324895259086304,0.00259610852087395,0.00380504430500993,0.0176129151544691,0.00410528192011289,0.00904728609847875,0.0155373630030322,0.00576509332006824,0.00405163082466542,0.00873717745487955,0.00370503631296079,0.00592556722929132,0.00256933630037761,0.00320854144347196,0.00323356240025069,0.00530541380369658,0.00280998500446155,0.00644162885855087,0.00188455679750944,0.00986683460610753,0.00378591863447603,0.0093314564969167,0.00159525653327192,0.00669960142993653,0.0018336349805439,0.00971849962520858,0.00195278996058178
DEL:T:1:2,0.00909209506663124,0.00401965851056925,0.00183179979330182,0.00299693127675408,0.0147879762852562,0.00688157808571905,0.00236624402307808,0.0124713989894786,0.00161304889913787,0.00198312576680501,0.00214237148698224,0.00417921299143086,0.00525700994064641,0.0116550044721139,0.00186097210383069,0.00944772282956215,0.0112595973931399,0.00929672868553567,0.0132793421194344,0.00932703455061128,0.00266157851671183,0.0142830079415217,0.00253058101692082,0.0100217880520042,0.00434742796478927,0.004304244622623,0.00359855860599537,0.00192956203601493,0.00313014502162878,0.00257220800791216
DEL:T:1:3,0.00365321158259614,0.00209064094682566,0.00208614727813713,0.00186995526561588,0.00253578405598094,0.00232352815195094,0.00279512524943892,0.00309420607252778,0.00413114661406766,0.0145072028638901,0.0156276121655632,0.00828443677519462,0.00193863593681104,0.00421218310735093,0.0119165599040929,0.00876760422426391,0.0144613918432238,0.00196108290053658,0.00448324946427669,0.00203009570364726,0.00330143248094837,0.00217549786626101,0.0114971934442395,0.00324850784880383,0.00348618846465583,0.00734914491796313,0.00513445316106945,0.00324195404417969,0.00637836341278526,0.011991457627301
DEL:T:1:4,0.00670735358100604,0.00218701851207157,0.0026162883242159,0.00185781379266188,0.00442457679688123,0.00422659418624664,0.00411324466671518,0.00755880900795506,0.00177429866284751,0.0111533477641153,0.00637821756458474,0.00174087407230759,0.00474030592529363,0.0151292327679942,0.00161636906215217,0.00337964411282778,0.00321104693980031,0.00347399890054716,0.00520931959031212,0.00296448369578884,0.00359251246595808,0.0106775222843177,0.00200136146120365,0.00707350354748679,0.00183025050895144,0.00199262741315573,0.0126887732271667,0.012501212980834,0.00203964687949945,0.0109137847267775
DEL:T:1:5+,0.00398005669913792,0.00674150330619211,0.00499992505128137,0.00396447999053287,0.00303583327425163,0.00167296775107877,0.00501013417958101,0.00534722257838405,0.013755274690139,0.00173376357192535,0.00400634208723121,0.00468824957190406,0.00299172064024421,0.0142341233690058,0.00696157354985506,0.00182150475607902,0.00467154430017342,0.00358987517201038,0.0117627594233069,0.00285472522755881,0.00468185134493,0.0108620062039813,0.00483518669669205,0.00497009241587486,0.0020445045884453,0.0141572323914552,0.00775127931081783,0.00175286363089219,0.00258862507500973,0.00206095029926364
INS:C:1:0,0.00476110392748182,0.00635529322068519,0.00530718109483816,0.00350116760117511,0.00468296682018938,0.00786658009511619,0.00393889007871565,0.00500370959524323,0.00272935285232332,0.00684737607204244,0.00398645366407416,0.0100889577446642,0.00460175500439842,0.0142132778281596,0.00404906851226538,0.00498284075956592,0.00203017554411725,0.00701257154133751,0.00362999278206987,0.00626220348042124,0.00164010258149547,0.00770269724458473,0.00226230354708805,0.00247302824684253,0.00281166390942502,0.00549984877537911,0.00595429475002828,0.0033509486209686,0.00659609441762593,0.00751498996281001
INS:C:1:1,0.00846615376858989,0.00218866452651836,0.00663209150646886,0.00446352421481966,0.00390692036745102,0.00446100132911235,0.00344055693289347,0.0022376657377511,0.00277177211909753,0.00803038552778567,0.00304099239788239,0.00212745134782418,0.00987646192188868,0.00185566870155493,0.00417417227028755,0.00511103216220345,0.00351540266442183,0.00969341044890068,0.00347844555197607,0.0139744159217746,0.00721509270338942,0.0135882224728761,0.00738034303723311,0.00323021010639595,0.00588929170051343,0.00685706719697944,0.00323522808240666,0.0122436444035024,0.00800587080215931,0.00469214214171485
INS:C:1:2,0.0113527353101889,0.00200649646716064,0.00504894287998788,0.0048404735236469,0.00248205105373852,0.00314418780178504,0.0107305021803305,0.0147073015132461,0.00521051829302393,0.00346430307091577,0.00184048971341012,0.00184385472546128,0.00432352273579236,0.00436584804645098,0.00660078260188099,0.00604362301285468,0.00171696756699806,0.00251041539255891,0.00874772328406109,0.00638435211630884,0.00339581885795473,0.00357744675714007,0.00507623038781409,0.00292969365179027,0.00439403787352188,0.00590949500916429,0.0047935195072718,0.00310065279093484,0.00567857278155347,0.00853027849548451
INS:C:1:3,0.00893702465598218,0.00361373895189498,0.00458898907971123,0.011487840169193,0.00353116597096487,0.00314701608180618,0.00716253911281205,0.0162139159901147,0.00951128543111452,0.0120046503372938,0.0134532550383585,0.00415778394237579,0.00490753861825564,0.0121186159402178,0.00512904540822682,0.00315898337828934,0.00460418383228262,0.00384086367747251,0.011339900716739,0.0105599371177265,0.00297185193897094,0.0133526537579756,0.00181708886810951,0.00332231174438993,0.00316687565271328,0.00417013279844423,0.0119437123161435,0.00177096392690727,0.0041260659488099,0.0152582197598597
INS:C:1:4,0.00267495175212641,0.010376894834483,0.00541346291176623,0.00419857153287622,0.0111016982716925,0.00823120497544266,0.0147677703849943,0.00370626767917562,0.0025080079582222,0.00799729847301861,0.0036999766917525,0.0122587591335759,0.00170146024475312,0.00417569321373695,0.00317507507713586,0.00175793573562738,0.00393847711230784,0.0057630031456453,0.00265189191454507,0.00818795504094171,0.00223777498996556,0.00394932640264266,0.00597602576794386,0.00846524485017994,0.00236776271543822,0.00196681554653214,0.00473124290261025,0.0024110198364837,0.00395111007986138,0.00203869706723855
INS:C:1:5+,0.00283358571729611,0.00499851486768544,0.00230288762969839,0.00284274942068096,0.00866588263311065,0.00661258739479511,0.00188729479148864,0.00844497118988937,0.00746462294788676,0.00227151637002628,0.0017449522212677,0.010821817095901,0.00287450841257762,0.00731195528224692,0.0122584153419282,0.0020890536815598,0.00455437484906629,0.0017994743165205,0.00627356225722227,0.0128893750865527,0.00347763307330929,0.00731204360284616,0.00339042751154543,0.00186865307008165,0.00183753767668196,0.0122818186835068,0.00242235720300608,0.00790444123817651,0.00867531263453732,0.00828177783839737
INS:T:1:0,0.00210485162111003,0.00232007847061121,0.004541954718501,0.00446241140662127,0.00327682170734335,0.00271121871450492,0.00662445949377129,0.00209870717462473,0.00269561658608589,0.0043626420115805,0.0142361104608762,0.00322130766669032,0.0113230006510026,0.0101947213032604,0.00793473917993271,0.00631448067997572,0.00258133757595478,0.00271553729526341,0.00151778022862797,0.00869751898551074,0.010623214811519,0.00333756657582414,0.00446119077533581,0.00969263905776528,0.00280770132163772,0.00183642022685494,0.00234950073030415,0.0169549884645848,0.0129195283969882,0.00234328268487598
INS:T:1:1,0.00972091816840271,0.00245896545411188,0.0110981377943749,0.00172656925038169,0.01537381919293,0.0148946278351427,0.00577095212461903,0.00166406304384045,0.00892420051933516,0.00205502352990622,0.00255969488607049,0.0138347541355481,0.0031620297886803,0.0102712377017253,0.00275455004131798,0.00469274066846496,0.00203279486802554,0.00427811071724046,0.00806581300224116,0.002284796037091,0.00262935936211785,0.00338123745081194,0.00863020484638233,0.00174924351384118,0.0125657927209655,0.00237502017115767,0.00195730520838318,0.0128749365177143,0.00211395614863799,0.00688787862775742
INS:T:1:2,0.00653781905384575,0.00257884995974765,0.0048617915543338,0.00532535682260403,0.00452354541175837,0.0103979043008665,0.00470913793867337,0.0059537152784941,0.00258604033536961,0.0159568331383026,0.0032057675080542,0.0051299265398518,0.00173661101277394,0.0020983405814249,0.00412559741582891,0.00457985656137273,0.0146248998263758,0.0108216821140918,0.004935711034935,0.0109413226030191,0.00201649086889287,0.0142044273378811,0.0156173216423172,0.00304179601730458,0.00752377498680488,0.00220425905297756,0.00261057596289213,0.00800181717796427,0.00575638857696222,0.0142121066167943
INS:T:1:3,0.0123254572808446,0.00829525099935557,0.0121285326646237,0.00697018283517783,0.00195378881090607,0.00206747836843736,0.0155177307824966,0.00442794949247382,0.0104788963386069,0.00169475475063375,0.00462376159379994,0.0055284153158856,0.0134922388957901,0.00664002230636317,0.00329227574307855,0.00236917118150617,0.00667029859919032,0.00925715189598926,0.0142977088370982,0.00864578494217749,0.00421961701107464,0.0121544903615955,0.00276081720977255,0.00391497217335788,0.0153938626244827,0.00294083751486682,0.0136916561986819,0.0018639155703558,0.00349343945131745,0.00527631209265348
INS:T:1:4,0.00421932019386557,0.00701376416648175,0.0071548950001689,0.00219309187423648,0.014612793844971,0.00233210772753716,0.00491666721021458,0.00794182179837391,0.0100964062449052,0.00223147289214605,0.00298303219549082,0.00701014013592912,0.0035275276550296,0.00770011248678479,0.00158610235087473,0.00814010629126951,0.00744992219686398,0.00341862299150964,0.00687178949589678,0.00617291663371131,0.00475509413029206,0.0120517608531625,0.00519178138193707,0.00306690864597602,0.0054154857308511,0.0142142984329828,0.00325541483314912,0.00432859444242243,0.00497770875606813,0.00775556786416889
INS:T:1:5+,0.0032904524470339,0.00440917278548889,0.00884549083990936,0.0124918843077045,0.00297959233023852,0.00857954348217804,0.00963438332195967,0.0137055007419078,0.0151641387101191,0.00672734709171896,0.0115663713210181,0.00433289551879699,0.0018793084627236,0.00261215797025961,0.00696259391462079,0.00931158974570389,0.00468096816567256,0.00689651886682863,0.00207114469233197,0.00189365901948247,0.0107004969445993,0.00531704169602096,0.00457161566537863,0.00611795046763889,0.0114426072431132,0.00793275602429477,0.00460136761863966,0.0021280862945534,0.00322661454100277,0.0150539894414931
DEL:repeats:2:0,0.00408175180667993,0.00449925532476508,0.00697445551905065,0.00650976269973642,0.00300942531438418,0.00612215240231035,0.0120995034979179,0.0163576543438225,0.00561366668884778,0.00168733667260751,0.00435702916785245,0.0040903395468343,0.00593547295547423,0.00480970956391961,0.0118311626664404,0.00395373966852201,0.0032344769934876,0.00383333709822203,0.00378224932402075,0.00399491082341357,0.00178849277520273,0.00880502640768558,0.0039845302048719,0.00282598713673956,0.00230048442409208,0.00650938583810875,0.0018775592121877,0.01381623483713,0.00570860375231262,0.00855321977126801
DEL:repeats:2:1,0.00391674342104911,0.00226122792634852,0.00195555662565508,0.00198639496830477,0.00379076392240432,0.00341129999530664,0.00456550732103374,0.00946332135132322,0.0152444237672571,0.0158958777127117,0.00611076607329407,0.012159915729565,0.00178015819537469,0.0060311264391749,0.00181145872570437,0.0121121185371465,0.00461676003151746,0.00679392052311148,0.00433322400684754,0.0093919936714849,0.00682145125446148,0.0134813403388764,0.00849849939437932,0.00234216231171575,0.00620479947018106,0.0107450003782236,0.00405579271328614,0.0113801770954023,0.0131827997801113,0.00399952199339664
DEL:repeats:2:2,0.00352920194460578,0.0141908040103436,0.00283299046483925,0.00230068924482145,0.00588424448161612,0.00257904034855091,0.00240428132864566,0.0078265862745368,0.0064387963460866,0.0113960091561216,0.00639238710385689,0.00606995408738545,0.00658336886585477,0.00260194042035816,0.0075037374639432,0.00486515132725864,0.00497841131595228,0.00322685301672714,0.0116421821913382,0.00267607129286955,0.0117538259771879,0.00817626739829109,0.00621153451997473,0.0150650849589388,0.00254536554254435,0.00435442733584181,0.00203583682880803,0.00361579631766846,0.00252410335736183,0.0143668360949284
DEL:repeats:2:3,0.00295191574101859,0.00313458501922508,0.00965186128558863,0.00239212629446161,0.00301450158124042,0.004569020202215,0.00259011622385641,0.00986037992590248,0.00351968279636841,0.00162295361548639,0.00967165289316077,0.00206278517208584,0.00170995570510025,0.00889649797197909,0.00499144161569991,0.00365088913762274,0.00229449590134076,0.00330600545860042,0.006051781450938,0.00283130678823615,0.00322715368530206,0.00401038099503699,0.0159555431588646,0.0018793026137348,0.00532853722398773,0.00257327173812924,0.00589856948637454,0.0052149274222093,0.00529542509520929,0.00296857598575777
DEL:repeats:2:4,0.00526237490821796,0.00587511604861727,0.00588927851866617,0.00527169756694138,0.00967815099049952,0.00361965334670748,0.00275697995704955,0.00383417189161629,0.00272367881401849,0.00229101232911088,0.00392030860728969,0.00247663245681282,0.00389397614389137,0.00237877655964446,0.00159503196478327,0.0048193644416984,0.00594620616762491,0.00543129599962234,0.00286524351288713,0.0106735165567312,0.0117975132635618,0.00178832873709006,0.00882560790269282,0.0020440500060932,0.00459943645527819,0.0112676594503222,0.00396071135946847,0.0104520951529881,0.0129347895665548,0.00186865430880899
DEL:repeats:2:5+,0.00455917015849227,0.00259125160947051,0.0148582459746902,0.0119387883403137,0.00392142365791384,0.0141886612191653,0.00290118834677228,0.00759033905479831,0.00499082600185389,0.00358080839242286,0.00179702921567333,0.00313340298813749,0.0141159056769446,0.0077595039045865,0.00719341112978103,0.00286463000797302,0.00170700394913193,0.00853134721320502,0.0065559286102004,0.00479626156381633,0.0104883918957989,0.0120970236187956,0.00358693920607407,0.00478744079643366,0.0047506824168834,0.00278971156516074,0.00185913978386652,0.00261146512212834,0.00249563732737282,0.00468649744036471
DEL:repeats:3:0,0.00650955546497283,0.00617912263592951,0.0149455617315769,0.0124841420542427,0.00475052146003073,0.00260004577204047,0.00249965780416211,0.00169819315743064,0.00533910054668846,0.0118194129118392,0.00363176886549688,0.00541335328069541,0.0109382688942859,0.0152419338813863,0.014099770115539,0.00178794944602071,0.00832026015486007,0.00510954496473366,0.00567754957310718,0.00318458056664447,0.00508657981306148,0.00550923899501304,0.00874268764609167,0.00276660553110657,0.00734821816599562,0.00729562489057143,0.00968370158984956,0.0119953734262796,0.00712283301911714,0.011019754371188
DEL:repeats:3:1,0.00360805952634816,0.00699920175552107,0.011042119998245,0.0125886655639204,0.00275720785083194,0.00512085762682464,0.0105680809957504,0.00560620637062533,0.00414993411123545,0.0156962343270835,0.0111229091111202,0.00993954329507867,0.00363727024220339,0.00427086617495391,0.00180176597866663,0.00947984433967273,0.0020859688886346,0.00942411675362574,0.00937687549159411,0.00145900944495307,0.00434440012686701,0.00489180739708368,0.00546249071686307,0.00815477756451548,0.0138626743111565,0.00222797826028967,0.00253633405384402,0.00313662013464941,0.0046131418621298,0.0026439073833322
DEL:repeats:3:2,0.00256556550078234,0.00247412848870138,0.00404458540700744,0.00390669551945653,0.00528940012621694,0.00988084250661614,0.00607934846075968,0.00296296345359454,0.00199684693634477,0.00217660000689178,0.0142158829198434,0.00336528649397125,0.00980891300355566,0.00296006957181634,0.00598056655789312,0.016211260905101,0.00310267544147504,0.00432370268595537,0.00440225584477349,0.00839345759812281,0.0141021943252765,0.0098312979708438,0.00350555108318789,0.00325356506162557,0.0111405104570192,0.00211976028733,0.00331933207368315,0.0018406746959029,0.00572670366667109,0.00713571556221904
DEL:repeats:3:3,0.00253671509837968,0.00370865456693714,0.00211482254728161,0.00333599058208398,0.00273572498054217,0.00169822292662012,0.0146994566666126,0.00446578994195542,0.00950939646697064,0.00569137177644367,0.00389777913989357,0.00768145593912135,0.0111482907498169,0.00403987336399476,0.0104661689420357,0.00857839957315307,0.0061616602747186,0.00433053659355593,0.00428955015732783,0.00157048390356732,0.00822226995606793,0.00203377768576127,0.0144104423576914,0.00572875362689387,0.0125688628177266,0.0131851468536614,0.0134431124190795,0.00518895773544481,0.00793191028788606,0.00204247059487036
DEL:repeats:3:4,0.00820417912953589,0.00928815889703651,0.0147576110046929,0.0104335237609861,0.0025266384628333,0.0131549106453057,0.0138452642673978,0.00644334080068655,0.00180597861266915,0.00177815912599183,0.016087590655897,0.0094415306314099,0.015795541708153,0.0033205557855357,0.0109647480400048,0.0100157302270359,0.00966435118536825,0.00190225648728147,0.00407393866287769,0.0045240106491545,0.00485953020686382,0.00180949486187862,0.00714510874592272,0.0121354096302374,0.00172657630418672,0.0040887245502078,0.00204636705763192,0.00177183860441785,0.0133018427499072,0.00243606133281363
DEL:repeats:3:5+,0.00781782009157246,0.0074622591324267,0.00176730506195252,0.00330700706895227,0.0158382497426246,0.0104357216152607,0.00506638322861712,0.00367139651413355,0.00319788930633045,0.00238151469312164,0.00848616788757169,0.00447021392607063,0.0108821158854098,0.00172285857823682,0.00209768526345196,0.0141227339488359,0.00350715472937465,0.015901723202464,0.00879378754441273,0.0109235359286031,0.0103963729444238,0.00150236130051974,0.00662175089168451,0.00193318985622586,0.0147273074737154,0.00248429074081346,0.0104367066561587,0.00215908248181812,0.0110298920504498,0.00568855330978017
DEL:repeats:4:0,0.00838009460778311,0.00194497566891327,0.0129791268442232,0.00447126914457731,0.00853406165058205,0.00302402305530704,0.00522159607369075,0.00648326426394562,0.00182045915753401,0.00183282805462079,0.0029401119522925,0.00705326856148722,0.00285625977560065,0.0109264412776221,0.00569273345360656,0.00256545953810294,0.00188816172701108,0.0109153880836785,0.00263915485185257,0.00210275671313522,0.00677563996509099,0.00236896380680367,0.00991251364620683,0.00267372083847327,0.00366165438911015,0.0102161368905373,0.0027649079668664,0.00203849332052837,0.00179118991982757,0.0160341122457095
DEL:repeats:4:1,0.00890411934366436,0.00239594728280755,0.009131483891682,0.00341345533710042,0.00414232414838567,0.0132993355660152,0.0020794853476088,0.00404271394796085,0.00226267377125059,0.00792603989811794,0.01165121327137,0.00651353493339525,0.00191645840812465,0.0075823301378011,0.00670189709844439,0.00196299414694142,0.00748489962849074,0.0135257427525441,0.0030202343752908,0.0136393831974489,0.00866526157555151,0.00445447204586545,0.00314516407855441,0.00212510466879591,0.00638199261015476,0.00596097173038946,0.0103914028848719,0.00629962038104049,0.00333577405666313,0.0105468673313196
DEL:repeats:4:2,0.00295025496977062,0.00203324477682032,0.016315823005099,0.00573387811683796,0.0109325075773459,0.00163030014632328,0.00196662229701348,0.0139452405098025,0.012120042576071,0.00342586355866182,0.00195366911716946,0.00365738886653566,0.00886070892488237,0.00182692520366623,0.00769348306833974,0.00168345061885188,0.00862838233820261,0.00329373155024712,0.00682152295965419,0.0136358703954493,0.00309310948456742,0.00849801634345073,0.00673517741053919,0.00628719985977014,0.00444069808831949,0.0100590476547866,0.00875456508606604,0.00232761078671372,0.00410867191097439,0.00447321587853568
DEL:repeats:4:3,0.00219793202406673,0.00506562408734832,0.00388524798003027,0.0166359384268247,0.00467074222265302,0.00179370488045134,0.00362779668099491,0.00267017105682991,0.00238003978029882,0.00360256156252752,0.00266790615872433,0.00703797554447248,0.00307953286656754,0.0146476269304327,0.0142213492603601,0.0020966634300258,0.0100794496071136,0.00887095643468142,0.00771547820158411,0.00475765208557155,0.0122277744374834,0.00522980115503075,0.00191317107902059,0.00416616796633223,0.00569647794667274,0.00712181412682665,0.0116244776267451,0.00286923472250612,0.00179517239164589,0.00701507917096795
DEL:repeats:4:4,0.00205025921716838,0.00775308602539309,0.00693305540329795,0.00382906643144533,0.00567659680402932,0.00190839144028798,0.00664594755238823,0.00480726013374782,0.00201898037826645,0.00502950365335468,0.0110788801334582,0.00199099814166242,0.00886843113208135,0.00942277228805257,0.00772729316353928,0.0065558624496276,0.0146144563710212,0.0101580258359412,0.0138955194511585,0.0118563482312607,0.00947192764232634,0.00230968266723101,0.00216642886089501,0.00177942277603668,0.0152923793467322,0.0027675778241808,0.0181034297877146,0.00368127142984412,0.00365117215017084,0.00839596413430799
DEL:repeats:4:5+,0.0117899594113406,0.00292143166734394,0.00416567137219366,0.00342564013935771,0.00377719077875736,0.0141153343272857,0.00533321080180877,0.00785658509874677,0.00331051550259122,0.00349894178709077,0.00495892433213345,0.00528059116184161,0.00171547583525365,0.0139458311306398,0.00301259852117045,0.00474224799828097,0.0099512324666761,0.00375443525055983,0.00571698048934533,0.00706284034111481,0.00319289879510963,0.00157478278470729,0.00305948218167946,0.0133949355703905,0.00181824348071815,0.0153622603122969,0.00279679556924023,0.0153835437908374,0.00235910795471196,0.00571643430306076
DEL:repeats:5+:0,0.00556363634710389,0.0137621118994979,0.00227379601325145,0.00340400484630763,0.0018720722234032,0.00448912028446465,0.00891998235506298,0.00589042742416312,0.00764946368916432,0.00300472045055587,0.00359804263825089,0.00231375975003188,0.0055733050687244,0.00321468826461776,0.00743293512744577,0.00327682478415576,0.0139868114803343,0.0021749230972428,0.0064676444847615,0.00189845367316548,0.0142770611815042,0.00514727326877903,0.00345948411176145,0.00445612414599979,0.00327491445240339,0.00788765153675372,0.00269558029941942,0.00573716515543763,0.0145989276959237,0.0150319171718418
DEL:repeats:5+:1,0.0041572799550402,0.00295810722456071,0.00469883662596452,0.00916492330936522,0.00473834631590067,0.00646570000847805,0.0142177664843462,0.00268074891036907,0.00189446400385387,0.00531974169102293,0.00797926653059546,0.0104216141630615,0.00275442268082222,0.0104599804155717,0.0038335419668644,0.00589951435494787,0.013877240833826,0.0160498393617835,0.0124563568044602,0.0109839788178802,0.0037072845911859,0.00402829704567218,0.00820287772442335,0.0147095056476579,0.00850584075499701,0.00662579266003454,0.00288227166536099,0.00514969418354189,0.00278579239812848,0.0108631168616157
DEL:repeats:5+:2,0.00362314001923079,0.0112777012519106,0.0130912419318364,0.00843830377116315,0.00536480375861023,0.00191936367781256,0.010205374281883,0.0053836714353691,0.0116188996715643,0.0121269636848122,0.00202519177972766,0.00171027026409013,0.00230751622117825,0.00261545992322811,0.00828960973541358,0.00588472650283283,0.0060549548797368,0.0129799572134677,0.0110776755470448,0.0102112886266941,0.00637656855802525,0.00705144217173445,0.00276193065770248,0.00486995916514307,0.00873761516693413,0.00241104621623583,0.00311554724106479,0.0071800505273991,0.00492745280178357,0.00338486807387544
DEL:repeats:5+:3,0.0155341674373891,0.00155036760629518,0.00225124415060295,0.01253294362126,0.00710900072766359,0.0124178110697432,0.00540729605064101,0.00452939947643522,0.0106046986014567,0.0149973614342842,0.00268048885095181,0.00239407294552046,0.0146509497020746,0.00315683368673193,0.00688511016295248,0.00273599208399877,0.00361316383512426,0.00236028332236061,0.0107283917674401,0.00849676150237034,0.0136056555986486,0.00978898701394854,0.00421535665175904,0.00515553898808519,0.00452093095309129,0.00980209865489466,0.00215994632861909,0.00274525508445002,0.00260903964241117,0.0135827775331637
DEL:repeats:5+:4,0.00484354144044137,0.00326658983577578,0.010487846247205,0.00451796455413918,0.00266403787139799,0.00612666432198984,0.00482368905344491,0.00228761123927962,0.00213668279383226,0.0109301029047251,0.00207894965559769,0.00383677288495159,0.0127772429610961,0.00159827206391407,0.0118602596866827,0.0166051716769262,0.0138196980084247,0.00186290732200602,0.0124356295078407,0.00437818739035232,0.00844218219401116,0.0019001481912497,0.0112026282097292,0.00861385181383324,0.00946212490343865,0.0121462941448681,0.0113761227017905,0.00220958716513256,0.00278203324896072,0.00703431894515359
DEL:repeats:5+:5+,0.0066070961270668,0.00522305093545472,0.00282778677160635,0.00520447056328271,0.0128689514555345,0.00285432502688815,0.00295822477617089,0.00479132507815576,0.0034396177399173,0.00455283464963513,0.0136542795082814,0.00559300738812134,0.00415232425800648,0.0117612938335811,0.00578924033203334,0.00370289784802405,0.00308570866293432,0.00771739929994175,0.00600923757772325,0.00898962496281338,0.0160402943722819,0.0119722768975853,0.00494944135490889,0.00274786900326156,0.0103766179125732,0.00186158288417774,0.0134944287117055,0.00302904839239863,0.0080120899838683,0.00402370080289476
INS:repeats:2:0,0.00442046139470528,0.00171432518797939,0.0101694122567396,0.00814744447642134,0.00519601907225973,0.00276384545901331,0.00334877921871282,0.00370501813563855,0.00763088119090958,0.0033588089863853,0.00426493696424353,0.0131807285465144,0.00669561509980508,0.00295856001209817,0.00623541520330905,0.00222610641521839,0.00740439057412488,0.0051981849374743,0.00444874220102127,0.00822048511109632,0.00776827194913054,0.00362769808980121,0.00327084648120177,0.0136987158797513,0.0130202276061742,0.00384705464409309,0.00781162517579767,0.00504428181468202,0.00673237559554388,0.0084345335931809
INS:repeats:2:1,0.00576343855287905,0.00181128360192606,0.00843692875279239,0.00567875018370264,0.00541336223096928,0.0141915729583139,0.00460181152414538,0.00876173692852108,0.0103455028616804,0.00202872208263976,0.00694743134956158,0.0128145688672296,0.00277205056082125,0.0036448182448933,0.013940964027495,0.0121361325814893,0.0106789639346811,0.00400103949395177,0.0126626290538784,0.0016455794434848,0.00378814459920246,0.0107301212069801,0.00224134706305008,0.0021250688291592,0.00503149505482812,0.0141918697733315,0.00415630950130196,0.0167301443636451,0.0120190026261686,0.00256096271505473
INS:repeats:2:2,0.00260622493552614,0.00186668881375204,0.00206909112795981,0.00477380683803805,0.0127079264704265,0.0129740493809277,0.0105501887269928,0.00388458397465134,0.00318319340194277,0.00307796123590046,0.0127642736821771,0.00609073069883569,0.0105979043011547,0.00806233242576576,0.00986838758298801,0.0112746604775356,0.0017669027953703,0.00520626480610839,0.00293794056311748,0.00162557498999849,0.0120036060086284,0.0136828908884032,0.00397749799963822,0.00215911222119612,0.0058273401638516,0.0122470568007988,0.00962588583099179,0.01105863847561,0.0128820450614561,0.00439084942826192
INS:repeats:2:3,0.0165172673946748,0.00539712117467304,0.00369553057404634,0.0100426029325033,0.0139335619640983,0.00195862062095606,0.00477360886847847,0.00181536823207069,0.00670051621275778,0.00235992847767959,0.00749224401059506,0.00696386113863069,0.00358428122758981,0.00633932387505403,0.00312075036124041,0.00800907231849047,0.00241765991047631,0.00829081347846868,0.0106217377076388,0.00268000769798079,0.0018354853447833,0.00190984700378197,0.00924893128300217,0.00300578228248207,0.00266886637040696,0.00533632928854258,0.00434296617074995,0.00323426003240123,0.0127913594185797,0.0052884564272242
INS:repeats:2:4,0.00193862853911071,0.00880654884876519,0.00178570942669601,0.00189041941266928,0.00268553163501422,0.0033037821747694,0.00636539257677447,0.00179680344386002,0.0133101972784129,0.00758464496102801,0.00213212669536311,0.00518926932274922,0.00206061263035897,0.00659641523654897,0.00315153769941918,0.00524555601301531,0.0123612439808169,0.00274816735324902,0.00459205983149154,0.0043677899924726,0.00240004180229029,0.0108281796027753,0.00436795554078491,0.0040067050861351,0.0103982864734512,0.00165915414298574,0.0133652452336307,0.0105906969459034,0.00548635661769163,0.0129240811094682
INS:repeats:2:5+,0.0112317728528602,0.00297942269720419,0.00399848490371922,0.0151664121181864,0.00343501823070055,0.00207535497250974,0.00238263751042198,0.00203630823606971,0.0119980014830855,0.00330202203944025,0.00524005474483073,0.0139898394969497,0.0143371897292838,0.00175277251421449,0.0148574640755903,0.00295012247294317,0.00205678267246081,0.0146507029500229,0.0137017038414264,0.00406245480139598,0.0105266495299803,0.00174250152970889,0.00299790631709947,0.0108759218763357,0.0022965228322097,0.004873496918328,0.00580987511107561,0.00671932910092961,0.00169193015739478,0.00872087421465245
INS:repeats:3:0,0.00470611024998433,0.00254146892331922,0.00330517912855711,0.00180647071204563,0.00734750977993758,0.00460139065938762,0.0068497057096,0.0058322414154812,0.00347491523466827,0.00841893219892317,0.010336254142177,0.00440427744648546,0.0121712044881277,0.0132072510594447,0.00289564639533028,0.00179332551326905,0.0030463600389814,0.016036205833862,0.00680933413290661,0.00929388197647663,0.00421245704602939,0.0136192037232127,0.0125717615125025,0.00257609107964744,0.00399637928977347,0.00340122145786987,0.00193045628601347,0.00240230611936175,0.00221300334757724,0.0112765039309887
INS:repeats:3:1,0.00654574066850565,0.00427852383163312,0.00452070943226178,0.00925801290409414,0.00186529946101832,0.00282105588799727,0.0028510673842064,0.00198316702996501,0.00720732151678338,0.0033672677379215,0.0133599095931588,0.014962896459608,0.00622575278646972,0.00181220828611986,0.00221626272653485,0.00279600688985843,0.00695053510905037,0.00879048071260174,0.00403155891008497,0.00387694597427296,0.00168285259957401,0.00316396457163841,0.00255638970888421,0.00225593258191365,0.0026307410757223,0.00525523208873532,0.00409943076439042,0.00987608459546147,0.0105852235239482,0.00192155164658474
INS:repeats:3:2,0.00175362268872683,0.00656655695427613,0.00788801381916035,0.00640079836415547,0.00375062999275896,0.0120598398301927,0.00458539820619022,0.00338655219953782,0.0104340401193895,0.0023492254899207,0.00273113855835607,0.00383217598881708,0.00540876678305319,0.00405348189925625,0.00167906392090829,0.00296985227855685,0.0138170111539314,0.00630755224583835,0.0053760650515628,0.0112118789029642,0.00675421675923477,0.00173465687145346,0.00428300185357538,0.00244189494643422,0.0141698194943064,0.00579486328831734,0.00859750238626087,0.00350370173920612,0.00230317866943005,0.00775997656872318
INS:repeats:3:3,0.0102563063865339,0.00292602992943402,0.00619714941428219,0.00497170392699001,0.00449462356070809,0.00249228349237062,0.00961200598082423,0.0137733700326895,0.00679676985011678,0.00264008384883898,0.00263784158465318,0.0074201318882858,0.00506696904482739,0.00489356293673599,0.00850207016708344,0.0165853261690279,0.00188779766693321,0.00383595198779353,0.0118129414116761,0.0131590396132768,0.00537164408001952,0.00161639807563418,0.00547761749231607,0.00363291185644231,0.00446810913407978,0.00374857149878477,0.0107019266765789,0.0136713512644182,0.00246657824327171,0.00187338875519488
INS:repeats:3:4,0.00174184075052207,0.00994730080924118,0.0142701044424053,0.0035225200220524,0.00313444698259598,0.00218729487669501,0.0068357505821991,0.00610665369166559,0.00364556580311363,0.00538412720629154,0.00220599251131922,0.00386145863768984,0.0122151966491549,0.00351959513394997,0.0146348711989414,0.00475917424002533,0.00170174832099793,0.00257539585770497,0.00875098964278434,0.00640330650202602,0.00305558504617117,0.00925943480835477,0.0018671435997679,0.0086167247164775,0.00924713550151586,0.00571089169159152,0.0040059680683563,0.00620838219220905,0.00781106174950386,0.00480201633457089
INS:repeats:3:5+,0.00435044020435663,0.0135302934990018,0.00277420680527262,0.00213159382621263,0.0102149485320141,0.00282664184373272,0.00564072644890942,0.0133619909563503,0.00791291270900306,0.0047984114514134,0.00729856866668072,0.00894111838585671,0.00821555813278554,0.00478306265976025,0.00823119280363081,0.00586961912743782,0.00349282199878873,0.00353696362223995,0.00275911425538473,0.00990419517091614,0.00197658381499463,0.00811191025845425,0.00346853983156031,0.00420526354912354,0.00273383793428107,0.00534144610123378,0.00318472492493281,0.00231462836991455,0.00824359106787074,0.00904884053419298
INS:repeats:4:0,0.00453141131016177,0.00214097055293351,0.00229968544052367,0.0105651874464799,0.00633307761389222,0.0136195013556808,0.00277835206786383,0.00395196473019821,0.0128613034279687,0.00210358394930692,0.00634731518652265,0.00712934921299006,0.00218339875954254,0.0023637948591785,0.00163078155182401,0.00181719959428774,0.0127341052757191,0.00244266712262651,0.00155335220827532,0.00212783911919466,0.0106954081350272,0.00607945181561044,0.00991428563499585,0.013513999515015,0.00662799311116284,0.00401275072937135,0.00550896057790373,0.0107139099456801,0.0100426001887446,0.0053916279541782
INS:repeats:4:1,0.00235891126247919,0.0138006554874237,0.0138857456915871,0.00420559116617758,0.0060184145436264,0.00985030432066738,0.0120067540002822,0.0157427184620641,0.00522536021424603,0.00868512664102305,0.0118353342246082,0.00499301283533038,0.00282156242642988,0.00575667579170996,0.00243628250096108,0.0079439146520753,0.00900575388425103,0.00182729577319351,0.00248774425759166,0.0131300467513187,0.00991659629803418,0.00533475748260847,0.00425611653028088,0.0119202113640163,0.00242202214941803,0.0122555880144385,0.0126851864195542,0.00594932012381155,0.00228676692204282,0.0154067588385514
INS:repeats:4:2,0.00320414987908784,0.0106948849791928,0.00822517912954061,0.00290778421969699,0.0030792133972101,0.0102829628662176,0.00247092674735034,0.00288657654213054,0.00509196042617862,0.00787391899332083,0.00391635099034175,0.007037044144711,0.00819995224850501,0.0140256622559777,0.0049511226030436,0.0147799002100827,0.00334462726439683,0.0056184133385849,0.00226217913441257,0.0076438341576341,0.00671945153926558,0.0146811935635087,0.00260260416530475,0.00785128927401666,0.0131813334841765,0.00800521317655608,0.00698893629688547,0.00694433866794966,0.0112183782598046,0.00369150232313547
INS:repeats:4:3,0.00193699210769927,0.00315731065722935,0.0037372921683069,0.0085799666015387,0.00353050869799318,0.0141107238365701,0.0163582490385668,0.00222289994132406,0.00876266161810583,0.00497358589555187,0.00843061487798047,0.00578722899726701,0.00931357973281447,0.00257174089778219,0.00658983117308571,0.00754546087719054,0.0122177302777428,0.00586073339863629,0.00598009001227343,0.00457108364113629,0.00723273747569501,0.00724130247068883,0.00340136377982153,0.00303857577318013,0.00288369206733833,0.00161667349439362,0.00354246314280183,0.00634095411910901,0.0088688008275051,0.00178772555151153
INS:repeats:4:4,0.00651786447126002,0.0117083654070877,0.00202223806988709,0.0152377640431954,0.0033297793786294,0.00465614540744138,0.00426023022653362,0.00280803562353707,0.00893456963689447,0.00601711755968233,0.00763628907371419,0.00166605858470838,0.00692709672897694,0.002177074726496,0.00993235540726432,0.0044468667737608,0.0086154605607709,0.00674181966653659,0.00266054455981193,0.00233121410184821,0.00407203823427746,0.0043989826446747,0.00186312219378095,0.0101834369780547,0.00239702734590513,0.00894673938792748,0.00192212847748218,0.00230291823146634,0.00812615757199399,0.0102766165996267
INS:repeats:4:5+,0.00185773303187191,0.00867103270455792,0.00551501748030631,0.00473468884432657,0.00695293077968414,0.00778950832400767,0.00441539828896224,0.0156651566857134,0.00510616227752127,0.0070087475402874,0.00356374396706862,0.00168949509467549,0.0016939173254912,0.00168820272111154,0.00192334172824209,0.00854955047635409,0.00296231056745424,0.00364207657767217,0.0054899959823305,0.0137753871536465,0.00298354557699927,0.00615286258877736,0.0103697310546505,0.00468532651670733,0.00270104038862717,0.00644974953950229,0.00697266873570692,0.00465543607195744,0.0119326686220699,0.0124053519039775
INS:repeats:5+:0,0.00298643221478999,0.00725335566793484,0.0121681032122267,0.00499193091062405,0.0017087201227698,0.00336930255803078,0.00324973569789777,0.00247823159394621,0.00556443176253357,0.00568443412236994,0.00384157346287209,0.00431291825821776,0.002512241503116,0.00238692016922062,0.0069603797782693,0.00462066140266445,0.00246640685166274,0.00428196726198602,0.00178074326559857,0.00510705837233452,0.0160590560272914,0.00451222473738057,0.00190844951052382,0.00803581275665361,0.00198544233229135,0.00533753689916199,0.00240097639444565,0.012900852618969,0.00889237614810261,0.00400947999320913
INS:repeats:5+:1,0.00225355276315036,0.00493263235581118,0.00621205108398925,0.00227524969575128,0.00271276587681018,0.00188699864355742,0.00577344903500693,0.00452717320083655,0.00232172095409972,0.00194090433737701,0.00640785235238974,0.0069822362351362,0.00659382378164665,0.00404627403345263,0.00875189638987005,0.00726970770775779,0.00259448166949319,0.00613087516015705,0.0111549333006389,0.00644424432224661,0.0125918482830414,0.00213167385686339,0.00197062970974026,0.00171945047446466,0.00447777308810094,0.00706251184476847,0.015439656009423,0.00295381115628379,0.00595689795894732,0.00171122807671244
INS:repeats:5+:2,0.002685558516105,0.0119015959728735,0.0086185704736173,0.00325094015936542,0.00272202675117321,0.0126656708654843,0.00371161055564743,0.0148818392192721,0.00257399919825009,0.00436226168171477,0.00221159458710981,0.00280253301992508,0.00202637503764026,0.00958055851038066,0.00309459025712129,0.00816558448554604,0.0155559287267782,0.00986076720250416,0.0020387010006727,0.00378069504034908,0.0052020042690923,0.00462583990305412,0.00666078061138209,0.00266296136695565,0.00327486132292649,0.00202340178090897,0.0135493620797991,0.00665338359592061,0.00873222222425795,0.00418972146626751
INS:repeats:5+:3,0.0137446108354404,0.013576672533824,0.00555677890567612,0.00538696192063546,0.0056218329989227,0.0129057624419445,0.00549297931817624,0.00567044602237164,0.00797578415605509,0.0100138868422861,0.00635042835797838,0.0144462244439397,0.00324663987873394,0.00397993351984212,0.0132224348624762,0.00993468477432316,0.00553999064955422,0.00315167401538066,0.00625046156410192,0.00824843537920317,0.00908425610201498,0.00678755603377735,0.00703436917954981,0.0119971540301001,0.00440317213911552,0.00158813745034485,0.00608002495922494,0.00959981533382433,0.00195703713276506,0.0086000053265868
INS:repeats:5+:4,0.013684670321064,0.00181202629590258,0.00451957376062539,0.00204427119996808,0.00443857438058584,0.00230383569065198,0.00645087754794325,0.00228140289064386,0.00194595757213977,0.0154587491146202,0.00968981161956518,0.00811756969518698,0.00605519602983756,0.0132677906705025,0.002247929471877,0.00216072403769014,0.0017645735741509,0.00654948751444,0.00401675434647566,0.0067665373122636,0.015178490349281,0.00823295838701775,0.00805228503692728,0.00223194445745955,0.00187013170648729,0.0110101691217509,0.00248396906330891,0.00526357839701217,0.0112287795194951,0.00189263022241117
INS:repeats:5+:5+,0.00509951525590103,0.00292492034837446,0.00426818835800982,0.00276386184584867,0.0109448051393126,0.00706586591425531,0.00303840535005209,0.0145583758145283,0.010213626300031,0.00166398683249311,0.00473287422672124,0.0136814794414024,0.00479332948491483,0.00512173422610227,0.00267689749019684,0.0148952347453045,0.00702184574141632,0.00431297460246413,0.00672415515739505,0.0125644164877737,0.0037898464655594,0.00604540485524563,0.00202199907936169,0.00195096341135035,0.00308707776415773,0.00193036480021652,0.0155703448632043,0.00648825784438875,0.00265189154594226,0.00981372425081762
DEL:MH:2:1,0.00235914620157193,0.00677457651782114,0.00214524966838071,0.00556183524360682,0.0118850021320893,0.0120148838854487,0.0045281989216944,0.0128912998750646,0.00674034528582079,0.0153589867815894,0.00521520103424101,0.00186386937704141,0.0158283575593661,0.00431185954429919,0.00357554560891814,0.0101518288185106,0.0116355025205504,0.00355076019672304,0.00567807437665998,0.0115530513848741,0.00177112183504669,0.0015297956438989,0.0142521063867989,0.0126623053688856,0.0087146698554545,0.00303968400591126,0.00470061205374904,0.00208727294255044,0.0132568967879608,0.00193244134686908
DEL:MH:3:1,0.00295295608622277,0.00378768380493598,0.00439092063621378,0.0100095558482791,0.00197789666269785,0.0102285104206478,0.0044958515761916,0.00529766938445405,0.00817734136380079,0.00211162074830991,0.00265427455467208,0.00784367706915936,0.010212231060333,0.00404403176629708,0.0103029960864432,0.00578694932100617,0.00727302848094316,0.00427795885265034,0.00259352708580231,0.005664140185619,0.00648488182839267,0.00160026869582224,0.00701156823353321,0.00300505541245082,0.00433644801400864,0.00202763057839638,0.00341531166890644,0.00555423874177244,0.00436428079168537,0.00912644832527715
DEL:MH:3:2,0.00681940089092777,0.00300982451216559,0.0132595404137635,0.00337597362168938,0.00429986365210544,0.00275922308952681,0.00855532602311758,0.01158391879846,0.00411240445101104,0.00689908857921228,0.00179556209698564,0.00457655652355474,0.00279925631995779,0.00630660917620266,0.0118091712936244,0.00171622416171853,0.00340540911914641,0.00456054195624548,0.0118749606855901,0.00545226101452892,0.00269221293273905,0.0126707832767712,0.00832528577581445,0.0103053949665265,0.00543006830637553,0.0057132850732172,0.00193949189174457,0.0126690035390199,0.0148391202550875,0.00200843710160394
DEL:MH:4:1,0.0138693948350392,0.00330198050181606,0.00525268201570927,0.00175024817244284,0.015978230673304,0.0114243474774204,0.00314147006910844,0.0107294065697984,0.00855330454009095,0.0107256889683761,0.00408451862489179,0.00395363977196135,0.0033939147556506,0.0029878113404517,0.00153851353112949,0.00272898461573818,0.0154441084233233,0.00556694116393482,0.00474680932473492,0.0129102456473135,0.012357242604626,0.0042114320178493,0.00403548548748484,0.0102584239386013,0.00189356656702249,0.00680587093434915,0.00375588599094674,0.00615882642166224,0.00773293974558913,0.00345196089812795
DEL:MH:4:2,0.0057351888427729,0.013193897299338,0.00283195804283248,0.00314435022935734,0.015774789216372,0.0138098307442824,0.00502281569412974,0.00598605208142375,0.00575713049979246,0.00178100020001824,0.00511058927243053,0.00610730984754753,0.0120289053231459,0.00454904930912384,0.00999193817134889,0.00275383249291335,0.00452884748465995,0.00230391073306568,0.0138286807850555,0.0128069787324603,0.00756362736784967,0.00253663121410859,0.00498080936923907,0.00182521778437843,0.0108040081075479,0.00407459167445837,0.00719564679953746,0.00178998540195906,0.00176179793681116,0.00372455873813334
DEL:MH:4:3,0.0057502900345022,0.0135499812110311,0.0151444829166207,0.00896206939710356,0.00963959483092853,0.00247789636555849,0.00317539214890199,0.0029377468083263,0.00472605168112653,0.00425875130908913,0.00182858595433039,0.00221258031103111,0.0058436008445105,0.010563347802565,0.013744775118107,0.0063075331043443,0.0161029646441402,0.00281602457639226,0.00731508836863998,0.00246809039149336,0.00789420970253992,0.00528576412212448,0.00341775080530322,0.0102558786506064,0.0133462124402385,0.00541612579733443,0.0173419519025605,0.00561099886065303,0.00169063214528854,0.00230069972381074
DEL:MH:5+:1,0.00465579041414434,0.00968127568986937,0.00685984511559899,0.00284087572611212,0.0031285307558304,0.00194829023839538,0.00443619678993426,0.00335039947132368,0.00818345466183092,0.00169965265711037,0.0085440486115362,0.00676466967208191,0.00839308814708762,0.00918816191229991,0.00475364032861883,0.003641761606743,0.00280294817714791,0.00635633771924183,0.00463890041105448,0.0137703718477151,0.00662745701759266,0.00762394156336944,0.00822757039025005,0.00185958885761915,0.00411221101961141,0.00389260060854562,0.00588982709672459,0.0028249042262844,0.0046765268804851,0.00363772245081244
DEL:MH:5+:2,0.0035159018761689,0.00903953944408283,0.00740558818249455,0.00325610424402068,0.00479235560913846,0.00789650115017836,0.00939973598659903,0.00273250284056088,0.00242897884912609,0.0043577737483234,0.00194714270212011,0.0084299295887342,0.0149553048710296,0.00773269218250236,0.00415779441947894,0.00347096405185571,0.00203691567085665,0.00796179618862385,0.00563577041677294,0.00351450111764155,0.012792198975246,0.0016761553095975,0.00348070082434193,0.011438766411526,0.00426715575278559,0.00399505884225761,0.00193246478027371,0.00231696465068403,0.002861453496526,0.00533380514118765
DEL:MH:5+:3,0.0144442657977179,0.0150286157725493,0.0102058004456779,0.00280098015917549,0.0018014455166065,0.00583701341913533,0.00404821887596602,0.00334908588732282,0.00538477328332135,0.00177260228720692,0.00201116922974105,0.0139316279851037,0.00279584956195977,0.00242622327439777,0.0035802961345139,0.0162809143264465,0.00347708921631214,0.00352456700282699,0.00518998607752638,0.00779658083212094,0.00702745431823008,0.0120351765950443,0.00799402861098972,0.0113705273534652,0.00934924791189103,0.00712662101262322,0.0116708684761529,0.0117915048844123,0.00275311497579843,0.011709035094469
DEL:MH:5+:4,0.00343453405833529,0.00169503299184741,0.00429364757754167,0.00975390751786022,0.0106663497547921,0.0070579133866822,0.0020769658233081,0.00789033887017908,0.00222938649502726,0.00188575350546576,0.00257653736124063,0.00498254244295103,0.00721626706996241,0.00562635002937856,0.00358891217823231,0.00372006949068922,0.00698850401354942,0.00859403466788654,0.00183525750781581,0.011820811236559,0.00613497704360404,0.00375715614840498,0.00279915286054726,0.00224302948975623,0.00383392505844736,0.00526427945400804,0.00651404166974428,0.00260653593138987,0.00462458650949555,0.00291323258768053
DEL:MH:5+:5+,0.00215833971788177,0.00211509080169681,0.00293700932966602,0.00715132165902634,0.00499224618449986,0.00155538561594706,0.00715555662978758,0.00258549817324054,0.00998544871734149,0.0139466526086911,0.00549601027631995,0.0034972324984032,0.0084409454000031,0.0101243462311463,0.0138891704269616,0.00768397169848552,0.00222860161727815,0.00685760828174465,0.00804309066840299,0.0131580835918231,0.00718933972703665,0.00653109026787711,0.00325964812664812,0.00255521798399794,0.00423111637771848,0.00167860617639154,0.00347162680761481,0.0131748716145701,0.00460602683566575,0.00269766968590714
