"","Skin-Melanoma::SP124389","Skin-Melanoma::SP124362","Skin-Melanoma::SP124394","Skin-Melanoma::SP124334","Skin-Melanoma::SP124339","Skin-Melanoma::SP124454","Skin-Melanoma::SP124380","Skin-Melanoma::SP124273","Skin-Melanoma::SP124357","Skin-Melanoma::SP124399","Skin-Melanoma::SP124311","Skin-Melanoma::SP124355","Skin-Melanoma::SP124434","Skin-Melanoma::SP124428","Skin-Melanoma::SP124449","Skin-Melanoma::SP124298","Skin-Melanoma::SP124431","Skin-Melanoma::SP124396","Skin-Melanoma::SP124409","Skin-Melanoma::SP124341","Skin-Melanoma::SP124353","Skin-Melanoma::SP124278","Skin-Melanoma::SP124376","Skin-Melanoma::SP124346","Skin-Melanoma::SP124439","Skin-Melanoma::SP124351","Skin-Melanoma::SP124406","Skin-Melanoma::SP124323","Skin-Melanoma::SP124391","Skin-Melanoma::SP124423","Skin-Melanoma::SP124382","Skin-Melanoma::SP124415","Skin-Melanoma::SP124436","Skin-Melanoma::SP124460","Skin-Melanoma::SP124425","Skin-Melanoma::SP124456","Skin-Melanoma::SP124367","Skin-Melanoma::SP124281","Skin-Melanoma::SP124377","Skin-Melanoma::SP124412","Skin-Melanoma::SP124333","Skin-Melanoma::SP124359","Skin-Melanoma::SP124286","Skin-Melanoma::SP124329","Skin-Melanoma::SP124326","Skin-Melanoma::SP124458","Skin-Melanoma::SP124401","Skin-Melanoma::SP124264","Skin-Melanoma::SP124384","Skin-Melanoma::SP124403","Skin-Melanoma::SP124462","Skin-Melanoma::SP124271","Skin-Melanoma::SP124336","Skin-Melanoma::SP124452","Skin-Melanoma::SP124386","Skin-Melanoma::SP124441","Skin-Melanoma::SP124418","Skin-Melanoma::SP124291","Skin-Melanoma::SP124319","Skin-Melanoma::SP124305","Skin-Melanoma::SP124447","Skin-Melanoma::SP124344","Skin-Melanoma::SP124369","Skin-Melanoma::SP124348","Skin-Melanoma::SP124295","Skin-Melanoma::SP124444","Skin-Melanoma::SP124365","Skin-Melanoma::SP124420","Skin-Melanoma::SP124364","Skin-Melanoma::SP124307","Skin-Melanoma::SP82445","Skin-Melanoma::SP83242","Skin-Melanoma::SP103894","Skin-Melanoma::SP83382","Skin-Melanoma::SP82451","Skin-Melanoma::SP104330","Skin-Melanoma::SP83312","Skin-Melanoma::SP82614","Skin-Melanoma::SP82431","Skin-Melanoma::SP82459","Skin-Melanoma::SP113197","Skin-Melanoma::SP82532","Skin-Melanoma::SP82636","Skin-Melanoma::SP82796","Skin-Melanoma::SP83482","Skin-Melanoma::SP104530","Skin-Melanoma::SP82429","Skin-Melanoma::SP82644","Skin-Melanoma::SP82988","Skin-Melanoma::SP82461","Skin-Melanoma::SP82900","Skin-Melanoma::SP82399","Skin-Melanoma::SP82756","Skin-Melanoma::SP82836","Skin-Melanoma::SP82417","Skin-Melanoma::SP82471","Skin-Melanoma::SP82435","Skin-Melanoma::SP104056","Skin-Melanoma::SP83083","Skin-Melanoma::SP82433","Skin-Melanoma::SP82780","Skin-Melanoma::SP83019","Skin-Melanoma::SP83099","Skin-Melanoma::SP83146","Skin-Melanoma::SP103866","Skin-Melanoma::SP83844","Skin-Melanoma::SP83027"
"BI_COMPOSITE_SBS1_P",194.1321223,360.1451564,213.3996715,336.3506742,248.6096171,623.9139527,376.80784,409.4229101,873.4679894,279.5830251,157.6647648,531.1015148,601.5790303,554.8342967,378.1865044,372.3302337,195.1703532,479.9655638,593.6585921,490.841715,474.9833682,563.5646886,332.9985316,636.288382,91.5202968,357.4238298,351.1840324,475.3962763,602.5595964,127.3137338,520.3924003,258.8305274,108.0985421,219.7153925,734.6477283,552.78516,74.67605646,290.6106588,191.1370256,357.2658325,393.6197404,1049.829905,251.5221894,187.1609936,532.8235204,314.7114558,719.0430149,780.4418793,5426.395768,221.9783882,425.3195135,971.9413619,560.5755246,468.1539966,741.2528556,1016.73405,144.7931361,354.7354563,191.4894858,337.9638649,509.2752531,585.956504,462.6150845,578.502996,709.5096937,174.4084781,620.6984312,491.9940868,556.6050113,326.6439073,470.4815793,255.5853902,543.751048,338.1770275,754.1556473,274.2422099,412.4326174,331.6764573,237.5360234,346.6160718,635.8274591,489.3197229,676.9562058,418.1157707,628.3683325,408.9457238,230.2378301,356.6923109,410.5146076,409.620708,223.0648855,173.954176,320.5645021,317.4141242,483.352128,581.2584921,341.667257,550.6757486,621.6714173,618.0734577,235.4213308,378.9976364,484.0279422,428.2320918,467.6803726,237.912064,908.9658206
"BI_COMPOSITE_SBS2_P",0,0,0,0,0,0,0,0,0,0,0,0,0,0,0,0,0,0,0,0,0,0,0,0,0,0,0,0,0,0,0,0,0,0,0,0,0,0,0,0,0,0,0,0,0,0,0,0,0,0,0,0,0,0,0,0,0,0,0,0,0,0,0,0,0,0,0,0,0,0,0,0,0,0,0,0,0,0,0,0,0,0,0,0,0,0,0,0,0,0,0,0,0,0,0,0,0,0,0,0,0,0,0,0,0,0,0
"BI_COMPOSITE_SBS3_P",0,0,0,0,0,0,0,0,0,0,0,0,0,0,0,0,0,0,0,0,0,0,0,0,0,0,0,0,0,0,0,0,0,0,0,0,0,0,0,0,0,0,0,0,0,0,0,0,0,0,0,0,0,0,0,0,0,0,0,0,0,0,0,0,0,0,0,0,0,0,0,0,0,0,0,0,0,0,0,0,0,0,0,0,0,0,0,0,0,0,0,0,0,0,0,0,0,0,0,0,0,0,0,0,0,0,0
"BI_COMPOSITE_SBS4_P",0,0,0,0,0,0,0,0,0,0,0,0,0,0,0,0,0,0,0,0,0,0,0,0,0,0,0,0,0,0,0,0,0,0,0,0,0,0,0,0,0,0,0,0,0,0,0,0,0,0,0,0,0,0,0,0,0,0,0,0,0,0,0,0,0,0,0,0,0,0,0,0,0,0,0,0,0,0,0,0,0,0,0,0,0,0,0,0,0,0,0,0,0,0,0,0,0,0,0,0,0,0,0,0,0,0,0
"BI_COMPOSITE_SBS5_P",0,0,0,0,0,0,0,0,0,0,0,0,0,0,0,0,0,0,0,0,0,0,0,0,0,0,0,0,0,0,0,0,0,0,0,0,0,0,0,0,0,0,0,0,0,0,0,0,0,0,0,0,0,0,0,0,0,0,0,0,0,0,0,0,0,0,0,0,0,0,0,0,0,0,0,0,0,0,0,0,0,0,0,0,0,0,0,0,0,0,0,0,0,0,0,0,0,0,0,0,0,0,0,0,0,0,0
"BI_COMPOSITE_SBS6_S",8.159208495,6.401623632,5.375578577,5.500884879,0.922585466,7.943247491,9.307323851,7.592697251,9.797877429,7.726317571,7.008871169,3.139292826,10.97724182,15.78588778,16.64791403,16.74429422,5.841949079,28.4415524,10.64571931,7.079167503,1.218894343,8.7617717,8.627842644,8.760296678,15.88249954,2.00609034,25.83245734,6.060505685,2.193035254,0.349277715,17.51876154,21.93581323,17.30492488,16.34303433,3.720974981,11.7338215,0,2.156886538,2.980920979,4.191400569,3.938485487,7.832855664,5.523764379,1.393082529,7.677236104,12.95127228,31.70646062,5.785853889,5207.855881,1.47561133,15.35191559,11.95744244,0.467309019,7.660608677,10.20930131,32.05321171,5.623555062,7.708457583,6.95793309,0.518765828,34.70417234,2.886429802,11.34614552,0,17.54026662,9.352089585,10.46323149,8.705864143,58.17841947,12.31738523,13.98386965,8.374219614,32.95522248,8.098452847,12.12396775,0,11.93674542,9.370422593,23.09164704,4.151339316,0.693206626,7.720077957,15.52663721,7.466250834,13.87062427,22.9120231,5.272411766,10.07827144,10.76696135,4.552740477,12.28304835,5.176285673,2.579204174,4.110477152,5.551730401,1.15557715,6.284995832,23.64613336,7.471425575,10.29016888,7.224740062,8.097868372,4.408428596,11.85130134,11.34733043,8.22552025,5.078700288
"BI_COMPOSITE_SBS7a_S",51412.93151,152314.7086,70571.93328,54398.61369,251.974535,42234.92824,102463.925,273.3149397,4.9e-133,86930.92632,42115.77824,1.48219693752374e-323,54157.55438,231076.3818,105611.4131,183075.7508,39866.24201,30332.97639,187025.1628,948.3070309,7.55e-72,8.64e-19,38871.0318,8340.33554,197566.0243,2408.468734,41609.21008,54.40461026,162.8586167,24692.96891,244905.5388,565969.0429,173853.3084,119813.9983,48166.89366,24260.25875,94797.79541,263.6931739,26967.60751,46829.34121,24723.15038,0.000373508,274.3931396,33633.86619,38604.53529,92546.82946,205594.4417,0,86547.92342,4427.250416,71632.30905,2207.620761,351.004144,52709.96544,80659.698,4.94065645841247e-324,66661.68596,5.92878775009496e-323,150533.6637,29500.22622,252870.6749,2.83e-113,84587.15276,1.48219693752374e-323,203.5229518,12780.26907,40659.2845,46877.33571,66931.03857,86126.39431,520956.5998,35034.82215,84948.29513,34800.83751,25938.70801,677.715329,31719.7509,28237.34917,165841.5191,48525.27891,33.26964478,62085.80656,1.39e-49,31786.01815,35749.59474,39020.74864,13058.13433,173762.8408,77990.61328,47387.19107,195672.1592,70273.1798,7585.749452,18965.63042,190283.6043,9.956906969,3379.190086,155518.9434,42984.86908,33209.4619,21486.43592,66697.18415,10861.49192,263146.9142,56937.20298,37084.37241,753.3443372
"BI_COMPOSITE_SBS7b_S",10203.73606,19930.4844,14752.64196,9151.973116,1.32e-282,3635.617796,25410.80098,1.73e-25,2.67e-119,10539.34883,21899.95986,0.000105552,11307.78324,25839.25001,3504.100531,113357.3822,28657.27833,5018.16392,1.19e-101,197.176837,0,7.98e-05,7321.622278,5310.699837,51040.75466,764.8390579,11651.19963,4.21e-139,323.2535297,3769.518858,131929.0855,9.64e-41,18416.04755,11083.85116,13225.75134,8979.771391,24597.18204,3.68e-279,16210.28315,7598.186055,5976.725292,7.83e-60,4.24e-25,3246.542299,7854.514337,29524.09093,119903.8243,0,26075.11146,1792.799954,14789.31554,231.5140642,5.04e-167,18777.447,14899.62346,0,2974.587289,12.66657204,11485.53788,7796.922104,71109.60375,29.94755066,25007.76908,105.9861592,85.41250892,1743.185411,7188.876431,10108.25684,11208.89935,10049.35376,27626.19552,14600.94347,30238.97469,11109.03726,7792.298146,516.7690916,10062.87683,12319.85852,60970.52472,9754.451378,5.77e-218,99544.30911,3.68e-87,5094.782819,12946.72688,9059.453888,4051.1437,17119.94538,1.97626258336499e-323,17862.70608,13373.94274,17842.06849,380.5203399,12013.68326,22672.46357,4.66e-85,616.5602638,43467.71406,14957.7225,1160.56285,4005.3227,12957.94826,3525.342863,24352.97619,11897.12636,7500.89208,73.36892217
"BI_COMPOSITE_SBS7c_S",1401.147612,3.93e-12,5.8e-156,649.2715692,23.9674981,4.94065645841247e-324,5128.208133,4.98e-19,34.99516331,4426.958006,7676.834576,4.86e-236,677.0568143,3663.701617,189.1821344,8542.875412,3857.602043,130.0613269,160.2227437,3.79e-145,1.35e-232,49.12913394,0,2.15e-231,11998.51161,0,1393.502084,0,4.94065645841247e-324,55.54496885,36522.58221,2.07e-166,11124.90096,6250.271081,2522.595995,0,2662.326891,0,718.8318996,581.1706972,393.2305129,0,0,1501.6255,0,3964.534021,3134.237361,155.3665478,681.8315668,8.97e-256,2099.702662,0,175.5051423,153.26252,431.8277899,233.0251097,2425.684582,0,946.5745342,1.55e-94,25160.12641,65.28477423,4.94065645841247e-324,0,4.94065645841247e-324,559.6501364,9.88131291682493e-324,4.94065645841247e-324,4005.505449,1551.550103,56620.43757,1702.832808,2290.233985,4.94065645841247e-324,1099.98931,0,1193.861832,1030.905835,48965.23279,416.4535155,0,9.88131291682493e-324,1.33e-225,1612.570366,739.351005,1320.44563,636.7163462,1103.188048,1093.18908,2.47032822920623e-323,4.3e-251,2263.806932,1725.600268,5.11e-173,3.45845952088873e-323,1.1e-114,0,26557.1472,2613.461395,4.94065645841247e-324,575.2728248,2487.385123,174.7663699,5080.665538,3769.907216,1623.242663,106.6530309
"BI_COMPOSITE_SBS8_P",0,0,0,0,0,0,0,0,0,0,0,0,0,0,0,0,0,0,0,0,0,0,0,0,0,0,0,0,0,0,0,0,0,0,0,0,0,0,0,0,0,0,0,0,0,0,0,0,0,0,0,0,0,0,0,0,0,0,0,0,0,0,0,0,0,0,0,0,0,0,0,0,0,0,0,0,0,0,0,0,0,0,0,0,0,0,0,0,0,0,0,0,0,0,0,0,0,0,0,0,0,0,0,0,0,0,0
"BI_COMPOSITE_SBS9_P",98.44410546,198.0518181,164.5367575,1049.530326,147.5009544,144.6154007,1007.864122,268.8886566,330.5728681,472.40689,1949.382099,99.97137392,148.1166276,4.91e-241,683.9490317,368.4913511,262.7906339,237.7526551,837.3751669,1367.309388,3.72300203029796e-318,146.4102156,50.65339806,212.9448675,787.2400372,7.12e-207,165.7547245,29.34616069,184.3191657,194.0966165,1565.172297,1051.783923,2229.571187,560.8602185,900.547342,860.2835186,886.9787576,0,441.0610255,224.9744466,122.2132504,362.6404869,24.658301,200.5348669,136.312963,249.1125791,890.0161395,465.1495201,257.0881626,133.0630092,402.0208887,471.4521272,866.7154303,408.4176989,328.2974513,275.3245029,617.15676,215.7379818,5.34e-64,296.794229,2337.240622,400.5359671,277.7455954,52.69406851,278.9450861,86.58932024,467.605446,223.8139406,519.9076676,566.6389138,0,260.4991577,1293.836388,50.37377963,446.7372382,19.73371421,227.6137174,211.8091179,1780.853056,503.3505982,89.40535424,272.572573,206.1577241,673.3534015,435.8741389,815.8053737,217.643419,434.918033,555.7810679,318.3596233,686.8078471,632.6608741,200.1019008,508.0594903,4.42e-75,617.8018527,139.8810508,1114.494112,421.1011586,142.9048832,326.213676,321.9424893,132.6130493,333.7834153,320.504922,251.6008958,263.1299654
"BI_COMPOSITE_SBS10a_S",0,0,0,0,0,0,0,0,0,0,0,0,0,0,0,0,0,0,0,0,0,0,0,0,0,0,0,0,0,0,0,0,0,0,0,0,0,0,0,0,0,0,0,0,0,0,0,0,0,0,0,0,0,0,0,0,0,0,0,0,0,0,0,0,0,0,0,0,0,0,0,0,0,0,0,0,0,0,0,0,0,0,0,0,0,0,0,0,0,0,0,0,0,0,0,0,0,0,0,0,0,0,0,0,0,0,0
"BI_COMPOSITE_SBS11_S",0,0,0,0,0,0,0,0,0,0,0,0,0,0,0,0,0,0,0,0,0,0,0,0,0,0,0,0,0,0,0,0,0,0,0,0,0,0,0,0,0,0,0,0,0,0,0,0,0,0,0,0,0,0,0,0,0,0,0,0,0,0,0,0,0,0,0,0,0,0,0,0,0,0,0,0,0,0,0,0,0,0,0,0,0,0,0,0,0,0,0,0,0,0,0,0,0,0,0,0,0,0,0,0,0,0,0
"BI_COMPOSITE_SBS12_P",576.01458,1097.146439,923.3763901,1452.390271,368.0193946,841.1348814,1126.414646,825.0018638,712.6104918,988.8807307,1725.667715,422.4301626,738.1061023,1589.402334,1378.671226,3477.561513,1263.256457,848.3729072,1739.307122,2465.730953,393.0978903,508.2352111,513.3788772,1403.945616,657.7182521,296.4594062,616.9244567,360.7768886,505.0475669,388.2626576,2895.959775,755.8788806,3325.43302,593.1560154,1148.220216,292.9073563,1771.850328,230.2221381,815.9611488,1295.760741,946.1601995,954.899908,171.5811766,481.5490469,836.3893476,757.4076566,2201.693877,1606.976751,4800.452068,272.7764257,1189.959092,1599.000634,967.0425795,1012.454625,1135.517049,1170.118978,983.1425046,513.3936228,668.7290151,938.6722289,2582.447109,701.3714284,1395.349468,322.6582816,1280.114337,481.8544906,1740.992076,981.115269,1040.095762,866.0066595,1165.039491,1041.721436,2196.455588,533.2922006,1295.925503,197.9185267,640.829526,557.1346281,920.865185,1436.342296,754.9072043,2010.652023,1206.604246,620.1325214,705.7172842,2160.897025,688.247701,1351.672946,976.4702245,974.0298448,1669.193877,1103.266917,212.8166363,1071.465598,1440.86358,1426.237688,399.3631575,3922.753673,853.5412384,951.5710754,736.4835732,1067.076439,622.5437284,1771.92215,682.168089,817.5059646,998.9379541
"BI_COMPOSITE_SBS13_P",0,0,0,0,0,0,0,0,0,0,0,0,0,0,0,0,0,0,0,0,0,0,0,0,0,0,0,0,0,0,0,0,0,0,0,0,0,0,0,0,0,0,0,0,0,0,0,0,0,0,0,0,0,0,0,0,0,0,0,0,0,0,0,0,0,0,0,0,0,0,0,0,0,0,0,0,0,0,0,0,0,0,0,0,0,0,0,0,0,0,0,0,0,0,0,0,0,0,0,0,0,0,0,0,0,0,0
"BI_COMPOSITE_SBS14_S",0,0,0,0,0,0,0,0,0,0,0,0,0,0,0,0,0,0,0,0,0,0,0,0,0,0,0,0,0,0,0,0,0,0,0,0,0,0,0,0,0,0,0,0,0,0,0,0,0,0,0,0,0,0,0,0,0,0,0,0,0,0,0,0,0,0,0,0,0,0,0,0,0,0,0,0,0,0,0,0,0,0,0,0,0,0,0,0,0,0,0,0,0,0,0,0,0,0,0,0,0,0,0,0,0,0,0
"BI_COMPOSITE_SBS15_S",0,0,0,0,0,0,0,0,0,0,0,0,0,0,0,0,0,0,0,0,0,0,0,0,0,0,0,0,0,0,0,0,0,0,0,0,0,0,0,0,0,0,0,0,0,0,0,0,0,0,0,0,0,0,0,0,0,0,0,0,0,0,0,0,0,0,0,0,0,0,0,0,0,0,0,0,0,0,0,0,0,0,0,0,0,0,0,0,0,0,0,0,0,0,0,0,0,0,0,0,0,0,0,0,0,0,0
"BI_COMPOSITE_SBS16_P",0,0,0,0,0,0,0,0,0,0,0,0,0,0,0,0,0,0,0,0,0,0,0,0,0,0,0,0,0,0,0,0,0,0,0,0,0,0,0,0,0,0,0,0,0,0,0,0,0,0,0,0,0,0,0,0,0,0,0,0,0,0,0,0,0,0,0,0,0,0,0,0,0,0,0,0,0,0,0,0,0,0,0,0,0,0,0,0,0,0,0,0,0,0,0,0,0,0,0,0,0,0,0,0,0,0,0
"BI_COMPOSITE_SBS17a_P",0,0,0,0,0,0,0,0,0,0,0,0,0,0,0,0,0,0,0,0,0,0,0,0,0,0,0,0,0,0,0,0,0,0,0,0,0,0,0,0,0,0,0,0,0,0,0,0,0,0,0,0,0,0,0,0,0,0,0,0,0,0,0,0,0,0,0,0,0,0,0,0,0,0,0,0,0,0,0,0,0,0,0,0,0,0,0,0,0,0,0,0,0,0,0,0,0,0,0,0,0,0,0,0,0,0,0
"BI_COMPOSITE_SBS17b_P",47.85161197,74.99848825,79.92680732,567.3476283,28.14733211,154.5060976,171.8725403,49.39658403,78.57593706,24.31714702,24.21644946,37.9015428,37.7158039,76.58347463,21.52259638,44.84800891,29.69357963,49.02698125,51.63634817,374.6907173,17.82321025,61.55579987,0,13.18003408,269.3393991,24.02162731,1756.652026,35.60876371,46.99994068,71.71585169,250.0135105,646.747819,51.65424299,1297.106773,329.3647027,21.01562305,7807.930978,16.70071396,46.60515532,65.73197522,30.74353339,71.55088642,22.70116873,3.26083326255223e-322,83.00391668,120.1283137,289.0162764,168.7864044,141.1911006,12.87226533,47.97084376,269.1483657,80.29229229,19.48641148,78.91510559,190.3428385,60.58570692,132.1368298,68.44822468,69.46177352,404.1237389,115.2702554,21.70072736,33.92369851,6286.454586,198.8256721,253.7012242,36.62594568,66.64102313,33.7736512,305.4568748,41.62950073,180.0409424,28.53627998,26.07142377,9.646718508,125.6637008,95.73814771,1005.547918,18.92507072,73.46291564,497.639712,455.6536964,118.1490712,157.105991,97.42231981,87.22515128,233.4516768,28.82373872,200.2417344,610.6932808,202.7418271,9.88131291682493e-324,47.65226984,23.47735201,25.5439953,183.3924916,153.3469602,21.53003887,43.71573735,13.37206447,150.9826275,42.96910932,245.8227212,202.2134796,49.82268377,78.75655859
"BI_COMPOSITE_SBS18_P",0,0,0,0,0,0,0,0,0,0,0,0,0,0,0,0,0,0,0,0,0,0,0,0,0,0,0,0,0,0,0,0,0,0,0,0,0,0,0,0,0,0,0,0,0,0,0,0,0,0,0,0,0,0,0,0,0,0,0,0,0,0,0,0,0,0,0,0,0,0,0,0,0,0,0,0,0,0,0,0,0,0,0,0,0,0,0,0,0,0,0,0,0,0,0,0,0,0,0,0,0,0,0,0,0,0,0
"BI_COMPOSITE_SBS19_P",372.785662,2295.511487,309.0018156,1227.44889,67.5608304,2.47e-105,959.0501666,44.42312994,129.6089983,366.828761,1588.033887,43.11186307,918.9028097,2149.801709,2.12e-157,2437.472581,1266.916979,798.3338923,4.32e-06,58.93707269,11.75927317,101.5499783,374.9045804,833.6261201,2351.724335,76.38734208,3.04e-29,64.19753562,107.6790894,580.7227184,3.46e-08,9e-33,1856.106832,803.752302,835.8399866,143.4276797,1267.222433,106.17678,794.7419919,752.2987986,694.59993,318.4103916,51.66782327,342.729891,795.180917,1170.227004,2554.010952,188.8082478,4003.080369,126.0540056,1118.011935,876.342287,113.5850284,607.2820615,698.5253942,164.4412172,1600.977655,178.9380263,817.9122913,817.196705,4095.503589,1.2e-116,1463.113321,198.0207653,299.120393,9.3e-190,1050.046729,593.2634244,888.7515859,865.1050077,2.19e-10,1264.114401,3.29e-52,582.4505022,1064.975874,63.41694894,556.4490452,631.3316078,3391.647441,707.7308244,63.26927202,5010.488125,123.8441463,1.81e-36,2.47032822920623e-323,2.02566914794911e-322,290.4559654,2159.670985,603.1499558,1004.808177,1981.877075,8.48e-136,57.14085595,2.66e-23,3590.706651,0,165.8170822,1419.764615,884.2744045,1.75e-122,418.0764375,961.9745304,263.2805513,2267.848939,620.1863662,453.4573813,139.8224175
"BI_COMPOSITE_SBS21_S",0,0,0,0,0,0,0,0,0,0,0,0,0,0,0,0,0,0,0,0,0,0,0,0,0,0,0,0,0,0,0,0,0,0,0,0,0,0,0,0,0,0,0,0,0,0,0,0,0,0,0,0,0,0,0,0,0,0,0,0,0,0,0,0,0,0,0,0,0,0,0,0,0,0,0,0,0,0,0,0,0,0,0,0,0,0,0,0,0,0,0,0,0,0,0,0,0,0,0,0,0,0,0,0,0,0,0
"BI_COMPOSITE_SBS22_P",0,0,0,0,0,0,0,0,0,0,0,0,0,0,0,0,0,0,0,0,0,0,0,0,0,0,0,0,0,0,0,0,0,0,0,0,0,0,0,0,0,0,0,0,0,0,0,0,0,0,0,0,0,0,0,0,0,0,0,0,0,0,0,0,0,0,0,0,0,0,0,0,0,0,0,0,0,0,0,0,0,0,0,0,0,0,0,0,0,0,0,0,0,0,0,0,0,0,0,0,0,0,0,0,0,0,0
"BI_COMPOSITE_SBS26_S",0,0,0,0,0,0,0,0,0,0,0,0,0,0,0,0,0,0,0,0,0,0,0,0,0,0,0,0,0,0,0,0,0,0,0,0,0,0,0,0,0,0,0,0,0,0,0,0,0,0,0,0,0,0,0,0,0,0,0,0,0,0,0,0,0,0,0,0,0,0,0,0,0,0,0,0,0,0,0,0,0,0,0,0,0,0,0,0,0,0,0,0,0,0,0,0,0,0,0,0,0,0,0,0,0,0,0
"BI_COMPOSITE_SBS28_P",39.67867535,142.6961282,277.4872194,536.0923043,27.19185242,223.5507485,1313.000915,97.56511376,163.9172018,367.5951028,1404.377795,79.33051329,1.58e-165,6.91691904177745e-323,316.8657066,1007.01981,367.8906534,3.42e-149,286.3270431,109.5736131,10.14594456,95.0439798,99.81097252,93.99512792,878.5345501,4.94065645841247e-324,334.7286325,54.81048971,101.5561762,56.07222054,1393.447524,7.01e-05,1465.382642,682.6966788,530.16633,171.9516599,1184.418826,4.94065645841247e-324,328.5454129,246.5140461,141.9205254,236.9557984,6.09e-279,150.8553533,84.19792022,578.8036936,1587.381923,115.0698321,539.9945248,32.95594934,425.9077038,143.9784882,20.70154391,228.795154,214.8065347,117.6816754,237.20788,92.74761779,284.6288996,92.2031688,1590.637251,155.3104426,229.2556345,50.47551282,2387.022348,68.42544377,312.8701171,102.8284054,87.06541063,3.45e-205,1272.424922,113.6537894,986.4049303,23.91799456,251.882559,4.94065645841247e-324,230.0881068,258.5120236,3823.536159,406.6993897,74.24215243,1022.872094,211.626557,90.83038245,1265.832204,445.0239197,149.4667086,356.9034521,228.8388443,249.9140262,774.6785982,585.0206536,37.48071742,383.8262675,287.3968261,43.98270971,36.27988363,522.3515747,231.3399206,111.9253119,1.66e-253,211.8891994,72.68125877,364.3462469,273.0944543,305.8529333,77.34338822
"BI_COMPOSITE_SBS30_P",392.5522335,957.9267683,624.4389551,905.5151517,175.1003707,1117.051339,377.343943,267.1758337,812.0360901,1297.633448,816.7452503,362.9399077,757.628419,1319.425121,1088.546528,1915.16506,597.9904674,878.6426552,1137.370172,397.8430833,181.1046365,262.1512457,577.9054829,498.4262895,721.3288368,337.1252076,750.8850112,199.0326077,354.3114512,108.7456019,3630.956515,2124.801426,5491.868351,760.363578,1075.039415,377.6116013,924.5929297,296.2961409,508.3745933,618.300534,675.2530612,712.5729486,211.1582641,347.7139539,394.1703286,1300.251518,3795.228195,296.4648993,8563.392278,256.4237688,758.1027898,1157.803716,426.7537455,767.5417769,694.0554644,1004.925118,313.2795669,413.0277397,493.3280681,665.902986,1325.960502,187.136195,786.8745928,849.6785564,956.0639683,387.1655907,690.9713273,380.2005178,1031.073326,980.5527763,1533.05725,467.1156412,777.3645013,652.6045747,1837.894517,231.6625648,672.3399004,417.4652467,840.8278984,716.0200618,280.2628713,419.6728458,474.3250979,791.8592085,475.9291901,2608.636729,702.8358628,1165.649962,190.0712004,551.6543525,696.7402289,1202.200565,243.0954801,959.3539897,690.5983934,261.1246309,273.5110758,2325.696263,547.9105631,552.6024799,456.6807308,782.2538207,257.9550783,1089.231614,588.1779177,550.5228594,349.5453643
"BI_COMPOSITE_SBS33_P",0,0,0,0,0,0,0,0,0,0,0,0,0,0,0,0,0,0,0,0,0,0,0,0,0,0,0,0,0,0,0,0,0,0,0,0,0,0,0,0,0,0,0,0,0,0,0,0,0,0,0,0,0,0,0,0,0,0,0,0,0,0,0,0,0,0,0,0,0,0,0,0,0,0,0,0,0,0,0,0,0,0,0,0,0,0,0,0,0,0,0,0,0,0,0,0,0,0,0,0,0,0,0,0,0,0,0
"BI_COMPOSITE_SBS35_P",0,0,0,0,0,0,0,0,0,0,0,0,0,0,0,0,0,0,0,0,0,0,0,0,0,0,0,0,0,0,0,0,0,0,0,0,0,0,0,0,0,0,0,0,0,0,0,0,0,0,0,0,0,0,0,0,0,0,0,0,0,0,0,0,0,0,0,0,0,0,0,0,0,0,0,0,0,0,0,0,0,0,0,0,0,0,0,0,0,0,0,0,0,0,0,0,0,0,0,0,0,0,0,0,0,0,0
"BI_COMPOSITE_SBS36_P",129.2842432,316.8073787,121.9118943,580.9293422,97.90350933,312.356955,265.574476,502.9710758,477.1588087,490.0724548,164.6116752,206.562438,528.6738709,793.7636474,298.8603735,689.8686429,683.8297513,568.3299586,291.8168418,959.1201691,258.6950362,330.8839737,266.3317051,969.102286,857.0975666,225.1888846,407.4206402,481.9686473,412.3970306,138.1688326,1668.228042,2075.147938,2475.993716,417.2090795,414.0079955,79.19390631,533.1850304,393.8386929,288.6096791,704.692603,306.4551546,392.5121364,165.431245,210.0426253,443.283183,603.3490021,1613.72615,1338.17057,909.2126413,62.88793994,384.0327354,937.3519494,1139.165579,309.6433269,237.592014,1924.396799,478.1719332,371.3641374,333.0565368,381.884599,1480.760971,214.2224497,298.2691871,562.8546513,961.0032845,152.42355,603.6224921,134.3166786,1273.530961,417.3810154,2899.824306,728.6187185,528.4972443,201.7876971,824.7371583,20.78168276,319.2272036,164.877405,804.9495925,241.4816518,169.0204853,586.3810936,318.3779059,273.0153058,382.139437,1612.567023,657.2449488,474.8246156,172.6814406,254.2044733,563.2178504,360.1373701,164.6479848,149.0578573,324.4078841,283.9093171,164.4841146,711.1285997,407.4571668,192.6222893,259.7022789,269.97884,249.2236505,782.4459773,238.8717019,177.1734076,237.2613679
"BI_COMPOSITE_SBS37_P",0,0,0,0,0,0,0,0,0,0,0,0,0,0,0,0,0,0,0,0,0,0,0,0,0,0,0,0,0,0,0,0,0,0,0,0,0,0,0,0,0,0,0,0,0,0,0,0,0,0,0,0,0,0,0,0,0,0,0,0,0,0,0,0,0,0,0,0,0,0,0,0,0,0,0,0,0,0,0,0,0,0,0,0,0,0,0,0,0,0,0,0,0,0,0,0,0,0,0,0,0,0,0,0,0,0,0
"BI_COMPOSITE_SBS38_S",248.6603963,314.5615015,58.71793645,210.491425,143.4121583,862.7472882,178.9944128,239.976714,168.5630888,4.44659081257122e-323,495.3280457,140.0419099,661.6177069,145.1587046,634.4501524,1.48219693752374e-323,1093.894809,1657.641821,4.94065645841247e-323,468.0340512,288.3273333,544.1767201,161.6653607,800.5216001,173.929445,171.8193787,2193.466423,1839.327828,700.6755704,281.0210169,446.4977938,1452.277266,1626.970813,463.3677239,186.9334056,12.61364631,101.6757059,1716.961036,242.193749,3951.637786,73.10155611,334.8652717,187.4969256,69.04955233,1242.351887,611.1374897,444.6852631,493.5242287,841.7849303,27.90184712,207.6018746,389.3958061,988.8601661,146.8515625,161.2544568,630.929753,1707.706303,44.23951899,4.94065645841247e-324,239.3771737,85.39032274,103.0580642,5.4e-118,359.1842431,2357.112063,470.5330095,376.5967017,65.95664489,326.5507447,552.1095372,2.02566914794911e-322,5419.290818,87.85362814,106.7691963,1437.709541,10.57963757,489.6883129,245.7947667,3.95252516672997e-323,124.1197316,198.033971,369.0610695,610.8746551,139.2428423,299.9955698,918.0504181,1973.295823,9.88131291682493e-324,141.4880602,347.3222593,367.0608723,728.9091201,306.3541227,273.4645658,149.2177067,310.9338463,407.0693924,9.88131291682493e-324,73.29765936,247.9449893,242.3005221,367.6288951,818.6925611,9.88131291682493e-324,99.85904168,243.1120915,222.6656308
"BI_COMPOSITE_SBS39_P",212.4559403,152.7582201,526.3743656,1031.738282,315.992905,976.5583033,1176.411388,1584.964836,1472.555134,541.366543,1070.919301,1065.516606,649.7303731,910.1341872,868.9339819,1245.390274,267.7397097,518.8130821,1608.716952,4448.615998,875.7566139,998.7787923,470.7911311,2103.352334,106.5255991,275.9778845,1479.891451,741.076347,2118.688544,126.4088333,3326.786992,1584.42255,10047.32047,511.9266435,1619.519809,1150.17045,1698.056927,304.7012151,429.2031911,687.1007935,551.1754564,1507.305774,176.4001603,302.9038294,1508.681953,847.3966089,5468.129511,5444.122834,0,315.6038629,248.3881176,4336.293209,1576.844846,710.1946734,1121.527106,2629.018119,584.8745572,1316.116299,238.4332186,597.3509872,2004.447645,2243.244887,417.4222695,705.1125291,2422.065617,274.3913156,1683.102199,446.7477989,1537.243571,427.8383476,1248.857497,509.870028,2346.920323,257.3166507,1769.077592,101.9524782,515.5878596,433.6585163,1096.612403,1137.782784,1470.479107,2844.286611,1161.72785,1211.758281,1775.589432,5637.19702,826.6469607,1329.414786,643.6011718,1131.244571,1468.92769,694.6716114,183.559904,892.0161378,1.18e-36,1853.523194,479.3951808,942.6976274,525.4536077,943.2823283,396.98125,413.5115105,228.7051752,638.5399812,801.3538879,896.2352481,780.6817574
"BI_COMPOSITE_SBS40_P",153.0119569,317.6099482,202.1110595,143.9645529,62.64626568,209.2949225,158.6866637,155.1240403,127.9245178,259.8340717,310.3554936,101.0860677,275.0577442,519.7884408,175.7140879,591.4934995,207.9124297,278.6887278,405.358988,110.3372422,77.81705679,91.67935927,179.9597187,165.1451326,198.2165168,52.76310673,228.6496902,70.65113217,186.7011297,0,1350.83871,386.488594,1001.997301,291.5023721,2.47e-50,168.9832445,247.6214813,36.39207519,250.8431962,97.14142005,186.6577724,140.1962051,29.86093292,2.65077582503683e-318,99.88752134,342.6787812,932.5456628,366.671227,600.4832967,105.1329363,374.4234136,472.0112001,165.3107467,210.6529693,281.4760011,215.0385666,159.539394,89.49215652,2.24e-134,215.3386737,2155.661767,94.93106027,331.4391085,103.1375523,175.9766645,121.6135462,320.691605,270.5336358,109.7716693,204.4645812,5.03e-30,198.3443608,508.2869561,278.9697486,187.9039492,64.56806256,138.5794429,241.5341517,277.3618713,116.3058603,43.42118387,1.92812576749067e-318,153.4490276,164.8132498,109.272168,569.765364,108.2864232,290.6966293,84.15280726,188.989613,292.0208421,282.3190961,106.2957024,151.8946758,43.67225725,140.5128625,64.3778324,205.4815577,205.3606996,125.9552738,157.1947274,205.3004794,43.96483241,655.0041138,197.6655835,215.4473179,51.32420757
"BI_COMPOSITE_SBS60_P",0,0,0,0,0,0,0,0,0,0,0,0,0,0,0,0,0,0,0,0,0,0,0,0,0,0,0,0,0,0,0,0,0,0,0,0,0,0,0,0,0,0,0,0,0,0,0,0,0,0,0,0,0,0,0,0,0,0,0,0,0,0,0,0,0,0,0,0,0,0,0,0,0,0,0,0,0,0,0,0,0,0,0,0,0,0,0,0,0,0,0,0,0,0,0,0,0,0,0,0,0,0,0,0,0,0,0
"BI_COMPOSITE_SBS55_S",2.88e-83,462.2543926,315.1249771,724.271051,254.7383772,136.2501865,2056.126274,143.7206705,219.4480503,78.85857156,1288.967914,9.29e-218,85.18355869,76.1464221,1942.904429,1785.565231,109.478047,0,220.6443705,53.53099918,25.01436663,94.35363626,98.70939095,1246.179841,864.9190509,604.655333,61.81168126,58.91109743,147.9015724,241.4033774,0,4.94065645841247e-324,371.4685779,105.7667391,142.0387433,154.811097,425.9332795,9.57222528,0,61.2405181,413.8875947,58.22561682,72.91094842,96.96511999,152.6208045,2.74e-61,4.94065645841247e-324,0,0,143.6855522,59.77366518,346.6339277,424.3181572,277.5392722,407.5670507,0,1103.056989,71.17871163,435.7940849,117.7089384,4.94065645841247e-324,104.0995459,1154.406107,35.65406427,1.1223027618922e-314,74.6969026,348.0674713,863.6655465,4.94065645841247e-324,2.96e-259,4.94065645841247e-324,351.5128003,0,0,4.94065645841247e-324,22.37222236,45.9120902,155.3041451,253.6188674,731.8349121,25.3304764,2691.769023,50.94940887,62.3695044,410.1331556,88.32765269,77.74239484,197.1355934,812.4830957,207.949309,1374.667614,461.2859979,47.18572417,1019.191938,430.9411718,0,148.2935922,0,0,898.103266,279.9583594,83.42717995,4.94065645841247e-324,0,949.4923231,142.9081796,480.5063886
"BI_COMPOSITE_SBS44_S",0,0,0,0,0,0,0,0,0,0,0,0,0,0,0,0,0,0,0,0,0,0,0,0,0,0,0,0,0,0,0,0,0,0,0,0,0,0,0,0,0,0,0,0,0,0,0,0,0,0,0,0,0,0,0,0,0,0,0,0,0,0,0,0,0,0,0,0,0,0,0,0,0,0,0,0,0,0,0,0,0,0,0,0,0,0,0,0,0,0,0,0,0,0,0,0,0,0,0,0,0,0,0,0,0,0,0
"BI_COMPOSITE_SBS61_S",0,0,0,0,0,0,0,0,0,0,0,0,0,0,0,0,0,0,0,0,0,0,0,0,0,0,0,0,0,0,0,0,0,0,0,0,0,0,0,0,0,0,0,0,0,0,0,0,0,0,0,0,0,0,0,0,0,0,0,0,0,0,0,0,0,0,0,0,0,0,0,0,0,0,0,0,0,0,0,0,0,0,0,0,0,0,0,0,0,0,0,0,0,0,0,0,0,0,0,0,0,0,0,0,0,0,0
"BI_COMPOSITE_SBS62_S",0,0,0,0,0,0,0,0,0,0,0,0,0,0,0,0,0,0,0,0,0,0,0,0,0,0,0,0,0,0,0,0,0,0,0,0,0,0,0,0,0,0,0,0,0,0,0,0,0,0,0,0,0,0,0,0,0,0,0,0,0,0,0,0,0,0,0,0,0,0,0,0,0,0,0,0,0,0,0,0,0,0,0,0,0,0,0,0,0,0,0,0,0,0,0,0,0,0,0,0,0,0,0,0,0,0,0
"BI_COMPOSITE_SBS63_S",0,0,0,0,0,0,0,0,0,0,0,0,0,0,0,0,0,0,0,0,0,0,0,0,0,0,0,0,0,0,0,0,0,0,0,0,0,0,0,0,0,0,0,0,0,0,0,0,0,0,0,0,0,0,0,0,0,0,0,0,0,0,0,0,0,0,0,0,0,0,0,0,0,0,0,0,0,0,0,0,0,0,0,0,0,0,0,0,0,0,0,0,0,0,0,0,0,0,0,0,0,0,0,0,0,0,0
"BI_COMPOSITE_SBS64_P",82.66658487,209.9066643,70.64569292,109.5456923,50.44690352,152.7220866,69.86293399,490.3881677,193.7050983,284.895037,94.91682219,136.1511227,115.8212715,429.038061,263.4249045,248.0836343,82.80209189,226.8472052,217.1466735,196.8152326,51.72493398,370.046683,125.1504419,399.9179782,83.79590796,57.47950972,4.89e-37,139.2129532,189.4561523,15.99797575,107.7304813,169.3439286,386.2088443,240.2638716,6.99e-60,4.15e-171,20.48573164,152.192921,60.92427309,51.86675766,82.66016904,414.9663146,66.0530314,11.17481481,193.1989471,91.54936854,309.4477213,238.891152,4476.774717,1.67982319586024e-322,172.7416938,604.3204177,399.5882058,77.29577365,169.6435381,196.1647333,45.50885881,204.026802,47.64780567,233.9172773,255.3507844,110.1089841,119.6615883,181.0802709,316.4833327,296.0872626,104.6914149,146.5273423,255.7880785,125.8622672,154.8329539,67.52168333,71.53138386,91.45912573,249.6494087,6.192005328,51.23361745,34.72998476,43.60040134,80.14411879,98.47149427,132.1908093,229.342345,130.2226166,64.50830398,894.9684243,94.55220886,145.2719321,155.6227524,164.2004722,30.77909664,161.6283265,49.97191285,225.616642,73.94547434,474.922051,173.9717092,138.3486719,106.1817863,127.0166141,114.3954576,101.3077229,90.77685331,123.5254947,104.6364176,56.46242542,182.8675228
"BI_COMPOSITE_SBS65_S",1631.078925,9946.744624,4.16e-190,2086.973763,133.2078714,1757.674705,13558.33338,270.7659661,468.4128043,9060.551697,9465.800974,163.3788795,10358.42269,11684.31445,2808.539523,10786.8579,7645.597626,3406.216107,15639.9511,160.3386713,181.192195,186.8557046,1762.521281,781.7127318,47362.91151,4.94065645841247e-324,6418.441652,100.1550139,553.1627648,3.86e-134,2424.606684,247165.4771,9636.398034,1.45e-13,8087.545782,2771.317779,6083.097133,59.85958079,7198.802656,2326.37595,1091.177978,422.6263139,151.7973398,1571.033179,367.4990737,8552.33029,50673.79007,434.1290689,11469.74595,891.531272,2183.112451,2187.011282,283.2612209,4903.912807,494.4166651,449.8967782,7295.942093,478.3983245,19745.20418,9.96e-23,51391.78158,100.730819,8502.657781,330.2726342,397.2939209,447.7566369,6613.784442,1113.802987,4700.992197,5279.236361,131135.1793,6074.632275,15574.48674,6205.937461,2.65e-62,290.3852537,4832.998625,3507.714141,59834.1925,0.000454859,206.7488708,32675.42906,441.0523529,4.89e-123,9974.926224,1017.083649,1434.722561,4607.196746,4104.07828,4959.432882,49615.35145,3046.060215,1518.919311,1.34e-28,1.84e-165,177.1001741,7.90505033345994e-323,10617.29876,5679.177974,337.1751325,1.42e-115,3087.115492,2130.45687,33340.99075,3150.141825,1461.567318,1.57e-53
"BI_COMPOSITE_SBS66_S",0,0,0,0,0,0,0,0,0,0,0,0,0,0,0,0,0,0,0,0,0,0,0,0,0,0,0,0,0,0,0,0,0,0,0,0,0,0,0,0,0,0,0,0,0,0,0,0,0,0,0,0,0,0,0,0,0,0,0,0,0,0,0,0,0,0,0,0,0,0,0,0,0,0,0,0,0,0,0,0,0,0,0,0,0,0,0,0,0,0,0,0,0,0,0,0,0,0,0,0,0,0,0,0,0,0,0
"BI_COMPOSITE_SBS67_S",2120.030714,24915.34626,16590.83065,9363.560617,77.72749465,4981.876006,6987.088465,4.94065645841247e-324,1.48219693752374e-323,23124.93365,10693.56089,0,1.76e-22,17373.56839,16128.56538,36304.24629,2918.557622,6.4228533959362e-323,34166.31063,3.03e-99,1.48219693752374e-323,4.94065645841247e-324,695.0597048,1.77971240000513e-317,1500.730739,402.2234284,2373.475338,0,4.94065645841247e-324,1413.866092,43432.34066,34245.95039,70890.76608,15615.81273,9784.909545,3778.918418,10019.27865,1.93e-79,2065.841976,8746.658908,6633.381309,4.94065645841247e-324,90.07758036,7250.469745,7257.346091,11529.0805,32579.73734,0,10362.83606,1452.745543,12016.64022,1.48219693752374e-323,3.70871961958482e-312,7296.156607,9904.029748,0,16403.90624,4.94065645841247e-324,16241.54136,7334.102853,5048.256467,0,13051.12332,4.94065645841247e-324,1.48219693752374e-323,8.4e-297,8390.625242,6987.194874,10563.95675,9839.966417,4.05e-300,4617.564746,10313.85356,5.92878775009496e-323,2526.18508,502.7609969,2269.33982,6201.272961,7066.258947,12729.80149,0,2.04e-57,4.94065645841247e-324,6.4228533959362e-323,2729.009278,2356.416757,1594.462321,31056.02785,1.09e-115,3366.110138,4843.700952,10989.8558,2348.09169,1373.39827,23501.83626,1.48219693752374e-323,33.26216985,56604.35914,551.3199102,5560.682365,4505.968782,3480.936971,547.3835067,1.18e-88,11871.07942,956.6628131,2.57e-14
"BI_COMPOSITE_SBS68_P",0,0,0,0,0,0,0,0,0,0,0,0,0,0,0,0,0,0,0,0,0,0,0,0,0,0,0,0,0,0,0,0,0,0,0,0,0,0,0,0,0,0,0,0,0,0,0,0,0,0,0,0,0,0,0,0,0,0,0,0,0,0,0,0,0,0,0,0,0,0,0,0,0,0,0,0,0,0,0,0,0,0,0,0,0,0,0,0,0,0,0,0,0,0,0,0,0,0,0,0,0,0,0,0,0,0,0
"BI_COMPOSITE_SBS69_P",280.8320327,5.5e-260,0,1130.377212,76.95558774,435.2370859,1.19e-200,1084.191682,1110.42607,7.14e-68,5.73e-10,413.589294,4.04e-106,8.52e-264,258.7553113,6.84e-61,210.7920933,194.1595028,8.57e-179,1299.008382,540.3513673,309.9707425,100.3034715,612.6679671,522.9766896,649.7381381,480.4066561,464.9992168,690.4526315,151.5555322,1020.438672,8.02e-201,1266.809947,237.4984821,339.3014822,859.4486444,1.33e-253,444.1053599,194.3353632,2.74e-212,331.3806826,316.9284545,130.7181785,277.2939548,879.0240549,1.2e-294,2.41e-86,1218.810234,3.11e-232,231.5579343,163.5186129,945.2104228,309.6032084,0,315.7485165,1197.453067,448.8054627,1131.331178,6.68e-70,153.7373252,0,595.3778245,8.62e-104,468.6195657,367.1770305,254.8350688,3.02e-83,217.0601882,477.042659,152.8522417,7.43519390426492e-320,314.5636094,8.17e-76,8.95e-173,868.894691,43.09530874,253.6666667,159.2869975,9.97e-144,212.0764339,792.4257452,1558.657189,836.7891495,0,1.48e-255,746.3726346,778.7945291,3.83926741791334e-312,207.0189315,299.2655171,746.6572276,235.9926479,199.5659949,301.040664,1.39e-109,346.6552407,286.2718403,1.92e-14,1.64e-30,385.9288407,595.3010016,266.023266,127.7045566,0,281.788987,407.1312922,298.1098335
"BI_COMPOSITE_SBS70_P",0,0,0,0,0,0,0,0,0,0,0,0,0,0,0,0,0,0,0,0,0,0,0,0,0,0,0,0,0,0,0,0,0,0,0,0,0,0,0,0,0,0,0,0,0,0,0,0,0,0,0,0,0,0,0,0,0,0,0,0,0,0,0,0,0,0,0,0,0,0,0,0,0,0,0,0,0,0,0,0,0,0,0,0,0,0,0,0,0,0,0,0,0,0,0,0,0,0,0,0,0,0,0,0,0,0,0
"BI_COMPOSITE_SBS71_P",0,0,0,0,0,0,0,0,0,0,0,0,0,0,0,0,0,0,0,0,0,0,0,0,0,0,0,0,0,0,0,0,0,0,0,0,0,0,0,0,0,0,0,0,0,0,0,0,0,0,0,0,0,0,0,0,0,0,0,0,0,0,0,0,0,0,0,0,0,0,0,0,0,0,0,0,0,0,0,0,0,0,0,0,0,0,0,0,0,0,0,0,0,0,0,0,0,0,0,0,0,0,0,0,0,0,0
"BI_COMPOSITE_SBS72_P",0,0,0,0,0,0,0,0,0,0,0,0,0,0,0,0,0,0,0,0,0,0,0,0,0,0,0,0,0,0,0,0,0,0,0,0,0,0,0,0,0,0,0,0,0,0,0,0,0,0,0,0,0,0,0,0,0,0,0,0,0,0,0,0,0,0,0,0,0,0,0,0,0,0,0,0,0,0,0,0,0,0,0,0,0,0,0,0,0,0,0,0,0,0,0,0,0,0,0,0,0,0,0,0,0,0,0
"BI_COMPOSITE_SBS73_S",0,0,0,0,0,0,0,0,0,0,0,0,0,0,0,0,0,0,0,0,0,0,0,0,0,0,0,0,0,0,0,0,0,0,0,0,0,0,0,0,0,0,0,0,0,0,0,0,0,0,0,0,0,0,0,0,0,0,0,0,0,0,0,0,0,0,0,0,0,0,0,0,0,0,0,0,0,0,0,0,0,0,0,0,0,0,0,0,0,0,0,0,0,0,0,0,0,0,0,0,0,0,0,0,0,0,0
"BI_COMPOSITE_SBS74_S",0,0,0,0,0,0,0,0,0,0,0,0,0,0,0,0,0,0,0,0,0,0,0,0,0,0,0,0,0,0,0,0,0,0,0,0,0,0,0,0,0,0,0,0,0,0,0,0,0,0,0,0,0,0,0,0,0,0,0,0,0,0,0,0,0,0,0,0,0,0,0,0,0,0,0,0,0,0,0,0,0,0,0,0,0,0,0,0,0,0,0,0,0,0,0,0,0,0,0,0,0,0,0,0,0,0,0
"BI_COMPOSITE_SBS75_S",1262.999619,654.9252521,132.4295739,1944.472619,191.8543124,9.88131291682493e-324,3.01e-82,23.6819649,95.86383832,5038.313617,5924.601565,24.41879719,3182.650663,7057.73837,1241.409604,4.74e-261,3300.174489,1748.208723,1711.116292,60.78135657,83.61415406,30.60781583,3501.584974,593.9349378,1169.449397,239.4217306,1428.856055,12.22080304,197.3628942,338.1826569,2023.636461,1.97626258336499e-323,2885.059925,3948.249597,1447.969414,453.3698421,540.5439029,76.90243127,3385.826077,2185.191133,1319.014308,39.76649596,54.80455985,1775.794875,1.09e-18,8347.679232,3592.516607,5.35e-109,6438.093257,302.1194131,5386.896799,721.1643032,47.88915071,2712.854053,2965.867245,0,2940.164661,88.48524795,3074.206141,6.21e-78,19247.01795,15.8872744,2386.786318,32.96643904,1.15e-13,764.6114882,4215.187585,1294.586875,3445.612118,3086.147234,1.9e-155,0,6891.583961,3987.631972,2850.985619,8.39911597930119e-323,3123.352265,2343.710045,15298.89379,6.57e-161,43.24554412,1.9e-222,105.1385043,1868.040863,0,1461.083587,2452.828527,4217.399749,3723.101276,4929.611403,4580.554754,4830.154617,103.441461,1.87e-05,6123.007465,39.07438744,160.8744265,28312.03546,3724.788204,9.88131291682493e-324,1123.513708,3492.075943,1580.680011,14011.4195,1414.606312,3517.430459,164.0090116
"BI_COMPOSITE_SBS76_S",0,0,0,0,0,0,0,0,0,0,0,0,0,0,0,0,0,0,0,0,0,0,0,0,0,0,0,0,0,0,0,0,0,0,0,0,0,0,0,0,0,0,0,0,0,0,0,0,0,0,0,0,0,0,0,0,0,0,0,0,0,0,0,0,0,0,0,0,0,0,0,0,0,0,0,0,0,0,0,0,0,0,0,0,0,0,0,0,0,0,0,0,0,0,0,0,0,0,0,0,0,0,0,0,0,0,0
"BI_COMPOSITE_SBS77_P",0,0,0,0,0,0,0,0,0,0,0,0,0,0,0,0,0,0,0,0,0,0,0,0,0,0,0,0,0,0,0,0,0,0,0,0,0,0,0,0,0,0,0,0,0,0,0,0,0,0,0,0,0,0,0,0,0,0,0,0,0,0,0,0,0,0,0,0,0,0,0,0,0,0,0,0,0,0,0,0,0,0,0,0,0,0,0,0,0,0,0,0,0,0,0,0,0,0,0,0,0,0,0,0,0,0,0
"BI_COMPOSITE_SBS78_S",0,0,0,0,0,0,0,0,0,0,0,0,0,0,0,0,0,0,0,0,0,0,0,0,0,0,0,0,0,0,0,0,0,0,0,0,0,0,0,0,0,0,0,0,0,0,0,0,0,0,0,0,0,0,0,0,0,0,0,0,0,0,0,0,0,0,0,0,0,0,0,0,0,0,0,0,0,0,0,0,0,0,0,0,0,0,0,0,0,0,0,0,0,0,0,0,0,0,0,0,0,0,0,0,0,0,0
"BI_COMPOSITE_SBS79_S",0,0,0,0,0,0,0,0,0,0,0,0,0,0,0,0,0,0,0,0,0,0,0,0,0,0,0,0,0,0,0,0,0,0,0,0,0,0,0,0,0,0,0,0,0,0,0,0,0,0,0,0,0,0,0,0,0,0,0,0,0,0,0,0,0,0,0,0,0,0,0,0,0,0,0,0,0,0,0,0,0,0,0,0,0,0,0,0,0,0,0,0,0,0,0,0,0,0,0,0,0,0,0,0,0,0,0
"BI_COMPOSITE_SBS80_P",0,0,0,0,0,0,0,0,0,0,0,0,0,0,0,0,0,0,0,0,0,0,0,0,0,0,0,0,0,0,0,0,0,0,0,0,0,0,0,0,0,0,0,0,0,0,0,0,0,0,0,0,0,0,0,0,0,0,0,0,0,0,0,0,0,0,0,0,0,0,0,0,0,0,0,0,0,0,0,0,0,0,0,0,0,0,0,0,0,0,0,0,0,0,0,0,0,0,0,0,0,0,0,0,0,0,0
"BI_COMPOSITE_SBS81_P",5.61e-299,0,0,0,1.316954995,0,2.59057777575281e-310,1.174986032,0,0,1.440715912,1.91e-180,0,2.296617461,0,5.04e-286,0,2.548669253,3.9e-252,0,6.3e-282,2.44e-154,2.045989952,1.15e-222,2.38e-296,0,11.64902621,0.701416843,0,0,0,0,0,6.57e-307,0,1.807448468,2.29e-293,0,0.536974342,1.91e-241,0.422004204,1.002086338,0.491205308,0.856542495,1.178486825,1.130664991,5.19e-274,3.98679831340916e-311,19.4866949,0,2.397598569,0,0.839969405,1.509686697,1.8e-158,3.231238585,7.89e-290,1.768896735,0,1.150929706,0,0.599773795,2.61e-307,0,8.78e-294,1.307722759,1.071359628,1.206178582,77.19099695,2.863474934,0,1.25e-297,297.716196,2.707302554,4.907301149,0.610287383,1.191557105,1.548557626,1.13e-299,0.98037647,1.216073629,1.67277373,1.453960996,1.096939405,1.940225016,0,0,5.98e-278,0.992958563,1.996565558,2.16e-73,1.382764992,2.879996023,9.34664060087156e-313,0.724412721,1.767898162,2.151355956,6.59e-303,0.913378879,1.629748369,4.42e-307,1.658086115,1.892465218,2.287926907,5.59e-20,0.470541537,1.115173463
"BI_COMPOSITE_SBS82_P",0,0,0,0,0,0,0,0,0,0,0,0,0,0,0,0,0,0,0,0,0,0,0,0,0,0,0,0,0,0,0,0,0,0,0,0,0,0,0,0,0,0,0,0,0,0,0,0,0,0,0,0,0,0,0,0,0,0,0,0,0,0,0,0,0,0,0,0,0,0,0,0,0,0,0,0,0,0,0,0,0,0,0,0,0,0,0,0,0,0,0,0,0,0,0,0,0,0,0,0,0,0,0,0,0,0,0
"BI_COMPOSITE_SBS83_P",0,0,0,0,0,0,0,0,0,0,0,0,0,0,0,0,0,0,0,0,0,0,0,0,0,0,0,0,0,0,0,0,0,0,0,0,0,0,0,0,0,0,0,0,0,0,0,0,0,0,0,0,0,0,0,0,0,0,0,0,0,0,0,0,0,0,0,0,0,0,0,0,0,0,0,0,0,0,0,0,0,0,0,0,0,0,0,0,0,0,0,0,0,0,0,0,0,0,0,0,0,0,0,0,0,0,0
