Mutation type,Trinucleotide,SARandSig1,SARandSig2,SARandSig3,SARandSig4,SARandSig5,SARandSig6,SARandSig7,SARandSig8,SARandSig9,SARandSig10,SARandSig11,SARandSig12,SARandSig13,SARandSig14,SARandSig15,SARandSig16,SARandSig17,SARandSig18,SARandSig19,SARandSig20,SARandSig21,SARandSig22,SARandSig23,SARandSig24,SARandSig25,SARandSig26,SARandSig27,SARandSig28,SARandSig29,SARandSig30
C>A,ACA,0.00536570474049702,0.0027862933807788,0.00509645073754144,0.00712750265818479,0.00252564716244989,0.0064946210696103,0.0166754483574966,0.00611572865823387,0.0238316087448366,0.00501129245647403,0.00462602595293607,0.00405884863991816,0.00933086369023694,0.00756382782686809,0.011416484813778,0.00917842378459328,0.0121299888001298,0.004347966888123,0.020342926960401,0.00340026956223105,0.0119580517416955,0.0128066756606917,0.00370308779334641,0.0257528276556607,0.0076915289846392,0.00753568841977838,0.0166119084249446,0.00331450452393056,0.0199761913055815,0.00425738847281331
C>A,ACC,0.0150365680117535,0.0143877179983566,0.00378719512351506,0.00305648195716232,0.0122152735411959,0.0104078249049504,0.00314754795310126,0.0126658424064766,0.0160646903359057,0.00492403435979347,0.0207143128712032,0.00568851448267097,0.0131014513964105,0.00465365238308047,0.00560993092994836,0.00517973122124117,0.00557267310761469,0.00685601744284823,0.00519416340749669,0.0113431481245607,0.00874181249544891,0.00612395951628843,0.00271743973533025,0.0087663785932767,0.00313346888893391,0.00334874813444863,0.00319369214623991,0.00966053324518193,0.00343460138115272,0.00250209727268939
C>A,ACG,0.00301891198233625,0.008142504660516,0.00865930076105202,0.00874087152609471,0.00326520481057716,0.00321612212454191,0.0183649669890701,0.0184580698995597,0.00356578549178871,0.00633971225930027,0.0110071601398373,0.00966421513658076,0.00373381161678166,0.0163440183215652,0.0103217465776272,0.00356121451735874,0.00301790943681341,0.0162763269036183,0.00797984552228147,0.00331049125634055,0.00811682102610145,0.00290597401309117,0.021556392296757,0.00719193063704381,0.0201923294059633,0.00417809037103896,0.00533409523323864,0.00407611851679634,0.00386688617226779,0.0204380224366284
C>A,ACT,0.0250607684213915,0.0100126114193888,0.0061627006665662,0.0165836055416036,0.00328605803094636,0.0176653084257887,0.00473485294921581,0.0188483823796836,0.0135910230691585,0.00593364173767352,0.00653835436115216,0.0262945795628857,0.00280934713889006,0.0130381963740742,0.003906241668407,0.00424627054626166,0.00371119236421548,0.00537410702688366,0.0152059752069054,0.0183416146581572,0.00539353888779425,0.0098478274250517,0.0116737748959043,0.0109606385050202,0.00268739163775663,0.00719665158005108,0.013098117601118,0.0174647718052614,0.00413168666334239,0.00352695893420575
C>A,CCA,0.0196434715068905,0.0116678911491821,0.0156581777347934,0.00314039966776885,0.0203747798624825,0.00318956612653469,0.0119295892570033,0.0203753753740735,0.00545111605564123,0.00737709939776977,0.0229380705510816,0.0218822463855442,0.00495078793450754,0.016381597108033,0.00444379943164928,0.0141889532313257,0.00337819280846986,0.006636596411774,0.00904952825626282,0.00556503546653031,0.0185713471738236,0.015924973512131,0.0156368808116728,0.0192475470861592,0.00876396626664965,0.0222825961048375,0.0190949545321943,0.00859630077574112,0.0201876924675439,0.0187873028169839
C>A,CCC,0.00887362275713018,0.00668570570503174,0.026234162855193,0.00391522294899817,0.00681261035122302,0.0119091370968841,0.00345703165699361,0.0103492864012483,0.00660195240957949,0.0135578291578937,0.0252498922170049,0.0149055413358426,0.0104838892350296,0.00421978457230276,0.00518122664290293,0.00746044364212319,0.0175302959744153,0.00931119167051049,0.0102881587526069,0.00890209016977501,0.00355232692589503,0.00263458575007074,0.0217656424545581,0.00409807021381644,0.00942027198872959,0.012329568408793,0.015916975589701,0.0270079702282427,0.0239167242671847,0.0138853243466469
C>A,CCG,0.00539910330412622,0.0248948832711536,0.00952532309819299,0.0157878138005625,0.0216154370774054,0.0068766959177034,0.00425040209225781,0.0120990158398438,0.0145077184502779,0.00685131003499492,0.00473552140728925,0.00742577214096701,0.00746736144028011,0.00428470361705821,0.00806260103507828,0.00306952391708755,0.0146850478383735,0.0234624909304133,0.00379405787586124,0.0178027931698644,0.00396910043696203,0.00244748262747885,0.00772130551637672,0.0185929073700448,0.00580922122005258,0.0156919200647965,0.0133881359379023,0.0107560760378429,0.0104069505603599,0.0037854434391511
C>A,CCT,0.01354537056081,0.00401530682959263,0.00998660795252827,0.00665528598941769,0.00487776328557654,0.0120237890942402,0.015359770433526,0.00283853396699255,0.0177382551321995,0.0171367350579296,0.0134681655780478,0.0177788406711581,0.00441231061351661,0.0126368875488024,0.00293160526099351,0.00580116449978555,0.0236115045459339,0.0144500149597154,0.0174604160737448,0.0212161733568666,0.00408105103576095,0.00511577132384915,0.0109255685836529,0.0197832776797324,0.00370044360911432,0.0210237890247122,0.0206034015401275,0.0271437969682555,0.0124642669472466,0.0057666112293483
C>A,GCA,0.0069868820157769,0.0102628936366199,0.0231902027567856,0.0101479231753237,0.0168803020075237,0.0102857548632083,0.00775846914700714,0.005005501113137,0.00869677442306525,0.00433207104341022,0.00683156103781911,0.00331417256710842,0.0219562012658093,0.0249090341282551,0.0119630139626276,0.00324512748528755,0.00899298342776762,0.00571682097847553,0.00536212921655961,0.0138578431079273,0.0184533355834482,0.00812884288488404,0.0114535121828611,0.011048148904013,0.00717075200321711,0.0159637279609258,0.013074817124788,0.00300004402245188,0.00511132271718037,0.0110586994825912
C>A,GCC,0.0199623423717381,0.0130479588644072,0.0157022337082243,0.0170988561750063,0.0176380924503748,0.0098954964657578,0.00430029231457816,0.0233227951967045,0.00649236232208838,0.005551331350211,0.00428917085202313,0.0155540455434035,0.0145019345276829,0.0064683539772518,0.00478939270960041,0.00514680401364836,0.00784712251066685,0.021845505229153,0.00698926708152711,0.0234261477846686,0.00762931777836299,0.0205841878067578,0.00951497496228968,0.0201921096241924,0.00749426980463806,0.0151483256894322,0.0174778191024821,0.0180751064457339,0.00392977130269437,0.00757089447446969
C>A,GCG,0.0028884419053271,0.0201672948318066,0.0166342960650677,0.00380282875716593,0.0154387279638433,0.00477532378752081,0.00368042029127995,0.00533265969731327,0.00447729856369073,0.00342590736407179,0.00388821444879289,0.0135394881088089,0.00614392873639997,0.0108338505121553,0.00318903251280744,0.0183549446050529,0.0034381498784142,0.00328635265636296,0.0211543532687208,0.00477067749001337,0.00589655028267567,0.0218300629097307,0.00704621571225253,0.00276822947284526,0.00484379264223304,0.00735669809629009,0.0119588052408788,0.00852379096493808,0.023808342712971,0.00305443211468807
C>A,GCT,0.015162548245106,0.00854874240824912,0.00595514112752598,0.00732534641398139,0.0183536747471709,0.0182238407619555,0.0142276904377388,0.00785380939155345,0.01871222555919,0.00777555799681544,0.00441880934012242,0.00485600853859883,0.00415749379475472,0.00338385933968654,0.0071449739012993,0.00480181448703628,0.00830043304887411,0.00702293345883543,0.0072923277520374,0.0061411241911992,0.0142467734553334,0.00707518206401242,0.00498406857213637,0.0199659798434142,0.0117141205767986,0.00425177383947331,0.00519569682336152,0.00301747115543858,0.00674585245217085,0.00295387369885041
C>A,TCA,0.00385178641019594,0.00432805187713723,0.00399003058577912,0.00517791466884182,0.0202727922784309,0.00376259935613727,0.0156866590602927,0.0129721484072589,0.026386581123512,0.00294371472120664,0.00476760565968653,0.0186341981477014,0.0143094444779761,0.00345609518159643,0.00326724085790265,0.0125620250019535,0.00710360238518467,0.00409659600431354,0.0219681462108104,0.00842384235043923,0.00351949551775197,0.0221073843113942,0.00954408865953417,0.0187976299970894,0.0162261542651371,0.0159240046643192,0.0228032019105677,0.00450909168509539,0.0067711719792714,0.00816522660751606
C>A,TCC,0.0129527906235433,0.00630251492888737,0.0145934798356062,0.0174418349400924,0.0117239382338037,0.00612846629511169,0.0069533781543396,0.00270074879101527,0.0132339822196439,0.00584749728996072,0.00358949020977706,0.00514335266883996,0.0031900435480749,0.0108350525603854,0.00410379986470148,0.0167407114173641,0.0195023478743544,0.00625951111464697,0.00551857654297489,0.00560668937176456,0.0164322930535605,0.0109760871245216,0.00568078018689986,0.0123575718837084,0.00465032663748728,0.018791467389878,0.0129665682458105,0.0065052484497831,0.00616674101739496,0.0094248692347282
C>A,TCG,0.00345973507590066,0.00935978467339183,0.0163668086271694,0.00291410879929813,0.0035984463081242,0.0131544278410217,0.00936293128263798,0.00779087797962029,0.0052443905736016,0.00773941675736098,0.00432372262277417,0.00355943020759928,0.00905726276832383,0.00659941351525342,0.00741660432528195,0.00446770735740176,0.00688244676518966,0.00934936127852326,0.00487589347108231,0.00502954151211921,0.0153851016857809,0.00469560963220964,0.0240963415922898,0.00386022622486454,0.0242139810222489,0.0118393733213808,0.00273524165105259,0.00793882199529637,0.0213729210243954,0.0116570502123765
C>A,TCT,0.00876729624546539,0.00345154417963327,0.00590830156900343,0.00270036986106055,0.0219204426432446,0.00323231254017733,0.00925589067003036,0.0230240117830369,0.00556013726353027,0.00334924148572375,0.00656617492093582,0.0125068477789805,0.00723816482682046,0.0055246497332645,0.00486627327573887,0.00455483585066853,0.00375933734342434,0.0053669245441078,0.0214912160646462,0.02565945016976,0.0261364678483534,0.00889332001023466,0.0190526694685156,0.0051867229673009,0.00928664376518562,0.0111748022892056,0.00433623535463558,0.0279126954844242,0.00597677867777986,0.0118709308721221
C>G,ACA,0.0165739213648336,0.0207649348063949,0.00772026481206118,0.0243870350744968,0.011536607651469,0.0140996224539059,0.00746533374578784,0.00462061059293607,0.00884467783856018,0.010834787050891,0.00432455625171524,0.0134964102768178,0.00790956407196625,0.00264876380739957,0.0232818792519683,0.00467631719953902,0.00410918649347479,0.00878708276002338,0.0123515031258361,0.00275941732661401,0.0133746449774682,0.00395561041355085,0.0066267716139663,0.00335872264242125,0.026398854406595,0.0033131130161948,0.0106467697243598,0.00435560083723816,0.0222064051642922,0.016408153918996
C>G,ACC,0.0114250794139298,0.00302590250860547,0.00521545070098878,0.0185187760629097,0.00773359756647298,0.00964230293451025,0.00404986797894227,0.00550236961505616,0.00643854681181085,0.00668998012448604,0.00298451024196513,0.0062591729732808,0.00526680191808428,0.00813103066519616,0.00295998728386472,0.00575409434206726,0.00981640561432648,0.0161279413325577,0.00692774888649813,0.00280035470380109,0.0253027370434769,0.0192941243181285,0.0192159587897546,0.00558518342243143,0.00321753984862822,0.00748694130938759,0.00497801956162031,0.0121581423067297,0.0030629344699901,0.0169568590909478
C>G,ACG,0.00373109000382412,0.00414126012661758,0.0217359360278018,0.0156450774946674,0.0121879118456522,0.0217448522294077,0.0114386172305937,0.0105634730006609,0.0164993810318784,0.00641761151227676,0.0041976329719522,0.0178464154499851,0.0166071988573503,0.0100494636336202,0.024482726045079,0.0234692706042379,0.00477533763033888,0.0197841321862061,0.00353144562270137,0.0166620360331874,0.00802026967192509,0.0152046551212863,0.00420250008757118,0.00469995910865983,0.012964599879388,0.0172493613853811,0.0195128683892237,0.00692450157152082,0.00493712017772717,0.014902063509555
C>G,ACT,0.00363574692510805,0.00314815928402492,0.0112085919902111,0.00472778406268489,0.00314086525351986,0.00787947503771648,0.0223818435300019,0.0080637672961537,0.0278333900166731,0.00723168517960184,0.0103355459314026,0.0136750012213476,0.0172273724172312,0.00531174532174931,0.0141527992171134,0.00775930918719417,0.0171284538882202,0.00676674510069368,0.0233502526991383,0.0179892155529002,0.00933929798611431,0.0031070635032003,0.00530098418292892,0.00340779466458982,0.00281555605955143,0.0238460461668961,0.00319764179511675,0.0132664139271064,0.0058145343163519,0.00856863124690608
C>G,CCA,0.0229786846056983,0.0164117961007865,0.00480139961426903,0.00535077567256098,0.0106092414781381,0.0190884729762195,0.00514769260581751,0.00953655239915831,0.00323679440653198,0.00788600036507108,0.0127222092377398,0.00527253897028768,0.008784681034522,0.0116234373344135,0.00981652191923972,0.0038457404909047,0.00422396961033686,0.0189970515799003,0.00747365983214907,0.00893007486758473,0.022475052850903,0.0091700517841336,0.0211877390373735,0.01669654516052,0.00272952890596855,0.0149791076216608,0.00384903431344491,0.00640705796628913,0.00591121112298949,0.0188119117382519
C>G,CCC,0.00300121233355329,0.00596622092675588,0.0161662206583529,0.00544708242711041,0.0238871444439982,0.00317042232110461,0.00778048622334429,0.00730531494425848,0.00367365276319281,0.00503785903028851,0.00523687602492089,0.0106710348314833,0.0103803343286888,0.00720373229553122,0.0195530876693147,0.00995660884208613,0.00411677381580837,0.00706156708140881,0.0205666760256067,0.0133794949947277,0.0118274441327011,0.00475193322532324,0.0149756073914794,0.00330670255123321,0.0144686330795734,0.00410491771349583,0.0191963627898597,0.00452660361428836,0.0191818546769089,0.0173671073279939
C>G,CCG,0.00319552048446918,0.00593491483235578,0.0147346190525736,0.00795230466377952,0.00590533521745791,0.0119838118446382,0.00383422063485749,0.00431313453217899,0.00599826782035009,0.00346187030313023,0.00562230031340984,0.00463279195108077,0.0212705476016973,0.0159918182913875,0.00902794858120176,0.0154119465094136,0.0203594902890313,0.0162315133110339,0.006027152430317,0.013118371783427,0.00618364574081124,0.0182178486083223,0.0040512449276456,0.00905347408020659,0.0215713375922869,0.00883470329267623,0.0232969274367419,0.00346524188038337,0.0073569316609429,0.0191997531323235
C>G,CCT,0.00559111200626394,0.00435008725602868,0.00783198276801536,0.024202593822614,0.00428241782532336,0.00602068539843137,0.00815693126247707,0.0190015417704313,0.00389064047944601,0.00500235404692428,0.00279645068197885,0.0116110033734567,0.00830020892699464,0.0188382930411427,0.00339976176966911,0.0195370179996249,0.00341488452999696,0.0194873206550315,0.0163763918693269,0.0111551619716856,0.00880385653327136,0.00431230757732951,0.00729689299262024,0.00659699223611024,0.0121965241829154,0.0119739050287362,0.00284940708065717,0.00621216908378501,0.00569916270007731,0.0187243442317267
C>G,GCA,0.00330848536116149,0.0184309805864282,0.00835107428539746,0.0100995856118695,0.00834312190502646,0.0156182111909634,0.0282194457064501,0.0040435021394058,0.00452279362329055,0.00671003805415146,0.00592611089360174,0.00589964962531258,0.00916016296976252,0.0026128989178332,0.0107649692040721,0.0130171130499306,0.00274974657769583,0.0060804751743107,0.0109998862579069,0.00303786293390677,0.00605927704841363,0.00301572197924667,0.00534903720122645,0.026679063032196,0.0134920801115867,0.00406711039826812,0.0103872397233228,0.00799288107509951,0.0162284790363856,0.0211042188555979
C>G,GCC,0.00277442347645747,0.00828020928983395,0.00848757360806006,0.0136936533178917,0.0235291073386005,0.0139073199459054,0.0119843879888295,0.00338566956451922,0.00442977489266607,0.00282750150634268,0.0267051128767258,0.00458254738208742,0.0174868485427516,0.0174823947854139,0.0173558430993619,0.00580546514190576,0.0184572810054168,0.0180448840252158,0.00517719050289871,0.00582735006470122,0.0118963690292764,0.0229389816939673,0.0104807394716577,0.00625872935565672,0.00442100265976225,0.0106390166120675,0.0107020988425526,0.00596497404847669,0.0160598184972184,0.00374573676751918
C>G,GCG,0.0248064497396964,0.00675907137587687,0.00476299291665838,0.0113352758370269,0.00611399288453097,0.00449464914805341,0.00700896867355486,0.0173312040226253,0.00715590190517083,0.014536532376964,0.00815029447898838,0.0114024275406516,0.0044520685632301,0.0160705075537554,0.0102232305487201,0.00469242549871112,0.00316190392316577,0.0239297601909093,0.00548552318749951,0.0058588777263643,0.00462943056434584,0.0216713563063685,0.0149027623099969,0.00989835422125259,0.0242251143132648,0.00476660717922038,0.0103259078323212,0.0063153893082475,0.00440107201443098,0.00392517978296033
C>G,GCT,0.00645151166098944,0.00375923137093659,0.0245352344247531,0.00955523819517667,0.011268985436684,0.0221429744828694,0.00844506695456938,0.011159257719906,0.00822395694236126,0.00269856112904025,0.00665245127241274,0.00819929700878814,0.00736988244892034,0.00982819037218654,0.0118546760051337,0.0238243946226181,0.00662759803903279,0.00350391959330715,0.0108697432741461,0.0191661667182243,0.0118905328122106,0.00872191046535563,0.0147020707556738,0.00471598980062853,0.0264530960758243,0.00627662463260906,0.0208901644882661,0.00966482090128295,0.0240437950201083,0.00746022347331415
C>G,TCA,0.0173949268167411,0.0143170312722081,0.0103775860199691,0.00867118340699675,0.0144707702262124,0.00269930001591638,0.00689240893751411,0.00459047704436794,0.0126780460876733,0.00611786988208961,0.00757465882064557,0.00271071716283798,0.0221495061727227,0.00914727252455214,0.0272601152770261,0.00318831278164407,0.014472801914352,0.00320554525121391,0.0152168880236672,0.0199875661552332,0.00442236468411507,0.0165858027691096,0.008043112559356,0.00300998059609171,0.00385928847721802,0.0113854243825081,0.00461988032584458,0.00479733797356753,0.00563951571655289,0.0228287116580924
C>G,TCC,0.00832172117329491,0.0111682937158176,0.00324036389193837,0.0172973974791369,0.00529058510458019,0.0181276622168756,0.00542619726885859,0.00298899076164174,0.00942963396042531,0.00422567351460134,0.00423824388390997,0.0103156367371306,0.00386010772074734,0.00862880307071561,0.00546156741713533,0.0138118273515068,0.0256550564171736,0.00310933620888596,0.0087455662085665,0.00820962816790456,0.0121125701792055,0.0139669933613024,0.0113805986215247,0.00278867137682419,0.00369001320286503,0.0063853947085645,0.00819155909934087,0.0031947220533743,0.00286176566090565,0.00445154334227906
C>G,TCG,0.0185118792520612,0.0115737708499783,0.00938535566320869,0.011541560853928,0.00599840156821725,0.0143050771202043,0.0183306708869417,0.00653134899813164,0.0198614479032518,0.0202751683852512,0.0165859452176853,0.0110111000789174,0.0137976451124816,0.00410396972785056,0.0103592661455163,0.0173568447143703,0.0213338587720526,0.00769012048659521,0.0042542324958721,0.00344177306126268,0.0118390148706054,0.00756520105500201,0.00376898388709262,0.0121706772596508,0.0196088617727292,0.00564588522099863,0.0177867602494031,0.00722658365917852,0.00852126798818723,0.00707434247873099
C>G,TCT,0.00983808537234279,0.00571209618616249,0.0038843036862209,0.00268287141576186,0.00734356380354654,0.00462092786562313,0.00784262576344723,0.0103831895291385,0.0053294052601705,0.0177468076351679,0.00732712091860003,0.00347624007700295,0.0224498544559482,0.00266800769624472,0.00674062284659802,0.0158694908842834,0.0099305143995275,0.010648047337478,0.00617112318606625,0.0130524125754617,0.00700726517605636,0.00675715307206289,0.0217419599330673,0.0060680511312569,0.0108542065488525,0.00427731797521262,0.00518711116742166,0.00979290920834531,0.0151036886645702,0.0061962215782026
C>T,ACA,0.0215281637995665,0.00454124492884456,0.00697740566185224,0.00524158528305843,0.0030955877457269,0.0102172071657605,0.0116225215400444,0.0107885355892182,0.0171204530959897,0.0109971834538751,0.0155139774159585,0.00718443474176825,0.013459295682216,0.00307580654740283,0.00593448820944345,0.0153228058231458,0.00371415587831894,0.00692587274375109,0.00782161397438538,0.0028735934231658,0.0145258215357922,0.00457254297086743,0.0143020642472907,0.0061521164672112,0.00889666855420084,0.0081281676280138,0.00244889767825464,0.0105509349971932,0.0140919469931582,0.0233952616212938
C>T,ACC,0.0252266241489745,0.0121058447696844,0.0180436453222948,0.00574380963892676,0.00326784266305234,0.0207975554023932,0.00847120701159633,0.00435470821588069,0.00332180964503552,0.0100947673398707,0.0176958967010002,0.0069175290195755,0.00742082801295095,0.0043941990695537,0.00473926576926435,0.0168359247499673,0.0189352220957876,0.00522504885915508,0.00830428118308884,0.00983635567782849,0.00343539511571142,0.0211476903750256,0.00964741277855396,0.00915889275479178,0.0149518256734615,0.00497540843194605,0.00863089665589013,0.0248524597681116,0.0225447150331861,0.0061236037765322
C>T,ACG,0.00511486614713208,0.00352469515445011,0.0160859144634952,0.00761158485805202,0.0229953064246717,0.00674411780822668,0.00935833476414311,0.00298590879575143,0.0157928868622841,0.015117963025419,0.00598063665860801,0.00820080126944014,0.0111377627296169,0.00283129150257539,0.0198651693632919,0.00733397861201735,0.0129845973620176,0.00571078020706038,0.0195781945157861,0.020455124057728,0.00907049629988507,0.0226709694283716,0.00327588475885295,0.00875697628127173,0.00969585634943334,0.00480048822773449,0.00856383900013147,0.0287637148984136,0.00509397912089387,0.00335140508523353
C>T,ACT,0.00310581924653366,0.0056301335112982,0.0101610579088998,0.00636746836849951,0.00303169266649546,0.0151134598800785,0.0166459990662797,0.0219600131137436,0.014832029723726,0.00272693561616612,0.0102134685153119,0.00792433175365703,0.0100718227140182,0.0164961471013349,0.00586359709166842,0.0215502119444306,0.00739438214935858,0.0235825235541628,0.0197712753639915,0.008756276027464,0.0142552081230964,0.0103890075503624,0.0034312312380191,0.0146729744814819,0.00272079023380682,0.007558676230443,0.0189959063676589,0.0194297879605316,0.0110598475004617,0.0063501344637221
C>T,CCA,0.00300500638492865,0.0180948902593892,0.0030305569689565,0.00747206347316844,0.0189462231418246,0.00419035513438122,0.00442539018929656,0.00984934336944604,0.0145447282727965,0.00478139957450643,0.00429235526239488,0.00635832831516982,0.00414709486489567,0.014740030597147,0.00723456307300538,0.0103674702491437,0.0143590645234258,0.0125611023148089,0.0233211875378326,0.00312982346081667,0.0235004113678658,0.00413741222477738,0.004547507424153,0.00401917170546448,0.0181069966207198,0.00360227904597976,0.00412052025508864,0.00300659771801161,0.00670928407193499,0.00268194102408437
C>T,CCC,0.0167790066156714,0.0108664001283497,0.0213964265372873,0.0103701770384328,0.00762521733578696,0.00505150671552259,0.00397494885520208,0.00552227628424398,0.00380728043539103,0.00646756806426013,0.00310097113267922,0.0045022658577645,0.00598971050116768,0.00562414496921455,0.00906272019740293,0.00545318343962899,0.0109063635904811,0.00643922272123991,0.0109081999642017,0.00322834944741969,0.00811755619785593,0.0105950943131126,0.010197421714613,0.0267925351854242,0.00572109371081051,0.0189619202388424,0.0035912195491677,0.00319226746094687,0.0106126047489288,0.0174262665640219
C>T,CCG,0.00791119597490069,0.0119839667554315,0.024491523799888,0.00386720563302402,0.0059160354883679,0.00661457083762058,0.00301137829263406,0.0185249322232232,0.0103392979282892,0.013561051879252,0.0186189641747906,0.0152865518943545,0.0197426044680171,0.00339192378225908,0.018730392681258,0.00506834652167842,0.0132212201444658,0.0129159358332206,0.00517168377479128,0.00431645946803142,0.0199043166573826,0.00962849006278111,0.0027648794382457,0.015744415771807,0.00960906298008688,0.00918699126123729,0.012369054822451,0.0120704580272894,0.0134620951046959,0.00308095881150964
C>T,CCT,0.00376368808461139,0.00341889872488273,0.0178563914967597,0.0119524262491758,0.00466251330033683,0.0208919594843873,0.0205613215126277,0.00380579965999362,0.0275137252565604,0.0203749503471203,0.0234113072343148,0.00329029264800981,0.0049593717564365,0.0166605887689147,0.00530678507536872,0.0194572757379734,0.0148133541247418,0.0198849899267415,0.00363049197175635,0.0157297666639899,0.0193187656593256,0.0147180399749252,0.0107777958363489,0.0198005787074199,0.00782482080131702,0.00353474253060881,0.00499090206524086,0.00689977995236358,0.0181976089681106,0.0096737964917625
C>T,GCA,0.00306066750034849,0.0088501043516834,0.00371448509548428,0.0247979059242466,0.00605576659925258,0.0166993576999911,0.0154733099154343,0.0114554672724364,0.00460153985586401,0.0130777926954887,0.0127124356768685,0.0043320983270737,0.00261872854298426,0.00345988236438685,0.0146308802362102,0.00368281241810323,0.0226232571418877,0.00612301895590091,0.0104171969807344,0.00276145273085148,0.00318038222461588,0.00411671336932353,0.00378714654726456,0.0151991027159317,0.0116595320845915,0.00695531157942216,0.0110353445054192,0.017297827560806,0.00665578878403136,0.0101931229943157
C>T,GCC,0.00402253984719368,0.0257171522378869,0.0182633243311237,0.0148898621813785,0.0193388509403692,0.0204150070590123,0.0181936812851313,0.0191134911829725,0.0110205695175122,0.00550609917796117,0.00282080114329307,0.00655862467157547,0.00950258668867103,0.0164218324348103,0.00660248168196138,0.0102844644392671,0.00290043084059282,0.00479767202918474,0.0155792541466216,0.0208531572781496,0.00742124377985638,0.0113996708806107,0.00714891261372637,0.0188290318666801,0.00355959541959106,0.015143443269081,0.0120096795318374,0.0184524232769862,0.0175511117096076,0.0108661665783212
C>T,GCG,0.00806463548514422,0.00979175546732031,0.00574568171442343,0.0134099600230025,0.00467074358463617,0.00491797927034821,0.0112914902462394,0.0221535926786359,0.00356714919358842,0.00376441272324426,0.00797653582097188,0.00567069799949473,0.00289194666815261,0.00608372366830165,0.00513806444915311,0.00329059650315004,0.0093589646314957,0.00706789469596095,0.00830617619123443,0.0123665543142591,0.00872343909676205,0.00870570109974071,0.013935158722216,0.0050985715181987,0.00643069407525662,0.00783650783905929,0.0073093033643597,0.00852448519152764,0.00547198176558028,0.0169904845802994
C>T,GCT,0.00632693842938432,0.0149102113980626,0.00462082587588409,0.00845171149964889,0.0148314803800667,0.00452981818773629,0.00636480824417152,0.00271377805910237,0.00744777059192962,0.00433692234860722,0.0160467637728761,0.00316099153641991,0.0140511533248223,0.00299663385487178,0.00755568053227883,0.00277416346852438,0.0116852366194892,0.0107520036809087,0.00913983643085408,0.00582284588043639,0.0262376328615751,0.00570594126410581,0.00288449101199526,0.00477873113241421,0.00733474857974587,0.0237363925197043,0.00379272179289024,0.0157560566574128,0.00319665715665471,0.0185863308822503
C>T,TCA,0.0101048650634735,0.0101247965064538,0.0226289050640316,0.00310382185405014,0.0127761227926899,0.019926253466211,0.00398085706859873,0.00544087284467857,0.0138651060252994,0.00842966838769199,0.00549643502148491,0.00595133696054716,0.0195697469448004,0.00543686061127468,0.00790796834544767,0.00470176808131394,0.0147954138174985,0.00697993119987447,0.0193740246689692,0.00631908796385681,0.0107958929332811,0.00272808377963225,0.00414314088161333,0.00667436052244094,0.0121703269037425,0.0238123483374938,0.016540122978598,0.00937431163018589,0.018091993547,0.00304578627503258
C>T,TCC,0.00482967632513939,0.0224219417150265,0.0107443992895776,0.0190871352913548,0.00431951874743463,0.0208867732614199,0.00306819733160718,0.0060834106455259,0.015239114946699,0.0109729790608691,0.00527027223328208,0.00794435850132661,0.0107040323958511,0.0184992635597164,0.00379594539054451,0.0172405500575111,0.00387206728920773,0.00577136142830722,0.0196791313411754,0.0174674927780397,0.00573557927581857,0.00838351483669811,0.0145592609319832,0.0027984350935107,0.00507425007809169,0.00285983341173025,0.00498891556439162,0.00310276493262818,0.0270265821932898,0.0125948926632771
C>T,TCG,0.0237187973305796,0.0160669233596759,0.0119775329028359,0.00377109382638568,0.00394681560526154,0.00948032150164967,0.00744529713637306,0.0182674478202979,0.00284681906254447,0.00348600359520619,0.0250092875509005,0.00351710383297055,0.0216981367904108,0.00856439605450514,0.0076750229816976,0.0208409412304887,0.00273330365603254,0.00412862367427676,0.00296249793168339,0.00961297974409649,0.0250884761684623,0.00389477405421041,0.0165177299614872,0.00325435121991085,0.0151190993396134,0.00554773203555161,0.00400032803844178,0.00541366910781048,0.0053740630465647,0.00338823269313392
C>T,TCT,0.0129721882458624,0.00508201808236132,0.00657826797779961,0.0184438848699909,0.0161571023531801,0.00515796088518081,0.00321162360187391,0.00293868438608358,0.0125515138879481,0.0208162028520032,0.0197241226806643,0.00491053719348566,0.00667308899645615,0.0149360746974095,0.0120826578862565,0.00846949780805987,0.00305930918665352,0.0295133086066797,0.0111213278172743,0.0126043832655205,0.00780872058919993,0.00544914472304563,0.0201601308792565,0.00678106362498706,0.0193636132679478,0.013255886446074,0.00973909451336317,0.00392174115205667,0.0119980515918313,0.00359854406431246
T>A,ATA,0.00541347300139813,0.00533196330838784,0.0196984648746174,0.0184104318937473,0.00887370341287684,0.00406187061602227,0.00470981739624328,0.0259471680604782,0.00437677722323963,0.009515681634717,0.0229185574850033,0.00465589427864323,0.01718106384923,0.0214379351576606,0.0044646950257895,0.0164920608287137,0.00291878165588355,0.00742022113590274,0.00373189363596159,0.0179222301533209,0.00823639786400026,0.003779493379007,0.00512675460410704,0.00570024443587188,0.00519434899977396,0.00297864112866553,0.00524107651170661,0.00495212320120746,0.00331346122324333,0.00439954050147676
T>A,ATC,0.00455544924905705,0.00757293935839476,0.016121944976713,0.00681577912853823,0.0206956094483187,0.00502325821700012,0.00909257455236908,0.00902931787930359,0.0260807086680788,0.0104014872511207,0.00448202642046317,0.0217351495392876,0.0188724135827193,0.0218893467599588,0.00377493806794298,0.00469393633472077,0.00556663380680864,0.00658577574785429,0.00393406971753552,0.0100120427935795,0.0087751402718971,0.00258478075488741,0.00448262245174635,0.0140033086354145,0.00287911938659376,0.0142148065720015,0.0117062219146739,0.0200627784144624,0.00995426101044857,0.0131533054107127
T>A,ATG,0.0202036300089101,0.0101842155136944,0.00591223230322541,0.00411383220058016,0.0216655130877114,0.00376934617896193,0.00580463335716024,0.0189467487022527,0.00422598588525095,0.0124039703915442,0.00852250614811545,0.0157611959307843,0.0152263833263156,0.0118336934599585,0.026334267891257,0.023466304332112,0.00364548638382915,0.0237810536399982,0.014714181208355,0.0050930656399915,0.00542682191905084,0.0125674464655864,0.0166406468315566,0.00355757529313439,0.00290120415174372,0.018507944489833,0.00669606757813783,0.0205172292816346,0.00454150217171048,0.00609888728188952
T>A,ATT,0.00384831781032733,0.00976511593377699,0.0050828351283984,0.00936255189167658,0.00740680079193437,0.00261495072734393,0.00657262224522155,0.00320016992355758,0.0161257785383736,0.00554337393002469,0.0142331165126504,0.0172373954046116,0.00609055706925883,0.0142642623544349,0.00985065868447125,0.0167609646846291,0.00444860245380327,0.00397598341115149,0.00323981596203498,0.00340891031714149,0.00491594574599064,0.0108169066150455,0.00569781612555051,0.005041655024286,0.00551294231391989,0.0168141574808329,0.00745675154713104,0.00983326659891695,0.00996725289074376,0.00648562160833484
T>A,CTA,0.0137853807602276,0.00415104309001372,0.0146906485497547,0.00291108209377224,0.0202624684903263,0.00319226310595121,0.00452875479525359,0.00355388575776239,0.00893060682711119,0.0111884938465105,0.0217403207080438,0.0187054729340693,0.0121181873605395,0.00459214451464644,0.0049755000110833,0.0191424961703638,0.0177784570038029,0.00600767212469655,0.00805424063842474,0.0127102604384294,0.00624823885266769,0.0115674583596483,0.0112956980463036,0.00291714222250504,0.0121032427434535,0.00671251149914872,0.0209542930655066,0.00295743237721161,0.00428714468645683,0.0108528070366747
T>A,CTC,0.007238891533218,0.00967312961925459,0.00646028435335221,0.00356055241469481,0.00866334935006855,0.00847706577164433,0.009725301316901,0.0154178376199086,0.0178866290101588,0.0193522305905411,0.00525375051870183,0.0171007097078091,0.0185153843787288,0.0237246786402484,0.0192017106719364,0.0144191004815596,0.0130563507067179,0.00734132574232335,0.00502110830233529,0.00289926798395342,0.00982602434739483,0.0119266286491193,0.00498025498735953,0.0154278006816358,0.0135962695642221,0.00983232412872372,0.00500150187663539,0.0036586509062383,0.0153460375416272,0.0131584175665512
T>A,CTG,0.018834153074545,0.014762297572471,0.00641373606102999,0.0109913374581134,0.0184332004883216,0.0196028631044551,0.00363691534084634,0.0051538626558776,0.00578243521214306,0.00300371072790141,0.00624963748743503,0.0153802936009266,0.00552754127793669,0.00708374021322005,0.0209739754021191,0.00387832383565555,0.0164949050536541,0.00960075236230309,0.0120669652473247,0.00613845439362141,0.0216086027583659,0.0206384956400198,0.0249025152182917,0.0113740189814828,0.00405668960400254,0.00726408211333935,0.00514566439711293,0.00866469691881002,0.0234807752608621,0.0207582233066354
T>A,CTT,0.0148812263210625,0.0175527496419032,0.00955148136222694,0.00831372612781093,0.00509194009996911,0.0118578892808666,0.00444266479100055,0.00360608262222455,0.00927945070120894,0.0130862614478546,0.00387667108328065,0.0237190332676344,0.00552734838579646,0.00642201654453456,0.00487341783750112,0.00487045494500737,0.00527707785175633,0.00898374778147159,0.0042235374137229,0.00890912955120262,0.0042659997946308,0.00530841041621725,0.00268354480451031,0.0107657724822051,0.0159634902004049,0.0102918881916238,0.0227818543423885,0.028311391322437,0.00433766386654664,0.00652851889032011
T>A,GTA,0.00539074649668237,0.00694689235887776,0.00479394186214819,0.00308441272262137,0.00316810745628036,0.0204657048812278,0.00738809135285677,0.00340946932900826,0.0121095384123041,0.0130660871158968,0.0234871762548539,0.0161925235288487,0.00305501832489535,0.00656155019232105,0.0153017546884938,0.00810123823493591,0.0132450734152082,0.00582488746342007,0.00274309187993251,0.00372269434800277,0.0137085119785541,0.0180735191625431,0.0175773538827789,0.00445592505482686,0.00295522980794176,0.00986913486998495,0.00510482938480297,0.00576843167881522,0.00737493615936607,0.00628301708322858
T>A,GTC,0.0123792396549404,0.0192466969813454,0.0149563744080012,0.0121343790527124,0.0104214138928632,0.0159567497555326,0.00688985793554509,0.00362487202901463,0.00908767991826389,0.00910650455623077,0.0141727490644746,0.0049639962536509,0.0182045993884761,0.0181744152140257,0.0118232253618159,0.00997501296871609,0.00893502512371888,0.0165361179275915,0.00423160566351962,0.00568926708238706,0.00760522050287742,0.00407597564139968,0.00850237561248873,0.0171532951143884,0.0142465457040285,0.0234876398385601,0.00699117892928484,0.00754526248642578,0.00293339386586576,0.00308709858704787
T>A,GTG,0.0165379987524063,0.00270777907972427,0.00303186094999578,0.0207656813577024,0.0125184549130073,0.0123404056653021,0.021966302300132,0.0218618382240414,0.0135834750128541,0.0225137679648793,0.0114920439813903,0.00965547364057609,0.0164140981331919,0.014307650193523,0.0224125732896566,0.00583855010004256,0.00477102343457094,0.00929566644218611,0.00599620417414712,0.0144192913470897,0.0113337980160081,0.00996705359284162,0.0085223920068338,0.00624477264217423,0.00750628754241451,0.0123973687396736,0.0129107527094466,0.00755098410648845,0.0175925257977971,0.00777291971868888
T>A,GTT,0.0182237804024169,0.0050760482849616,0.00344619343191434,0.0214176036977158,0.00832036928122567,0.00459745389550866,0.021001720904667,0.00639071366503116,0.0143329406129471,0.0183065467804748,0.0213668221544432,0.0033251752967574,0.0114900419050501,0.0105496140677128,0.020385299174164,0.00376279128340712,0.0103707159153172,0.00473858268786937,0.00332822352251305,0.0106749989107465,0.00343431170863123,0.0141993415018315,0.0251621340799649,0.00842614878344116,0.0247601609167588,0.0179773276466297,0.00437387195422519,0.00802330576034428,0.00372142124967315,0.0084634851432628
T>A,TTA,0.0030226703107288,0.00501931461485798,0.00301888841333757,0.0120641441446729,0.00951350334755637,0.00862181144841403,0.0233788278379187,0.0170076637510537,0.0180611251687263,0.0059717764152197,0.00307747152361967,0.0113532733462305,0.0185957011735269,0.02258506879668,0.00883018887149815,0.0163050775278324,0.00666553779767785,0.00850203707447499,0.0120427497011767,0.00606350828057605,0.00887263852913737,0.0233351409616641,0.0102131307182362,0.0130320931744679,0.0062608075969183,0.0208555128767544,0.00661655161771237,0.0145615950531601,0.00704487683240267,0.00481468648508025
T>A,TTC,0.0251805261636329,0.0179029216234185,0.00685905684234734,0.00884876751595201,0.00997358995985231,0.0205423320730249,0.0176754598243435,0.0129341343017766,0.0223622798015762,0.019646816932058,0.0148972089800319,0.0203200220425058,0.00873056180176423,0.00455782816840865,0.0156308462979575,0.0078142607717539,0.0244656458077929,0.00539364566337275,0.00777599573487479,0.00600788973915559,0.00883444542163218,0.0223011442595882,0.00823748233407266,0.0197976275881879,0.00531565553555386,0.00292253213543623,0.00463017166566243,0.0256902719929106,0.00665375661159808,0.00497950221960936
T>A,TTG,0.0121775341837763,0.00517691494165832,0.00411377072874628,0.0196475012911401,0.00625645679854379,0.0071928188938646,0.00672318183229819,0.00593333221481959,0.013474704523941,0.0237123894476716,0.0123180659589397,0.0190984803250366,0.0207662268530068,0.0212059010803469,0.0178515922943554,0.021616043014622,0.00554036967261639,0.0204897867653159,0.0184106513342167,0.0136689130753465,0.00541436735037431,0.00926511938919909,0.00429603548383321,0.00412960596351958,0.0241523091287986,0.00349054427273956,0.0175259511831711,0.00607215002747052,0.0171658500294318,0.0234894503619154
T>A,TTT,0.0087139036998943,0.0137014056338814,0.00729664729890908,0.00282393162199924,0.0104139909195581,0.0102479052898372,0.0205203032127042,0.00833426919921144,0.0121119325750182,0.00658974559357159,0.0141244467914005,0.00817286148305574,0.0171297166257346,0.00873503446489804,0.0131427916194911,0.0111133693169444,0.0122127366318571,0.00477827438400546,0.00639700977037798,0.0193715870207163,0.0178969599306155,0.00421197467111346,0.00572137351383059,0.00381658770434655,0.0101951556500266,0.0122808603806426,0.00254148827670982,0.0161901940719929,0.00293026652503628,0.0074636863916171
T>C,ATA,0.00389644163293863,0.0233805698336355,0.00499531256556068,0.0257221397927417,0.00298278085014321,0.00687434635819287,0.0047202882978128,0.00286500213519285,0.00378082932820208,0.00595603126987625,0.00552649500198569,0.00770373251538143,0.00679120182208293,0.0153058365238006,0.0212827848890721,0.00621702678341901,0.0224238350809288,0.0286355324635455,0.00321205880393429,0.0226397988881385,0.00857610349687365,0.00286631229863493,0.00273532320225659,0.0208694743063829,0.00405577759541907,0.00895283666721796,0.010685099670336,0.0175102567777421,0.0231980544577142,0.00674199643647579
T>C,ATC,0.0192837201143674,0.00844133413674115,0.00582073564055953,0.00284144181767051,0.00301563928294672,0.00680777392512101,0.00614629086477288,0.0217011262585228,0.00395977997211083,0.0242230216926007,0.00865829105434669,0.0051535729410673,0.00354168771006079,0.0247316502504695,0.0217701991485597,0.00623190116084989,0.00714911869572624,0.0112053369968306,0.00324713917381348,0.00451468907473173,0.00499552606235729,0.0100221796068478,0.0190045442869195,0.0109926581216292,0.0181238299594631,0.0108643326316505,0.0196131875036074,0.00565624513900041,0.00281506965628909,0.0173026982423583
T>C,ATG,0.0206479954598679,0.00524438369275921,0.00436165713340861,0.00461564356195036,0.00722563834111078,0.00699222431867101,0.00550164853900352,0.0141733000913277,0.00334284261188197,0.0236816725563258,0.0055843173111526,0.00272512676490123,0.00596223337080297,0.00851217209011453,0.00418098141441314,0.00417795724302615,0.00417735464919007,0.00422193161339204,0.0126278286426898,0.00803565693572158,0.00699540618242254,0.00464649214031487,0.0140430258006701,0.00785242600962082,0.0115124287416815,0.00525234932862422,0.00678170474438049,0.0049763543755119,0.00507286063726281,0.0161718899733543
T>C,ATT,0.0189692796127944,0.00556734176920733,0.00397839310986885,0.00321659713268531,0.00827369843473138,0.00865004337525725,0.00574019175831898,0.00990002627094628,0.00778313064864511,0.0149523638345943,0.00581502824244708,0.0247888886832904,0.00566272527495799,0.00867601053645641,0.00361841980389334,0.00483473921696258,0.00432274862035558,0.0152563581391291,0.00497716425162595,0.00923029840545331,0.00437262305093381,0.0148670593936431,0.0236452117926841,0.00927782068862604,0.00393316100142737,0.00449654804217342,0.00374217347779444,0.018860162870846,0.0213242813917429,0.00323752762866361
T>C,CTA,0.00725400820363753,0.0035539901024245,0.0032104452395587,0.00765135768276814,0.0219034496491316,0.00311627100608919,0.024392659020011,0.0197837890925286,0.00349229662702374,0.00292245611270977,0.0027480618781875,0.00623524829473847,0.00432077316947036,0.00330717327331769,0.0236003921039391,0.00989662209697725,0.00832410833550063,0.00813459868487565,0.00505211870761675,0.0230565918926569,0.00749052985579356,0.00439723642275193,0.00340335376729665,0.0037387943385907,0.00977576161099424,0.00272261624715366,0.00761365332143008,0.0124600046525876,0.00424110291696399,0.0198057088699922
T>C,CTC,0.024153760541834,0.00773385588211931,0.0144073569773664,0.014632373113451,0.00287968863291402,0.0157264328368633,0.00561919856228853,0.00806427413332014,0.00317189270082814,0.010676593079826,0.00505273195615771,0.00369786258266257,0.0202762656625186,0.00448670361896732,0.0129278889480856,0.0205201821712327,0.0263581786849958,0.00524755777993059,0.0196693560105573,0.00276539775816403,0.00302046102943852,0.00243210824160408,0.00520352922569762,0.00495755597872452,0.0194011810303847,0.00331313587420263,0.0135013154711906,0.00791047026714587,0.00566784564779155,0.00283188528420584
T>C,CTG,0.0254483271921152,0.00985779406704597,0.0119873943482313,0.00293569216844013,0.0106913420689775,0.00369602653544132,0.00827612452919398,0.00588975859246024,0.00965314285493932,0.0243993814859968,0.00743900288434318,0.0191886810960926,0.00258687170742023,0.00781342382045586,0.00408529890609478,0.00662282681010395,0.0250940419358844,0.00580282188502356,0.0102478435526089,0.00408277186362703,0.00340812604304661,0.0051764592211876,0.00405539430025719,0.0124933496571242,0.0163542219988202,0.0128404582997077,0.0071966573740171,0.00646780376468636,0.0036116952469893,0.016096307805767
T>C,CTT,0.00648660757161378,0.00829632060325889,0.00388982292665096,0.00444287330607968,0.0106389689347616,0.00386093110968836,0.00322276178881521,0.0111080626749921,0.0146413504061282,0.0054312443490796,0.0237910328750548,0.0242098831684183,0.00304153534138133,0.00585058930847524,0.012940038373537,0.00419523388432416,0.0123875993706649,0.0060481931599347,0.00998071154490585,0.0197642814720186,0.0193527065904923,0.00462617314480733,0.0123701743362343,0.0183148712604823,0.0165958989379148,0.0118870435182149,0.0183953494165972,0.00774271983700468,0.0242369771443957,0.0177902440225403
T>C,GTA,0.00542811667243776,0.00628409474683741,0.00380757592371837,0.0038321217752274,0.00700976170779636,0.0247007882582186,0.0161320154847169,0.012876523525693,0.00472100555189074,0.00372017751367342,0.0268512481194918,0.0193683630817615,0.0110792046700636,0.00646943324602113,0.00378957561702603,0.0210518279631414,0.00608179105373991,0.0118978445810912,0.0198075786518011,0.0126822849125926,0.00518206606530532,0.00454028572833515,0.00951814672473202,0.00312120015534985,0.00543100820532549,0.00344706545820697,0.00792131530921453,0.00327837159011417,0.00630840617375652,0.00652895510185138
T>C,GTC,0.0132306590084956,0.00438511382114555,0.003813454763348,0.00593059637033098,0.00385265155692658,0.00758569107247339,0.0128965665818615,0.00541890460823857,0.00302660662479464,0.0101850930856847,0.00504446969727773,0.0121084955787478,0.00980699851538029,0.00411444672820264,0.0112506159452833,0.00614474595040478,0.00372743391816112,0.016628771185752,0.00542605976588823,0.00487660496387878,0.0237803324031144,0.00344050587272184,0.00380853188916781,0.0161750672426987,0.0140462042210277,0.00606330597046406,0.0113938188319763,0.00773749703339608,0.00753872478246823,0.01502299353805
T>C,GTG,0.0215488302545501,0.0181569686983858,0.00449306120178719,0.00791805099758208,0.005840632798814,0.0227801082032298,0.0211622270961865,0.00608681415503083,0.0177919016432723,0.00621862298259329,0.0235710898135594,0.0210179164808344,0.0243784879416052,0.0235180409819226,0.0127515613743539,0.00650008012699538,0.00833226135231266,0.00582275643697952,0.00283000670486845,0.00582863836070147,0.0162565549431448,0.0215585978304339,0.00741026568542088,0.0159071468307677,0.00754268075806195,0.00553590740050557,0.00808535559154722,0.00530297623463348,0.0031879823770626,0.00836581317957754
T>C,GTT,0.00697060592486965,0.00689104387161548,0.00805151209377483,0.0143267556437658,0.00977161272230301,0.00297975904362988,0.0157060583113135,0.0134247619603848,0.0129977177720286,0.0107437664991904,0.012117872693409,0.0165532255771438,0.00279323107466661,0.00334358320640361,0.00411466439297088,0.00570878636553448,0.0159907703099225,0.00719350446774322,0.0174119615230903,0.00837828446660419,0.00960393281041172,0.0129378606991944,0.00494815801258697,0.00417517663031307,0.00280617420460069,0.00551544021948271,0.0150186194431101,0.00415475527871646,0.00614927542480955,0.0155204796953384
T>C,TTA,0.00266092411650355,0.0237480374831869,0.0247400304087079,0.0138600098526739,0.00258576909205428,0.0111455182198311,0.0104938207314833,0.0261443786671535,0.00359924683727007,0.0139813103405851,0.00809390406400098,0.00793797209161063,0.0126959015930843,0.0193277919254351,0.00572231810977132,0.00388555964594808,0.0191306764949544,0.00659159586090874,0.0134664917991955,0.00500784760471126,0.0172919839774489,0.010730243377246,0.0238999773425491,0.00512971773113802,0.0211920135735457,0.00456404825792998,0.0216275628128111,0.00342160301918636,0.00419386788553137,0.0212867487512916
T>C,TTC,0.00294018361294436,0.0105687538757565,0.00441624232279689,0.00837843521566245,0.0201230604092974,0.00603937540706863,0.00605892779108798,0.0228695294043925,0.0176804638904235,0.00269542979009619,0.0147536995774344,0.00499270730776283,0.00876669302412255,0.00651977127068464,0.00678462858752184,0.0140513830870481,0.0230593215870679,0.00554569662358397,0.0166314112419402,0.0172931315194816,0.00374869476362089,0.0170728258648259,0.0207334381769299,0.00385965258757743,0.00635772463734945,0.0144018443104766,0.00321873936132045,0.0189156352730257,0.0170978889211561,0.0222773452598894
T>C,TTG,0.00656987733192366,0.0114945968376136,0.00389704089601485,0.0211662782018998,0.00624275207601754,0.0028586618527742,0.00735456285343315,0.0160592019506357,0.00597951954269123,0.0179856714607105,0.00339780882308937,0.0159604054935888,0.00388346590968685,0.0128389393969726,0.0246671839195256,0.00616319201788677,0.0267201827588482,0.00364556758209637,0.01994769937551,0.0192442236763244,0.0048029537518627,0.0233540139205838,0.0220316303519004,0.0191730284283883,0.00688113626233308,0.00833511880627256,0.0161221597906927,0.00712869875954731,0.0101323311352481,0.020689812654887
T>C,TTT,0.00279154778424926,0.0169373560669464,0.00418290927600839,0.0170199438119259,0.023522383002058,0.0122809685605513,0.00749665086814676,0.0253796827319892,0.0220163289017909,0.0245175763770331,0.00838901675280489,0.00283902427408193,0.00402351783233136,0.00463201866697518,0.00528705158758406,0.0152572391692648,0.01521432120119,0.0129325920081315,0.011804804487774,0.011808254892629,0.0258901131771681,0.0151162748582501,0.0128296879168358,0.00558064050192671,0.021150869577985,0.00342890848086698,0.00250422413558654,0.00562286264246931,0.0073993131457601,0.0060063983991233
T>G,ATA,0.00398743682459238,0.00730494691968493,0.0260614894776366,0.00314069220476084,0.00636778648049561,0.00985456681095432,0.00547753626718728,0.0133469386785868,0.0199108877101735,0.0170304108829497,0.00333996454693465,0.00838213363712795,0.0193869933567578,0.0128581188174943,0.00319822664269438,0.0151893883813605,0.0116887224181321,0.0104022638703099,0.0114409629554224,0.00463818535483707,0.00396479091740051,0.0054461660895074,0.00558635517988287,0.00701943034459594,0.00929376989029356,0.010462350766741,0.0220758881451171,0.00545250128084691,0.00749427459531199,0.0149984887224495
T>G,ATC,0.00511831805982886,0.0184691228338156,0.0204938634339355,0.0176784670650899,0.00332556406194058,0.00919954758246972,0.00290944612033574,0.00367082142882644,0.00988769395660446,0.0209507535631376,0.0215983200657066,0.00940064427642986,0.0143295029704019,0.0165015268589805,0.0038934174109124,0.012323947221569,0.00559386484801037,0.00463254938205834,0.0236454720862176,0.0173346658145733,0.0160083824854413,0.0171559090991685,0.0040131141428733,0.00566702817091021,0.0106897323546866,0.00452124384208816,0.0197880429161126,0.00512381825221687,0.00384795289743551,0.0118616184569747
T>G,ATG,0.00392938316048696,0.0133425224246311,0.0145909964381846,0.0242621592124149,0.0179208594478408,0.0213407249019534,0.0288349474674448,0.00603615992505352,0.00507821746323805,0.012742499844181,0.0160944432668409,0.0251687347957282,0.00455806632436187,0.0133747385115331,0.00322943447964089,0.00977979011566459,0.00984770055883378,0.00357483383679585,0.0100972618826849,0.0206264234805953,0.0039312681113878,0.0219374520304736,0.00519566300915368,0.00384816819348128,0.0131427774075545,0.0138951154787842,0.00369341122629554,0.0233779716902451,0.013404424226181,0.00483804531018384
T>G,ATT,0.00896408311411796,0.00266608189547558,0.0129943778819259,0.00692215596777902,0.0200504876069061,0.00377074737032239,0.0171168186878881,0.0203410759609019,0.00306799699005372,0.0109455524180428,0.0257548621362487,0.00461420085069791,0.00447205234324479,0.0102540895435868,0.00842374885007941,0.00396213741795209,0.00600157027425367,0.0282321073457188,0.00544265040888364,0.00826064519614377,0.00535969653859775,0.00710277811229886,0.00342478979724788,0.0202167224260333,0.00472582454545116,0.00299915681860006,0.00392783339637837,0.0179163481698049,0.0184417205662889,0.0156941856738405
T>G,CTA,0.0079723180601792,0.0131477831233863,0.00542466138995474,0.0263550950535311,0.00261068308126771,0.00994237698998137,0.0270736566294248,0.0153222634659771,0.0281758475296756,0.004803498363276,0.00526828855586512,0.00476683874359987,0.00823885542007819,0.00426082455054019,0.00650197096385961,0.00444282433510214,0.00604433619712591,0.0201450271452476,0.00514514467342477,0.00732633985947607,0.0035489351102833,0.00418946318197494,0.0138008001004669,0.00646124568759911,0.00611700258031096,0.0101635230824598,0.00419432671971019,0.0215480869124591,0.0272041781561939,0.00335087154210252
T>G,CTC,0.00926863244215028,0.00364770895782505,0.00711135348857488,0.00450248752412139,0.00506721779083253,0.0125496083801153,0.00781781416463954,0.00798399739997628,0.0109827614393327,0.00950486992090759,0.0167864637873326,0.00437835427397031,0.0181777296335676,0.00531267091664294,0.00602641998072748,0.0123584274842507,0.00846192193842511,0.00457796970111638,0.00543304519423212,0.012506608767659,0.00528541845161601,0.0125247863010301,0.00266612172469172,0.00819625687307802,0.0120689636540248,0.019020843896377,0.00250943946518169,0.0144174014986867,0.00761137548281689,0.00470739970238465
T>G,CTG,0.00473150362249569,0.00780882740032124,0.0261222915031901,0.00527473232765419,0.0248469148909964,0.00753462489789277,0.0142806937424842,0.00756272495964826,0.00535222798658449,0.0180330876018285,0.00333435958554678,0.00282368444394051,0.0107186234608075,0.00557824330349415,0.0036179362746523,0.0136753060308869,0.0262713604516419,0.00309315045504541,0.0142054544727477,0.0135647865594913,0.0177372488323592,0.00313483335555457,0.0258776210267693,0.0231283008428933,0.00529851125929653,0.0105509642778665,0.00580136376510374,0.0223631518240174,0.00567918022900124,0.00698555117545786
T>G,CTT,0.017812297295899,0.0166710175471411,0.00641817923943585,0.00533076237817884,0.0038653532220079,0.0235040900727382,0.0254724486335377,0.00386123363955055,0.00292823126695289,0.0218895805645357,0.00638992330178073,0.0162718906823031,0.00539205183006966,0.0196407978866784,0.0131770189629045,0.00555727402822039,0.00374446307305497,0.0126343938511265,0.0134955620570106,0.00457225059865214,0.0149560702555898,0.0178435865267356,0.00616698910351283,0.0065921051380976,0.00924724419231955,0.0152102156976124,0.0109656265655109,0.00846389840247111,0.00680417098477636,0.00425971331459596
T>G,GTA,0.00376757458610174,0.0202273464328729,0.00331587447007767,0.0109460956267474,0.00483233956904711,0.00589704190741554,0.00597488743814866,0.00459705870561299,0.00739068341879699,0.00429342020002672,0.00334997766838714,0.00401246419449166,0.00476400031774186,0.00834109160847704,0.0162849148968292,0.00927793703443753,0.00291748451168363,0.00686110103621964,0.00405929322850951,0.00726418525429077,0.00396325254943933,0.00708560466293254,0.00706062396740912,0.00786082385231119,0.0234875425110904,0.0179012817250493,0.0190589710464978,0.00341495219849588,0.00808403857940301,0.00637163925231963
T>G,GTC,0.016284677254082,0.0226359579707934,0.008923411962136,0.00969226371609204,0.00742961467853273,0.0036976425681653,0.00333052466430849,0.0051262304040416,0.00701433922956339,0.00928496783651126,0.00878203490814051,0.0222945497071545,0.00878632332774194,0.0191567789239905,0.010185877786168,0.0251354307367067,0.00394522513284692,0.0263901479288396,0.00757530518301014,0.0138727078577797,0.00308361162464682,0.0114136605327201,0.00616583018463745,0.0028889960645355,0.00365932278181681,0.00991388882732075,0.00769510866098215,0.0106331007428578,0.00546226073093367,0.00532511099109969
T>G,GTG,0.00476197462489582,0.0247540265657168,0.00529605699950573,0.0102515751724126,0.0123950694572286,0.00305078373681922,0.0092147246872255,0.00976191410203954,0.00550815477619085,0.0141354517487361,0.00372749023730297,0.00581202563573526,0.0161701016045608,0.0164726821855644,0.0137566769531589,0.0169240487799054,0.00676317763680134,0.00841453523749162,0.00562200243159884,0.00428881266019963,0.00737620205773387,0.00840954973847935,0.00326808525357819,0.0262980259316933,0.0224841512256876,0.00309735247646651,0.0169965397906972,0.00737594875008454,0.0180174759936975,0.00300149355117756
T>G,GTT,0.00669034396176059,0.00319986170320469,0.0198076852849483,0.0102079794041105,0.014241842820572,0.0249648443879152,0.00540708871365779,0.00599448992583548,0.0159452493704925,0.0148877840276702,0.00303713558989773,0.00605844851731897,0.00337103018834095,0.0167491382179446,0.00518479367063746,0.012174069237767,0.00423233422491386,0.0158138614091594,0.00383685902979509,0.00987736271967137,0.00295377043307542,0.0191000619547088,0.00422258473382867,0.00944110465670639,0.00327606286680631,0.0220280543867613,0.00822741914425277,0.0111045832043442,0.00441126738743545,0.0155236022019136
T>G,TTA,0.00363832527367795,0.00647484877441905,0.015058366285208,0.00956923231813477,0.00962959795426096,0.00318856308664665,0.00289740743644689,0.00308584178256146,0.00341410032703659,0.00482346400710457,0.00362125617560694,0.0159115629024141,0.00484659570103897,0.00712338290519876,0.0121359099968027,0.0116037770947385,0.00482252585317094,0.00539911108255339,0.021858440547733,0.0038703634895358,0.0134548595706201,0.00275940230142751,0.0162997821526939,0.0183588034970624,0.00286757667038723,0.00850296551234718,0.0102837103557048,0.0153177999308658,0.0218957660282236,0.0122895554704928
T>G,TTC,0.0133110691039322,0.00951155503394978,0.0253914322844635,0.0191156241028691,0.00404846288554192,0.00888716965843549,0.0120649448686287,0.00482596237689627,0.00647644987070045,0.00932028143925179,0.0214898232653772,0.00909499752134653,0.0113125489632219,0.00950259668794539,0.00410666238247244,0.00381743898485692,0.00713049243902023,0.00963146131882954,0.0162621433608673,0.018369776950213,0.0210296239610165,0.00680579591570665,0.011215561083206,0.0270422488963496,0.00935421259949762,0.0212140315398071,0.0124377243642763,0.0063338338996794,0.00305938322168548,0.00918276555736803
T>G,TTG,0.00506424200370346,0.00349851933461347,0.00496780251567403,0.0195428836380961,0.00341674742804961,0.0220533562360463,0.0282684531886831,0.010224571156389,0.00343542754236283,0.0203545810260041,0.0102043959192123,0.00647325649973976,0.00988116233704994,0.00871281315885485,0.0235678099420453,0.00985713294675612,0.0109951167564855,0.0115050174149876,0.0114413535155937,0.0196889574232367,0.00547720038046179,0.017996910490346,0.0119785927789883,0.00503620553508592,0.00513078350649043,0.00821811363594093,0.0110168079004487,0.00484360326745443,0.0074561989288709,0.00324431323166514
T>G,TTT,0.0149801413558713,0.0163902523831021,0.00431514323745186,0.00614551093813175,0.0176354972531251,0.0034834448106614,0.00823111271624141,0.00713076054241654,0.00336761933450342,0.0109919467906343,0.00495811598869192,0.00509978570577986,0.0145837309291453,0.00370193593351771,0.0206734894796392,0.0210019157630582,0.0105007028398937,0.0171328289573049,0.00560913174149943,0.00371126169009172,0.00631163340893226,0.00511308889216326,0.0169950860745239,0.0131059832914801,0.00819311628318459,0.0216178311218771,0.0156944573660854,0.00442984624972737,0.00586975945188598,0.017122617061253
