,SPRandSig1,SPRandSig2,SPRandSig3,SPRandSig4,SPRandSig5,SPRandSig6,SPRandSig7,SPRandSig8,SPRandSig9,SPRandSig10,SPRandSig11,SPRandSig12,SPRandSig13,SPRandSig14,SPRandSig15,SPRandSig16,SPRandSig17,SPRandSig18,SPRandSig19,SPRandSig20,SPRandSig21,SPRandSig22,SPRandSig23,SPRandSig24,SPRandSig25,SPRandSig26,SPRandSig27,SPRandSig28,SPRandSig29,SPRandSig30
ACCA,0.00397492942106501,0.00856659398202075,0.00250336442601431,0.00953783528423076,0.00338503172646005,0.00317602984151993,0.00277592189927602,0.00427769173393216,0.0019735118620433,0.00206453797954107,0.0134864151251135,0.00893668261202932,0.00849112206588284,0.0138591924191212,0.0134853686751152,0.00518932966359556,0.00190767280650573,0.00192876206347857,0.00336390618322471,0.0146575874988714,0.00501869944223204,0.00283851374131004,0.00199334994409787,0.00385963487778871,0.00465704918828153,0.00630906819385908,0.0027695270699511,0.0018695327514772,0.0052713495560316,0.00370093918471458
ACCG,0.00596707028076904,0.0128280707147238,0.00555486322100856,0.00753442851538255,0.0146259183542121,0.00355520295350201,0.00650778291718332,0.00311783614344319,0.00947879676133987,0.00225398402064937,0.0131210919080453,0.0132096805915444,0.00547458436424386,0.011587593612079,0.00494218364308469,0.0128711774924955,0.00179173536875837,0.00190375516924299,0.00190049468491749,0.00275740366819,0.00786454288017881,0.00778086890381465,0.0105715343624244,0.0142124183457719,0.00348059199165176,0.00567387436340074,0.00203227650321173,0.0104765097052103,0.00580053281986281,0.00793962862672219
ACCT,0.0053549995645314,0.00203913276672268,0.00382832177339688,0.0041573571198742,0.00222677754540853,0.00598381038507637,0.00303368567563119,0.00985722414269444,0.00564942639413933,0.00333192205438212,0.00639092584684068,0.00172467157864575,0.0108214041661291,0.0121931442814216,0.00203309695962238,0.0119345121082882,0.00370283808913815,0.00251349740893703,0.0123788282227995,0.00262333338613944,0.0101962655256659,0.0154510629555565,0.00208390811231025,0.00346027438355616,0.00980752829210075,0.00576099131254298,0.0157814327251451,0.00388083079770889,0.00242882361876138,0.00335621195051359
ACGA,0.012037343502217,0.00534795320759619,0.00398329889435222,0.00431516898856781,0.015518137320016,0.00241663764359183,0.00325555381586733,0.00488031128227299,0.00159231085434366,0.00839490425248778,0.00412246655769525,0.00276936261871964,0.00707472139658876,0.00197728670965371,0.00373014240719861,0.00493872655461155,0.00321421917768109,0.00454832520905009,0.00866543751696398,0.00776536759401602,0.00470185610870269,0.00980897091750818,0.00253545497850609,0.00689193675529878,0.00211411691302925,0.00999743836493967,0.0103557900142888,0.003216246637582,0.0116694328309082,0.0116927663089908
ACGG,0.00491769260241734,0.0127508239205953,0.00440929641067058,0.00203222980882273,0.0100794504877607,0.00481073034604246,0.00299966474716055,0.0168514594041049,0.010949289810924,0.00249353904984103,0.0121591150663818,0.00382909915582011,0.00306763001801753,0.0127695818055338,0.00497640260297281,0.0102271222778866,0.00727792218097405,0.00459350507649461,0.00274762411175251,0.00249419753480866,0.00547346592308226,0.00164490640130505,0.00943534083151603,0.0105300297534462,0.00387445640347333,0.00977301772827765,0.0030450306367883,0.00150965863471871,0.0114866381289149,0.00952144054868614
ACGT,0.00321596571906798,0.00472294021384588,0.0042290310964403,0.00239347014009899,0.00561106727123505,0.00159972730348091,0.0121781818634477,0.0160144925127843,0.00511733798779829,0.00181627544230788,0.00172242570750568,0.00257481836250338,0.00689877345448334,0.00178633984649969,0.0153247683903052,0.00625803693486856,0.00447834758189371,0.00215272358284647,0.0107860179895918,0.00291808547861646,0.00940302904812896,0.0026011443014745,0.00241680297447089,0.00235763654063096,0.00911692202000695,0.00458476125850387,0.00690368015267694,0.00583788954571591,0.0105893719574272,0.00758344224166681
ACTA,0.00229507380767182,0.00499082465068035,0.00446745210174418,0.00318835433244656,0.0140973973916141,0.00559410436133928,0.00572755257447597,0.00978347743120555,0.0062895288730264,0.00229342371533517,0.00517977421277267,0.00519696870342706,0.0070041722665314,0.00912651330069699,0.00234126893452538,0.00898473171040251,0.00557390619583202,0.00458068295272351,0.00450252919224285,0.00620893530918031,0.00939835842776615,0.0101060030602827,0.0137612358137365,0.00818323730914886,0.00680618687756893,0.00562075483113623,0.00802961563980129,0.00466778735377091,0.00232043440255108,0.00466406408057121
ACTG,0.00420642881659217,0.0113227475144832,0.00309498536239565,0.00842849682206943,0.00280055999838445,0.0015760876203907,0.00164570685736612,0.00881904974528035,0.00177522822381161,0.0018139729122866,0.00417846931787701,0.0108988723747752,0.00579624936003571,0.00195019316726064,0.00793979624651078,0.0142768890199666,0.0084654617777376,0.0040877898935549,0.00619239741514106,0.00249707657405061,0.014924270994581,0.0102554825512852,0.0022229337231013,0.00197326404038056,0.00656785291804042,0.0131430232334655,0.00875401358763755,0.00458045734779874,0.00234796825720326,0.00496352638611402
ACTT,0.00280568847423218,0.0121044410459565,0.00158146802517762,0.00463266600050134,0.00379359583673909,0.00840980086072564,0.00338428882495538,0.00336982398390476,0.0124432599969347,0.00397135813291677,0.00461970171888954,0.0144509277506076,0.0112736684967699,0.0103103280599902,0.00709059850924035,0.0138537315959787,0.00514866053554713,0.00990740752771558,0.00159577664529949,0.00232624798524547,0.00808460638487392,0.00455511067698568,0.00501928325467382,0.00332476105766801,0.00293547427359948,0.00305820435131885,0.00299915461491463,0.0118920745201083,0.00558133366472263,0.00245975168293757
ATCA,0.014341615813116,0.00336051083117097,0.0111708277549748,0.00280658558034507,0.0124979708117131,0.00487641929674812,0.0108460151807152,0.00223137349458691,0.00168304226980904,0.0023056252868949,0.00602851248268306,0.0025118925366213,0.00566988436902626,0.00490606241672421,0.00424941870140522,0.0105498249808374,0.00525520219138505,0.00198668355824833,0.00256877523064465,0.00335326832655535,0.00238663999542355,0.00584056399183863,0.00172398706874372,0.0017356427560715,0.00487381733814128,0.00246593890783484,0.00226488751207636,0.00745962424711127,0.0129384270510409,0.0050243206320606
ATCC,0.00429687692512063,0.00962436371823591,0.00740484940620486,0.00183689857975679,0.00899326139935316,0.00258991266980664,0.00230044138969957,0.0138772925953323,0.00304862395224136,0.00366002335083344,0.00657908122770598,0.00405694350800986,0.00160491778157997,0.0106039986634629,0.00715575529065962,0.00882090048131336,0.0148347698532561,0.00445899465965693,0.00157692091775202,0.00191391312182905,0.0059070648143813,0.00443391548910012,0.00991700404939563,0.00492442906484102,0.0130222473140939,0.00221329652844006,0.00180869278479218,0.0108680856010854,0.00188505449817864,0.0124101128019551
ATCG,0.0135326263584131,0.0154103708083194,0.00915642884490475,0.0154106838358498,0.00580370884985973,0.00278318210363774,0.00244379940428683,0.016168995432202,0.0104081731316599,0.00830042444383037,0.00564271019152182,0.00506240365395678,0.00501573613599369,0.0106685495685063,0.00265450146775816,0.00225844351413931,0.00976361903812026,0.0030481837513474,0.00220922188311082,0.0130494045061455,0.00598446106756338,0.00742975620165199,0.00606137772868101,0.00417701848522197,0.0023270086043495,0.00304637417500664,0.00191375335110636,0.00776523031418632,0.011224055215641,0.00607010037877505
ATGA,0.0133666976733409,0.0119534786878077,0.00668920776440299,0.0134190446303875,0.00315664359605391,0.00200984256254398,0.00171254470486857,0.0161984552903692,0.00678534216955789,0.00204474842134507,0.00302242389726792,0.00809182919623946,0.00643891918736992,0.00437996235768949,0.00418389692912889,0.0059359054953927,0.0133541164614166,0.00451475661041412,0.00412900155290214,0.0161195303896232,0.00791037607821718,0.008050285753734,0.00318185199994124,0.00428333119023554,0.0154633100598172,0.00984797831633467,0.00590866052939018,0.00642360166576639,0.0141173882911176,0.0100372183221018
ATGC,0.00210791481695887,0.00561695175260489,0.00162511180669369,0.00271949131751751,0.00567040658129262,0.00492351880236008,0.0137399780517204,0.00658859369907962,0.00835871304469761,0.0031953306746245,0.0063499315169034,0.00736560781918603,0.00661449978393095,0.00481149935124485,0.00297355711613107,0.00178899272903184,0.00930308832995739,0.0101875735224761,0.00242951636542361,0.0149696572609877,0.00232729046783069,0.0132886126840241,0.00571035406794892,0.00386340576283265,0.00538315953653356,0.00836228846267411,0.0028830964123684,0.00370736872397408,0.0100550878744581,0.00284454976797532
ATTA,0.00500395268371696,0.00388606265662631,0.00248659866603492,0.00371961115971351,0.00747045095264736,0.00956674377611575,0.00156319385802096,0.0149714005484485,0.00528942454631186,0.00257395255124684,0.0124278167366331,0.0130851777448508,0.00235072410474362,0.00769949223367828,0.00828258347278795,0.0122418409522081,0.00303487002545827,0.00503810635036365,0.00568622055538595,0.00631083850328794,0.00321355363827484,0.0046471359512802,0.00818093390116594,0.00256209174562014,0.00441484623919135,0.00637627336143723,0.00467975566970557,0.00831486585495834,0.00740910494757497,0.00687579713625885
CCAA,0.00390907286525722,0.00857750883434088,0.00494928524591859,0.00241034072625687,0.00199112537379178,0.0122016953796959,0.00276023606593818,0.00453811929488384,0.00602016598266458,0.00562042634326698,0.00319325634777277,0.00380686143510278,0.00679276619940569,0.00463204055266036,0.00539674276601761,0.00235913209788165,0.00207966471320905,0.00221276593423247,0.00987080366487499,0.00293437718126755,0.00444423603787133,0.0116398198542059,0.00188527679511158,0.00331595821599282,0.00744988180591016,0.00263044608843968,0.00434796327124048,0.00440633931240629,0.00383207304500434,0.00214532874597411
CCAG,0.0139689234726663,0.00655902316559827,0.0125376025205758,0.0133633335396672,0.00361965799230232,0.010775715640457,0.00906644266793826,0.00768969462426426,0.00813366400478949,0.0162464645321626,0.0113583159879548,0.0139928892601214,0.00807513983295551,0.00149927466384491,0.00624925845440595,0.0130258923374212,0.0131012974357148,0.00224832373137089,0.00405998736019682,0.0074899405946308,0.0105495486167311,0.00525534222227384,0.0128876259478732,0.00521822080726398,0.00231366734018322,0.00214086380261495,0.00545680534285451,0.0129239146517256,0.0149265262998147,0.00181970086197083
CCAT,0.00201522626588862,0.0110506686479779,0.00334924736693764,0.00418634025568116,0.00433161645181819,0.00233165068375513,0.00314868032437584,0.00960969948560857,0.00472721558540474,0.00219016797683189,0.00729354344403152,0.0130288083457692,0.00166871607825242,0.00327670868967495,0.00397472518956029,0.00193858378301708,0.00565414620996656,0.00637091506927511,0.0139787282891426,0.002482865912047,0.00203914696954133,0.0138618090223844,0.0092007571222885,0.00347342891589396,0.012406302134039,0.00258859553992983,0.0119569452518892,0.00451621561709284,0.00264994219745365,0.00356129221840568
CCGA,0.00846438095990763,0.00383936281398296,0.00181691490613383,0.0107609788754157,0.00743653236437897,0.0122148084588992,0.00746398922933519,0.00748296546701176,0.00639240988211128,0.00318947816945749,0.00200872776597376,0.0025814336920281,0.0137495347104965,0.00180797210736227,0.00219136164803667,0.00237567680351163,0.0107071330132907,0.00630940353813127,0.00182314878523111,0.00227734130145354,0.00285499283415745,0.0151970382760715,0.00475444034534929,0.00196023649206443,0.0149792938871777,0.00427707886659714,0.00831772355109369,0.00264301829401005,0.00418743167841161,0.00911579815813314
CCGG,0.00186524842602072,0.00961415606367012,0.00214857721747216,0.00228111980834316,0.014655342471535,0.00166175273409894,0.00820256457553128,0.00560799768995175,0.00152114953755909,0.00377316579199411,0.00284885183128114,0.0116845920541112,0.00411012179805876,0.0102835419261925,0.00986124679522055,0.00172179656382985,0.0090990110836787,0.00344750454333454,0.00884408382772932,0.00512378515542914,0.0134067993410359,0.00325892976913194,0.00613624070393671,0.00458544250774989,0.00270746765421049,0.00297894925751227,0.00179288294650791,0.00374007230510589,0.0018549230189983,0.00175718671917967
CCGT,0.00775752969825484,0.0104134185026122,0.00774601050769592,0.0100233359228294,0.00775289977784245,0.00781825182350543,0.00368253129158971,0.0168395116380035,0.00640278049191751,0.00346791754469099,0.0145892866395445,0.00307370317572616,0.00438921603170147,0.00150191203026898,0.00964087333893521,0.00398483761227922,0.00159483174949729,0.00645610586472798,0.00594664686815013,0.0101708796812891,0.00333663021831266,0.00316668631135886,0.00509936216933179,0.00270177686289445,0.00455617812784322,0.00439642487613491,0.00389896914470711,0.00159162726720484,0.00200511276028284,0.0018134861010321
CCTA,0.0031191560199156,0.00639818887878173,0.00395081047843863,0.0108112025327441,0.00425368267966836,0.00324606285264937,0.00312135307443721,0.00268660228558886,0.00177795933625871,0.0132037439255629,0.0135814207362285,0.00336847718751213,0.00216891618728128,0.0103010754298656,0.00775902914013578,0.00713189519369908,0.00399521184956459,0.00188701601616491,0.00777121350478181,0.012195300546228,0.00292238756946083,0.0100844103911675,0.00900887338813415,0.0030112054636599,0.0115126125068027,0.0104260705093955,0.0077178975342596,0.0115470325622814,0.00406997448362088,0.00535657394501729
CCTG,0.0140215209861969,0.00679923673134314,0.00729251470026263,0.00539664494591662,0.00222831390270812,0.00901459347919536,0.00441209779840539,0.00611595067614822,0.0133839408029461,0.0150346292547556,0.00641862185089064,0.00623956344145224,0.00294206256606438,0.00736661597315294,0.00225999088023621,0.00191740397069749,0.0016448546691036,0.00314146043068541,0.0134278026211861,0.00285312794448784,0.0021663195127159,0.00167225333357339,0.0061901472128933,0.00209179088169583,0.0088084236690416,0.00571852735994807,0.00436945393398245,0.00180236839875929,0.0140275300946182,0.0119161671010584
CCTT,0.00297197368401897,0.00384512361958176,0.00376600608444883,0.00737457081993039,0.00269034379048172,0.00173348484179454,0.0116258888258577,0.00555396673357663,0.00502617481819292,0.0147480963707507,0.00169320832619641,0.0100104557341987,0.0116424990615138,0.00168946687988516,0.00190882298039643,0.00813151582753872,0.00166491286412137,0.00396845682680532,0.0101735114080433,0.00332130045693071,0.0130840786382179,0.00166912224330151,0.00561027092531976,0.0126767905965743,0.00197828195730589,0.00536636612566602,0.00406972686908518,0.00247759605301769,0.00474104458130357,0.00169236595402856
CGAT,0.0028380282895458,0.014351493617922,0.00381833214969291,0.00274509922120642,0.0109959395911613,0.00255688445281142,0.0049249742396452,0.00243900054128587,0.00403619426801495,0.0166578370902004,0.00904961230491027,0.00370073168842699,0.00246251528923595,0.010654570161326,0.0118931809813495,0.00808287112874306,0.00965270880100071,0.00693182870134922,0.00384290170255968,0.00380967397984759,0.0161610116915853,0.00242926316797888,0.00372374083184448,0.00329755394552465,0.00363892553675346,0.0120880753611481,0.00173296293760168,0.00265444381931773,0.00403643377187321,0.00616325495770179
CGGC,0.00224949447196877,0.00164130175484402,0.00475643411744562,0.00925190227006905,0.00633233648122481,0.00209781776393769,0.00165547015306251,0.00488352756956632,0.00550356735670952,0.0041456662389179,0.00482277872291468,0.0126701281163094,0.00600439656517894,0.00779479214327164,0.0133632870147435,0.0019523083384454,0.00327710577739615,0.0116631201725106,0.00972881259203796,0.00940395487876385,0.00182574244690075,0.00164721925135649,0.00164806212992054,0.00203527849205478,0.00901066516030842,0.00563148463420481,0.0148860183949072,0.00280831640434619,0.00246692833614424,0.0113283016305505
CGGT,0.00877277455393681,0.00385754186520431,0.00980872699768079,0.0121607060599608,0.00874143421568846,0.00187120271437634,0.0063091453825562,0.00373812337100638,0.00273093804189337,0.0053117545683171,0.00332471249937787,0.00201130603905738,0.00854296738074672,0.00451518663534727,0.0053433565061764,0.00691054897179352,0.0151108778844057,0.00251254235310994,0.00204894246191674,0.00330800401584664,0.00212208720721793,0.00206141336536426,0.0137395817988849,0.00404208287528582,0.00420696987635711,0.0055362764495804,0.0017315465416504,0.0146409985638274,0.00317919595256973,0.00334857190918929
CGTA,0.0109064001983972,0.00405567067346331,0.0121250680462279,0.00600725680060932,0.00314945839515307,0.0140990651290273,0.0127676440983834,0.00187059118435908,0.00303602465321752,0.00182712313440813,0.00192734361301622,0.00946230362718361,0.00425944369070614,0.0086268267064808,0.00202945331407241,0.00153174483593231,0.00515934993316306,0.00467404561940232,0.00286025456606879,0.00192570419092152,0.0080037070471636,0.00613292570898024,0.00437164202126728,0.00447610851675273,0.00950571060809298,0.00407481161130802,0.00172657284613406,0.012626804072383,0.0018680467852745,0.0016097204726764
CGTC,0.00202010471854321,0.00780672344944706,0.00211193168858582,0.00256781699354854,0.0139579237823776,0.00386986890035308,0.00565694711029752,0.0034396256768573,0.00802254510417974,0.0087824478057602,0.00386913643667321,0.0144576980000576,0.00784830421931874,0.00293720827993068,0.003914343853705,0.00206102019958436,0.00350344369302817,0.0114052383431995,0.00189157817227366,0.013821954941766,0.00307443344426371,0.00757694717118427,0.00959751579657094,0.00331625337612338,0.0146371299773225,0.0077478489414716,0.00709761704370282,0.00695202970319775,0.0125775030628415,0.00879007879768352
CGTT,0.00174003573949774,0.00171586877401081,0.0069320027711974,0.00422955900902261,0.00999010976888698,0.00297853489329481,0.0113379308101229,0.00240952745707086,0.00833940460765371,0.0112298636574047,0.00877751560769822,0.00290600331494658,0.0016975893909518,0.00603504636362581,0.00688207928740502,0.0126382474936917,0.00339027531661061,0.0102596678082086,0.00396756876334288,0.00418733396109834,0.00314296339752621,0.00410436208929737,0.0037025456122502,0.00294690037707729,0.0114140299660468,0.00226829609315957,0.00222055401354182,0.00180621070055219,0.00480248253762151,0.00486561124917316
CTAA,0.00283008271195323,0.00721746125383614,0.00531451654646222,0.00497412902199043,0.00158873448064128,0.00442269044291089,0.00718452895276166,0.00471923246142105,0.00685154153112493,0.0038647549690001,0.00351312463194149,0.00419340230459196,0.0114942213464563,0.00835204417012411,0.00494396052808558,0.00183379358491104,0.00487027397133663,0.0125706888059375,0.00276464686065416,0.00566685260671219,0.00839012367125704,0.0154040075523433,0.00158102005832278,0.00258525954145487,0.0028893900827951,0.0112984249213087,0.00511405444848168,0.00351041675379309,0.00231931522576197,0.00281722795923849
CTAC,0.0122184103077808,0.00538308862048038,0.00459683708115416,0.00167283472918044,0.00157731765418543,0.0153063917284614,0.0136328599003072,0.0029403511927468,0.00864596188093476,0.00344321356533536,0.00232989409110026,0.00552868305286211,0.00364364746930833,0.00452191282442435,0.00265251038449412,0.00249730577707791,0.0017640316637972,0.00341590423389659,0.00175215988687303,0.00170075536743205,0.00509927995086804,0.00705343626003939,0.0132828738569285,0.0141169627733599,0.00287090571812928,0.00792861404777584,0.00183300060320492,0.00957637385017043,0.00253356401196633,0.00713665260634955
CTAG,0.0016966601552071,0.0031237336949483,0.00280206806554589,0.00966424471236547,0.00297164363933513,0.0135752857553432,0.0015870756430807,0.00177114678932207,0.00400098470358698,0.00363193775568658,0.0016077436758333,0.0127820168669565,0.00295657649899018,0.0084255277335814,0.00640266811203652,0.0018110060227194,0.00886974738799358,0.00348045197168938,0.00922792407760491,0.00235485177393733,0.00273135142386692,0.00942057474428793,0.00202403163727199,0.00400884096618571,0.0057218216252621,0.00217004600881967,0.00636504391881045,0.00158661600980452,0.00187125617742844,0.00384337669363542
CTGA,0.00377505073849,0.00462384340872243,0.00814379797544622,0.012843350959909,0.009264221078278,0.00615563752289244,0.00645297209386708,0.00605249917721218,0.0115553123757295,0.00252415231946004,0.00663896893049033,0.0117592479932249,0.0133297551426588,0.00735222424193229,0.00399436925523156,0.00564271262922138,0.00488611932246433,0.00868056158706918,0.00273661362341664,0.00433675611424969,0.00283219916366896,0.00193339383533204,0.00343595138049674,0.0141094111601391,0.00193233166808895,0.0077850337317697,0.00789043356499368,0.00195368844808149,0.00875886344530773,0.0123834491146369
CTGC,0.00983847415578014,0.0107287553820652,0.00678508864895458,0.0107885681706892,0.0126691354323074,0.00176066763064476,0.0140211352803953,0.00876874055660251,0.00827754241533597,0.0117989337454994,0.0031363736999649,0.00814576333667301,0.0045311367349531,0.0062828367127531,0.00377106516366343,0.00767764733669456,0.00562750118734839,0.00746357987688101,0.0113796568470717,0.00782945699396991,0.00236747374501264,0.00829807809450973,0.00547601982393867,0.0023540479536837,0.00649826733838951,0.00362524861062212,0.0158584891192499,0.0018570323021278,0.00279400007490556,0.00898857558893424
CTGG,0.0137024464586875,0.00615149819243331,0.00181326224809572,0.00223197078269519,0.00208124132320862,0.00226129278221653,0.00770575784663097,0.00176164738063829,0.00765327901930259,0.00650944404380269,0.0136770558324434,0.00201602602395742,0.00897537085748942,0.00650995778313913,0.00637120964573178,0.00170051089104643,0.00316942641907398,0.00294111179616245,0.0101716265046155,0.00166079733443101,0.00607352716356302,0.00397965184302793,0.00749989549942399,0.00262433955471559,0.00161579703516717,0.013251914420138,0.0085209561459404,0.00397306108575848,0.00328093282192423,0.0098004432520552
CTTA,0.00328057281048723,0.00232582973531234,0.00419532488455031,0.00330255210264489,0.00669113283993712,0.00173870108596131,0.010324112957205,0.00628083770727669,0.00793918273416058,0.00371680018803766,0.0136958424795501,0.010965418876782,0.00328454759835489,0.0128815934726073,0.0133514338585841,0.0126071647619175,0.00611231687884538,0.00301128977698986,0.00385537436993476,0.0060722234243433,0.00694621288780849,0.00633926770847533,0.0131851010492897,0.00941200849511672,0.00667979896613447,0.0159054993538932,0.00533246863747467,0.011469670193761,0.00465444869519073,0.00264547444219114
CTTC,0.00565409982069773,0.0103693965362047,0.00906360449402881,0.00194964218581308,0.0031465652946153,0.011823122332126,0.00711321332641637,0.00284285629427337,0.00270957069382657,0.00438408601083679,0.0109246625469634,0.0041390789483333,0.00794549980403557,0.00813603202207384,0.00624062878332234,0.0152019524501402,0.0083824532912264,0.00620261597345783,0.00360537110684781,0.00168313968602036,0.00573767630259391,0.00276285768923405,0.00314121017086404,0.00253500065368365,0.00208889457401871,0.00586559598106918,0.00910485781292046,0.0148779533475345,0.00205057600976491,0.00528429592661843
CTTG,0.0137249149869068,0.0133576546249333,0.00233379815139169,0.00259532079958773,0.00199058065268553,0.012226689838517,0.0107878751405069,0.00803168552053563,0.00249429731212454,0.00741985022227832,0.00238090358508825,0.00358361178280023,0.00470813607074163,0.00152938453549112,0.00235307932866096,0.00172739006041489,0.0124505718429199,0.0109192875103042,0.00269127132360618,0.00853197800771336,0.00383526094980036,0.00210657324175389,0.00349294517104441,0.0114754106753451,0.00323921524471702,0.00317236586737894,0.00211432099660732,0.0125538512523816,0.00873709498148561,0.0147181011312366
GCAA,0.00323399558833623,0.0112722064140764,0.0112423324614961,0.00262688260939219,0.00915073348313838,0.0068270108962228,0.00223229397109746,0.0119968213607212,0.00255842640666899,0.0163590318033509,0.00197138572680906,0.00477201141486309,0.00786317705165712,0.00406067299438714,0.00518231959302764,0.00217185473701756,0.013693691138516,0.00709075103164835,0.00178829305632942,0.00562905945634207,0.0100037705653247,0.0018709560782294,0.00324107400151184,0.00168803957752693,0.00269930447713728,0.00686086938664465,0.0146455556759093,0.00811646008656742,0.0152796965163239,0.00321407385961933
GCAG,0.00338928110575189,0.00235584430841185,0.00460890386666399,0.0102456759822977,0.00235898530573994,0.00193793206604313,0.0049862217976802,0.00229672692367461,0.00208579208520979,0.00552810276033739,0.00612458432041312,0.0131549138711541,0.00238498851106011,0.00271454067698923,0.00174589600126582,0.0024720266199855,0.00626895699464086,0.0158080370578751,0.00321250560097233,0.00240731385364048,0.00191638051279119,0.00217711615685706,0.00448048932197043,0.0084756713778143,0.00712704930094489,0.0148757205047351,0.00411679030581492,0.00559893076798578,0.0103741283868608,0.00671360660139229
GCAT,0.00629772721395829,0.0033796353024133,0.00185074025587953,0.00925463168727174,0.00932782298771558,0.00883518272934961,0.00213421510272405,0.00195243961722905,0.00529515664721979,0.00456595451450103,0.00956614528051454,0.0121439104602776,0.00598220989530813,0.0079779914736774,0.00502753186659539,0.00910410678408557,0.0017869243102873,0.0033279116581635,0.00788845489188168,0.00341761295095366,0.0100585400044051,0.00161839306467682,0.00480464217016312,0.00700737703859668,0.00818818927747243,0.0106555592291143,0.0142152853103613,0.00642968679565006,0.00593156706276903,0.00221654560070312
GCCA,0.0160368259867964,0.0120386827087361,0.0110501098196707,0.00557055020853403,0.00887882340682564,0.00945520546264587,0.00624412997129582,0.00267161267659348,0.00799878651429052,0.00337989254864905,0.00303276783053121,0.00457985181161038,0.00443795310010323,0.0133354160964523,0.00284149390943677,0.0126373083939714,0.0040117975075602,0.00356057492272314,0.0079272697004668,0.00442068447615273,0.00370774540370318,0.00806533528504361,0.0149238588138395,0.00598183960248483,0.00715288616145404,0.0115628166454064,0.00517482357485898,0.00487546625229338,0.00238061234503738,0.00878601633881525
GCCG,0.0136273128738349,0.00609097830235549,0.0125974809895528,0.00160371168497955,0.00219862888361566,0.00829117042725365,0.00160986310666835,0.00341552643719742,0.01108804878776,0.0106875844612288,0.00866703677869803,0.00975460737698624,0.002657006951246,0.0148309426677124,0.00899474044597392,0.0109441750038393,0.0113775056038506,0.00353871980463662,0.0106713647983189,0.0100693871954231,0.00867759541058897,0.00518022792884238,0.0149754461877044,0.00181749246044237,0.00195932755723145,0.00164698238848596,0.00857355331667868,0.00960028277049797,0.0143921643363309,0.00248585099482532
GCTA,0.0123190067087974,0.0104357226909431,0.0106061494045564,0.00315215342026505,0.00641550809872745,0.00226433015948771,0.0116013359722191,0.0127677163478321,0.00488584201099521,0.00350520428916659,0.00313352041487898,0.00635490307780909,0.00455569326418714,0.0101555030482412,0.00280978161907138,0.00235784842885091,0.0118630449321101,0.013183994051432,0.00627627257498091,0.0145031086779975,0.00410828098721854,0.00884807542019856,0.00192433143511337,0.0130058111698889,0.00516276026321569,0.00320906107485807,0.00321410876124419,0.0124998855787187,0.00601319573038115,0.00948772100434932
TAAT,0.0145701282889847,0.00206564264509944,0.00532948795857258,0.00765914881751582,0.00166112255193301,0.0030957566349051,0.00168581858592835,0.0025040626087876,0.0114629943277132,0.0137394111806695,0.00616851210174541,0.00660195461506865,0.00325367861386233,0.00280216358371924,0.00284626622289304,0.00510202520588996,0.0020652734540159,0.0100810325861233,0.00676204840316734,0.0153292295392978,0.011136918516809,0.00843413752317456,0.00618030653370081,0.0112346363449783,0.00172681122635777,0.0129444364718725,0.00280633596465694,0.0066849961850203,0.0135294444424323,0.0061010304442873
TACG,0.00415233574567673,0.00586222320254826,0.00565655666548827,0.00329954292597206,0.00289365840082431,0.0139306951945737,0.0139120020235209,0.01170326170234,0.00632166516522312,0.00385437388871767,0.00337041418385864,0.00714321838529005,0.0103918835830393,0.0018921517759379,0.00756379188405731,0.00740041885021921,0.00942004435772603,0.0124801399943116,0.00340274064456192,0.00739004898895146,0.00365876573163227,0.0157092729291808,0.00196776854095943,0.00395397904098805,0.00846701585943927,0.00645484156041956,0.00344897825575007,0.00151895394743186,0.00785360811402941,0.010619704877189
TACT,0.00716025683173247,0.00279171000222982,0.00262461298484911,0.00310083309361647,0.0022446557968347,0.00803971471329194,0.00538545992801122,0.00172937999437494,0.0043544379748263,0.0166591891560935,0.00643091583720092,0.00215721586910933,0.0122508989969405,0.00158610460598075,0.00548003273059081,0.00645347516074066,0.0106926855784064,0.0136443528053728,0.00484225181991115,0.00285081428439975,0.00166175589274173,0.00375151772811425,0.00930117022946321,0.00455612518347702,0.00173884500340431,0.00622381922019916,0.0147732904803982,0.00334255975511705,0.00484698979882227,0.00638794217612182
TAGC,0.012196274074713,0.0125726739949311,0.00176218714040538,0.0141690289990565,0.00533663036451758,0.00179471113987602,0.00562427798701554,0.00245419309992633,0.00144922787798628,0.0164461353942454,0.0154341583272945,0.00959604578359253,0.00496973190704171,0.00150292323797269,0.00253974587690057,0.00338535884476751,0.00783261307572609,0.0118135810856786,0.0115499592517476,0.00226168628240192,0.0146939146721576,0.00322850754389655,0.00836710811519413,0.0134389055178466,0.0127515911665579,0.00248170288478592,0.00183693599101762,0.00203163271979894,0.0029041844287237,0.00440645629041489
TAGG,0.00183681948099893,0.0135363302567042,0.00243270259428422,0.0122523747957783,0.0140783853482867,0.00250484125698285,0.0117226434784402,0.00971024882548258,0.00194766206210019,0.00537954136832003,0.00633736503898079,0.0102647838932504,0.00976533695772894,0.00929983516708651,0.00785918630291732,0.00416485000840885,0.00248419605978903,0.00555976497067427,0.00322134723191362,0.00371803413039847,0.00601937976715838,0.0151149614848994,0.0134673808281823,0.00321273129845688,0.00200309151580084,0.00259255647705452,0.00172809307227981,0.00267796089975257,0.00312966226697893,0.00915185960967051
TAGT,0.0117817710042673,0.00175943859228073,0.0152487909571086,0.00724453714614099,0.00200696834518104,0.0118817127477175,0.0023106238782232,0.00212066645942411,0.00165766229486877,0.011703282120188,0.00377781291880554,0.00536242009947246,0.01336543703809,0.0023786746984303,0.00343592459534221,0.00826768460225941,0.002247391168015,0.00701515983294041,0.0138201464870918,0.0017651643267605,0.00334929563196213,0.00259749447576704,0.00190172559793609,0.00954039827049378,0.0111750302690896,0.00350281816075791,0.0129514685985062,0.0133805975298714,0.0141760438414462,0.00401811194415502
TCAA,0.00268823221446918,0.00837805777075575,0.00187022029499678,0.00829968572236689,0.00286031218117564,0.00921132689458231,0.00784388917996062,0.0154916980407626,0.010447236760705,0.00612875749140332,0.00235900255484284,0.00665847050399859,0.00245099919857046,0.0091249267944259,0.00515271342478675,0.00955451165536221,0.0154115311709817,0.00251497201150181,0.0016232374761354,0.00203668442923409,0.00680762592242469,0.00387413090127643,0.00201944535692677,0.00365093446442621,0.00790248849839722,0.00608816712937928,0.00207094984107384,0.00580342820077035,0.00451750814614734,0.0139231812316833
TCAG,0.00656396742472059,0.00579825364224579,0.0101587380457949,0.00576311828902631,0.0041701352157727,0.00517863539124263,0.00592208376736545,0.00433499650868169,0.00270430492759579,0.00552210443777206,0.00938171076850787,0.0149944572244957,0.00249069629453605,0.00360927055278718,0.0056511855099393,0.0120900143751116,0.00668798763452157,0.0148850656459893,0.00288258392436705,0.00361325852438946,0.00571056976330304,0.01429386685298,0.00772830078335977,0.00382103069646786,0.00189162359905808,0.00426449063818868,0.00456090713192842,0.0052612104064066,0.00361064078828175,0.0120472559519844
TCAT,0.00469641440756894,0.00163599444434464,0.0116337958359404,0.00236949351597912,0.00320077648276175,0.00760714292845082,0.00255146062825026,0.0072362163738638,0.0131475069946405,0.00249395922413523,0.00865698809538553,0.00212666597795107,0.0127312492115831,0.00218628313045416,0.00365459237893962,0.00186994774845248,0.00215917064056788,0.00322311226312625,0.00400188341765646,0.00529105657463214,0.00947545995275462,0.0133077919278479,0.00310605341160712,0.0018780399248592,0.00374957866108618,0.0151758762126238,0.00484852300346913,0.0123368831348664,0.00261159452467782,0.00859897153705147
TCCA,0.00218669999651229,0.00168973300528458,0.0108897883665228,0.00940844258245285,0.0131078981523043,0.00316777921036423,0.00512033654154357,0.0148624953751432,0.0128859447153355,0.00911728806958984,0.0078610985169801,0.0088676629539989,0.00585271679285328,0.00954865457872044,0.0154767203190775,0.0145234935937677,0.00260395634487756,0.0143005493723353,0.00943017887176779,0.00972535711232113,0.00254643975788561,0.00516468727102187,0.00637326753484907,0.00575574505638589,0.00197522498862044,0.00314414149164811,0.00597403704900887,0.0116953831232916,0.00521866137048679,0.00732755620912814
TCCG,0.00641780109121702,0.003286108676401,0.00538664553642698,0.00851462028104838,0.00285366037761479,0.00462230730729875,0.00251188463955542,0.00431270435862791,0.00962442386445964,0.0061530125058712,0.0152200327937972,0.00726134890472909,0.00734434060959196,0.0018858221332049,0.00338485341292282,0.00223204807746334,0.0023966711406659,0.00482403575829911,0.00634567060303618,0.0110315006440324,0.00324675226587481,0.0122751987729605,0.0045537546466074,0.00172156850326341,0.00669236115611998,0.00431223029911774,0.0020212849155346,0.0148885809545606,0.0124401206113369,0.00158000570987034
TCCT,0.0113363979405363,0.00404802069282753,0.011733841284075,0.00719962979021109,0.00547229486128878,0.0101692721805316,0.0144430192636464,0.00484092113433835,0.00638728482756083,0.00416987748477205,0.00532780093982822,0.00576696791607732,0.0144771440086325,0.00947303611712228,0.00517530703644239,0.00234134267638985,0.00204050545871387,0.0019617562078103,0.00340369359357613,0.00190139797546595,0.0063864969649794,0.00977692655987308,0.00834235744690673,0.00446794185150174,0.00398469943792754,0.0111477976415363,0.00170825869337401,0.0131251977135389,0.00244127430154496,0.00168730545104446
TCGA,0.00169823906628973,0.00528942544014732,0.00871548975156716,0.0037966990900151,0.00577467967436806,0.0052722724813544,0.00261990933600456,0.00351878760015272,0.00615623941191001,0.0113437228294109,0.00162853517260097,0.00355143703701641,0.00566508189838908,0.0142040082199746,0.00362213373762211,0.00964393863006403,0.0104066797701994,0.00650488442892504,0.00351498201356577,0.00176354937636118,0.00838557626090486,0.00515270776175864,0.00760352898921172,0.00632700031078696,0.00813430848583833,0.00680266119644934,0.00207275313692006,0.0063792711583718,0.00783907242497999,0.0115443535361482
TCGG,0.00444612904122201,0.00685384887850295,0.00568901723835176,0.00203569380430212,0.00322663456100653,0.00965636952920542,0.00504555660790376,0.00218061987673312,0.00801067370503244,0.0105896546968928,0.00219413728749596,0.013706426297819,0.0017709047439896,0.00159168491068932,0.0138674912095366,0.00731014017892069,0.00385092965794349,0.0100575189765005,0.0137768809374074,0.00179889810201601,0.00256809389481753,0.00399715565628208,0.00340824387693538,0.00207784992887446,0.00225257711294127,0.00351532433815328,0.00618033901117277,0.00160585041535391,0.00283224020658335,0.00339296103924306
TCGT,0.0120440079527355,0.0128184256458175,0.00255292031234885,0.00300459912339732,0.0151390613239807,0.00716821777964283,0.00884117513437924,0.00801721226742709,0.0136670500337281,0.0127331743280971,0.00176938356367303,0.00165990845570091,0.0105209919494286,0.00990796775736671,0.0112697107805116,0.0127880322887767,0.00576838454287751,0.0148389370105949,0.00559549235760669,0.00354875493273156,0.00390080880894428,0.00747082339855854,0.00869535222943576,0.00517776454926171,0.00736677958118296,0.00596153503276524,0.0164493946411953,0.00403852951774267,0.00700889426146654,0.0101865934446694
TGAA,0.00206290734589482,0.00283012609478054,0.00230429687101883,0.00857679218054076,0.00202247589178466,0.0126818727408287,0.0063600157297998,0.00192603236227775,0.00276387466715596,0.00665026015793086,0.00868573483087854,0.00307226725810212,0.00303458824374047,0.00215872792553995,0.00261079433589349,0.00520649093651614,0.00183540291309117,0.0103497769718935,0.00464229076904025,0.00478709840483024,0.0113028719613877,0.00363074078396652,0.00354697262772946,0.00941960239832882,0.00420696706386354,0.0147287303869469,0.00282255008069758,0.00217748609392712,0.00373939298919588,0.00214169181570677
TGAC,0.00247350388811421,0.0127048253877039,0.00182585235039817,0.00439859068354445,0.0134203477425818,0.00740417829421553,0.0068488740102909,0.00765305403092341,0.00243568413236272,0.0020727497996562,0.00573612833434776,0.00283433348191241,0.00973739628930963,0.00493009742814809,0.0109562288743418,0.00656562160806301,0.0128824235307117,0.00287410957816252,0.00250672703418772,0.0145875757739479,0.0110746535526544,0.00159983952553177,0.00254115101423537,0.00478340915076994,0.00363101525494858,0.0063406210696618,0.00199910722148533,0.00494259280283517,0.00500387014754613,0.00176613059697471
TGAT,0.00330942218298458,0.00385286520908334,0.00810211655914749,0.00251883297412625,0.00257433664878828,0.00394939868693763,0.00776850992406606,0.0037388104419492,0.0014190189765212,0.0117406358791966,0.00165893343023277,0.0119516708149161,0.00162155349432109,0.00391737388798912,0.00238823256841307,0.0151017548546678,0.00288793564836429,0.00383650529468182,0.010652674350731,0.00314473536707506,0.0064083898036042,0.00931348491379383,0.00795158051312474,0.00219936506394849,0.00159610069763193,0.00443669027641478,0.00230797654543488,0.0132668411746223,0.00560524904330771,0.00327434008697376
TGCA,0.00751500723970367,0.00610200040788337,0.00612639708225566,0.00377771556216691,0.00491364100980967,0.00247817209093115,0.00257843589920213,0.00179810861718661,0.00676910009437079,0.00284175593448786,0.00708362338774934,0.00190264682688626,0.00187263408861053,0.00875880295528286,0.0125390274826849,0.0049828508331282,0.00913110472480914,0.0023647689694379,0.00559874979403909,0.0143369467384935,0.00172068923323967,0.00216862798810617,0.0107129492343247,0.00626715499210649,0.00527803178175275,0.0144562504742327,0.00211530217483888,0.00189167596060542,0.0146912531040084,0.00237873531516841
TGCC,0.00725018665922773,0.00651437874562635,0.00652650164720239,0.0104519810033397,0.0045824251265474,0.00340253897825266,0.00276324296839507,0.00429779096099465,0.00951978731024433,0.00608832601419522,0.00177453154120062,0.00712362637333684,0.00728174473354483,0.0128800683423337,0.00349086487609719,0.00927324773445039,0.00257016411226459,0.00595028223706208,0.00282463323643213,0.00465555798048892,0.00275287997535008,0.00601460930438278,0.00182271142940834,0.00239121498642665,0.00176225854242639,0.00208074848216434,0.00257347832647886,0.00736128924894016,0.0141030885255556,0.00276917605812307
TGCT,0.00816935638889935,0.00311264469999928,0.00161905946775152,0.00215633397282429,0.010283718371135,0.00312806020045179,0.00205111958240629,0.00203334789295408,0.00194400073775798,0.00664184168449796,0.00478100731614375,0.00858785478381424,0.00550089205369378,0.00180379740588533,0.014115507265288,0.00885076436604239,0.00383718134432337,0.00467925536342265,0.013131411426912,0.00193549394604322,0.00449706276515547,0.00653085797885567,0.00739923257676431,0.0142532597189178,0.00620767843684769,0.00663407527793857,0.00194869684175935,0.00159825690995362,0.013553454446016,0.00322812083275556
TGGA,0.00844350967423009,0.00444496455942076,0.0139794817205394,0.00905398350011566,0.00850055591783143,0.00898343211309172,0.00248324538821571,0.00318849969853162,0.00217409183129411,0.00275402593838743,0.00217100471138975,0.0023336462709319,0.00217721709150964,0.00170535097399942,0.00833865491338795,0.00251555192645618,0.0018909220818645,0.00564084939982086,0.00157038248270167,0.0148473556574573,0.00243997150779678,0.00456065991600113,0.0113142605907913,0.00178030404342261,0.00608380122041969,0.0103962619116365,0.00299693195739467,0.0117507391392636,0.00177960176822623,0.0146764541581279
TGGC,0.0104474197334817,0.0039371497479502,0.0105525296213282,0.00494663795846584,0.00186837653586922,0.00762717716687437,0.00939930287598745,0.00216705227236087,0.00284240551727133,0.00900275554016291,0.0067127795853381,0.00693087623458888,0.0147631191130648,0.0022371753877789,0.0158095255404179,0.00344352637604936,0.0115187508488231,0.00674223252778472,0.0146008144806226,0.00261283677694366,0.00280918766929533,0.00243723498021735,0.00254127613484996,0.00469039997195209,0.00541350901775439,0.0116976003676989,0.00198304247439607,0.00278303945829469,0.00230127154892989,0.0141529845714541
TGGT,0.00297395537277217,0.00271976122765856,0.00199201573706257,0.00366212660027617,0.00452202578924911,0.00794338922234999,0.00861869238468021,0.00542355357207534,0.0110845055047216,0.00240168508306653,0.0056420054868813,0.00505683968370222,0.00516772866674381,0.00567878347958258,0.0052272110570277,0.00353496317350969,0.00175129480521852,0.00221390517845373,0.00320341206103814,0.00289303673230897,0.00305277113466382,0.00622339524582525,0.00191017243584266,0.00283374896613423,0.00321432850526543,0.00546957242239071,0.0163897519779051,0.00716580128948297,0.00591344870709226,0.0113143119374397
TTAA,0.00187904915330926,0.00292384293824248,0.00485019507213997,0.00762481256176035,0.00185670127336014,0.00449477388799931,0.00591072078229756,0.00830728457586379,0.00569328885630993,0.00194828306123409,0.00248013860177894,0.014683431146471,0.00497496864318551,0.00290756041180171,0.0091530895957209,0.00218767817554215,0.00608184289832026,0.00211237496713634,0.00194794079105491,0.0105824691118316,0.00457315544645013,0.00777170645582389,0.00825686387974201,0.00214183006750593,0.00248138274555233,0.00476916283363812,0.00761843180473486,0.00620161614027949,0.0078635956683475,0.00646337589705772
TTAC,0.00422710432142509,0.00321396453288799,0.00208847096247482,0.0116769604480106,0.00296904503332818,0.00379086948062123,0.00326327486203696,0.00825482794727683,0.0107014990808877,0.00681926667279961,0.00265356270657457,0.00218187861081995,0.00493175666290016,0.0067130598292078,0.00219149157009953,0.00858063135559865,0.00368803188450318,0.00377085752252277,0.00218834222825763,0.00401132290989407,0.004021788805236,0.00527145077467634,0.00216441285365099,0.00521103049085374,0.00163994151809612,0.00167466255503226,0.0032610271508527,0.0147176213365757,0.0127331676662251,0.014731622022014
TTAG,0.0101269203494293,0.00519287557281013,0.00155159332038581,0.00610841866078255,0.0050663494682332,0.0079240551159902,0.0113209274670899,0.00538415881372502,0.00647183153810836,0.00223486939334988,0.00733393574206604,0.00389516907462842,0.00924506610716543,0.00388037438699884,0.00786383619924894,0.00521929159399478,0.00252558614055388,0.00825108343528573,0.00216223502691944,0.00594116314548831,0.00331249587895274,0.00160750057171496,0.00648255212285961,0.0147681038305866,0.0142306478296656,0.00315564851472268,0.00282218923487294,0.00176472927122378,0.00903420814554225,0.00973465791551434
TTCA,0.00179957618406848,0.00633594535003575,0.0085878504740264,0.00682030431728165,0.00208389868771141,0.00244223751627043,0.00904601012582093,0.00234489644179609,0.00610862457422989,0.00245803234653857,0.00612080306405038,0.0128522047739475,0.00473871540295615,0.00977416839354354,0.00319515252559458,0.0105373360708434,0.0135318825496905,0.00392902581335104,0.00281790040757559,0.00959957842481895,0.00599910273700844,0.00232441801483375,0.00340718370392215,0.004247568019176,0.00168629216772887,0.0100646485515682,0.00318608057689922,0.0016590279544978,0.00529733688664492,0.00292420736683798
TTCC,0.0032500072605148,0.00455508827710959,0.00783399401730697,0.00232019608567425,0.0022505785292784,0.0109571610740054,0.00226342168024702,0.0117734771368175,0.00236960605093227,0.00420176145287543,0.00409149040261117,0.0062211023186466,0.00297543544625483,0.00468750597348715,0.00785683028299144,0.00177879550721426,0.00415267320935472,0.00353266543675476,0.00363579612859801,0.00234507282963471,0.00831926077919825,0.00181062369831391,0.00258581557311269,0.0109667881890009,0.00182104641062656,0.00284394853165387,0.0025977499528009,0.00325782122663645,0.00909409651253677,0.00402282482089731
TTCG,0.0057547758421791,0.0145204429089113,0.00244136707818867,0.0039401612820559,0.00891958533597253,0.00244359496958013,0.00436943301851155,0.00333710420983872,0.00745282603813514,0.00290023071252492,0.00261101408236091,0.00169928122507929,0.0154991333248146,0.0117938960627484,0.00246924657887893,0.0121720260624958,0.0151041709907332,0.00934283325828545,0.00174867907890487,0.00369339898975165,0.00657318090430379,0.0136473912017812,0.00900416478825079,0.0109581664724843,0.0049015262044362,0.00262652658535419,0.00350876637846147,0.00431076384151297,0.00181419804008109,0.00814695682585075
TTGA,0.00197418690715205,0.00298243523609615,0.00187388456671668,0.00550053970290007,0.0152044148172195,0.0124723155803468,0.00504999553866365,0.00806551333133577,0.0132441788856605,0.00429349273747725,0.0130679433132965,0.00640638148577252,0.00165097752193424,0.00154754454550763,0.00395267005827658,0.00226021825490617,0.00366900061466318,0.010528499846386,0.00179305888836088,0.0122896784205331,0.0022783294485579,0.00387601311764581,0.00734662101081735,0.00552693013440732,0.00228024601040978,0.00960636483609765,0.00512023186916315,0.00255923249862747,0.0109913413617948,0.0137590651799211
TTGC,0.00721197229559916,0.00220878030321518,0.00354296235358763,0.00269305105151288,0.00562210247674816,0.0102532905744983,0.014759278129751,0.00285386827241907,0.00626442245888528,0.00872396827521522,0.00525480641253813,0.0118194107135228,0.00239929066362903,0.00150990157649494,0.00681911910153435,0.00180237036815559,0.00453203162506641,0.00261533122756857,0.0126965241076756,0.0102580280733315,0.00248539457689555,0.00332575421018705,0.00729718793735498,0.00794050041616803,0.00650039212178062,0.0143272825621008,0.00169261079981243,0.00661443073926417,0.00286660180479966,0.0030787509251098
TTGG,0.00468279536922511,0.0048097880371611,0.0026910945040976,0.00512507312671917,0.00679052419284776,0.00163085511812179,0.00981660542431766,0.0104555606400781,0.0131308544599931,0.00195829873601855,0.00836684612323003,0.00364808473725092,0.00551541200162838,0.00533236437776697,0.00212293250555951,0.00625346564139369,0.00256797039702733,0.0105912758899097,0.00274415924312982,0.00309421807796088,0.0145836799081679,0.00861319777081125,0.00387372620823731,0.00168168496601108,0.00371252577125121,0.00815127593979104,0.00431405141337642,0.00407561310410839,0.00349581777584048,0.00167635843152538
DEL:C:1:0,0.00221005322026316,0.00324936632702361,0.010661438886195,0.0111895356720418,0.012783005307116,0.00562861999713635,0.0110310482045146,0.00582095117821277,0.00578474321714756,0.0166946038884332,0.00571480080465343,0.00601512130217599,0.00586682432805809,0.00293961785713728,0.00312156665004189,0.0130168875058546,0.00481720322300669,0.0100303547962176,0.00550224891455174,0.0138639947537348,0.00249988815961823,0.00718521759789428,0.00240222878011266,0.0087259777252581,0.00764438484890354,0.00447709285048185,0.00217488476801429,0.00352966311739176,0.00721608178282513,0.0112812525606999
DEL:C:1:1,0.0123222739086684,0.00876365960374045,0.0118556949669589,0.00308406046265349,0.00337371291599793,0.00628887766776605,0.0138631791987571,0.00172467804543025,0.00542331651977023,0.00344025211669605,0.00732746201525608,0.00524962514630938,0.00583489721116532,0.00509265215358783,0.0125597514834064,0.0133425542120835,0.00224984778327986,0.0151011805650901,0.00682807970830062,0.0020987450857816,0.00235207433703545,0.00785508242501831,0.00546994054875055,0.00349807919616883,0.00451748014995647,0.00319833915275569,0.0161400762547004,0.00956522107031427,0.0134909470140858,0.00265787761288532
DEL:C:1:2,0.00248854006639977,0.00389329645984677,0.00648189101309784,0.0144236218266323,0.0020066380513966,0.00668980351895944,0.0023022758504744,0.00204722339847275,0.0101107872113292,0.00209154434863644,0.0153859575535089,0.0132428970283638,0.00440549540879896,0.01268646612755,0.00701635355941232,0.00199288645942145,0.00884028622141526,0.00879810897183306,0.00301966921033493,0.00487535115141174,0.00395918850536846,0.00423926218491118,0.010443784144358,0.00884047435688489,0.00349355158118673,0.0021219556085548,0.0128936439667166,0.00153310074373071,0.00666601138017399,0.00461713075451603
DEL:C:1:3,0.00586934978031869,0.00746716955225803,0.0075783719650015,0.00336260225294189,0.00538911962548663,0.00856947309889666,0.00787231001243234,0.0152180232573498,0.00233182158421186,0.0156072188767639,0.00456843431008501,0.00193106024557693,0.00189078489175552,0.0148442446168131,0.0156331085608325,0.00356793818598694,0.00193679273737886,0.00343009577090249,0.00409718211804044,0.00780603537363236,0.013999637878832,0.00475951336299129,0.00558773338837968,0.00172634779666554,0.0115552196500758,0.0124775245359121,0.00837192723597613,0.0149973727739442,0.00453925373577072,0.00342197856697097
DEL:C:1:4,0.00179178840202287,0.012602323507607,0.00162908751619657,0.00316460033404659,0.00308498039127268,0.00809690488189472,0.00611455108381344,0.004127955100258,0.00995341462722384,0.00218969494883045,0.00281593967871149,0.00330930697609786,0.00409174517068879,0.00221629013773503,0.00183120828311033,0.00220904869339214,0.00887994182656485,0.00879734199632501,0.0030403370822609,0.0163554099971681,0.00921744374044865,0.00391239621172842,0.00892059664973011,0.00231797533495446,0.0119822778139751,0.00446866454105339,0.00190308764157213,0.00921231152722308,0.00380580129624833,0.0128912236020912
DEL:C:1:5+,0.00456710029234813,0.00241770785801651,0.00682838392331001,0.00401939779760625,0.00384289880097852,0.00661860311825588,0.00348373765527981,0.0106821418711112,0.00886284672544659,0.013625732108764,0.00306289894971237,0.00815286944539585,0.0029860839401641,0.0100949060261264,0.00334223321748964,0.00610991659297779,0.00560937736859757,0.00406582751936314,0.0118471699165836,0.00655272742540671,0.00299543503761939,0.00226708077365895,0.00588671090945112,0.00545420676260373,0.00368523778061166,0.00662948346354235,0.00546048215342525,0.0109873519746209,0.00507260735222192,0.00424340420232852
DEL:T:1:0,0.00346202842148201,0.00818847582695348,0.00274525702591587,0.00844620527760268,0.00450202479975094,0.0056157954546264,0.00273980585105354,0.0063736432202449,0.00159801473016116,0.00256193374321097,0.00251855379781251,0.00162712628235912,0.00467934615007102,0.0018117304871821,0.00202842667587586,0.00250228912718419,0.00645675776723586,0.00189188382721043,0.00306095821273665,0.00379629278636537,0.00425803404522297,0.00282234984250972,0.0131428809543368,0.0133110287665886,0.0110189099567085,0.0106946505751755,0.00266068757384004,0.00237920206214647,0.00166157462706311,0.00397345988184651
DEL:T:1:1,0.00365425659158511,0.00368917285621953,0.0121635803172825,0.0155014187075559,0.00195316720352285,0.00284475225037308,0.00169778071711817,0.00978844184922905,0.00983384454650225,0.0132319068990665,0.00778840491393487,0.00313340200532534,0.0127556201475317,0.00400640187591911,0.00271399087726388,0.00474167757116699,0.0134905065322159,0.00587937133813316,0.0131573464012452,0.00297399403661933,0.00280336863445532,0.00512027193017698,0.00633860813661318,0.00593838852656252,0.0155172792914065,0.00659275560872831,0.00331548846400323,0.00177521431409654,0.00171899112186875,0.00308435440036373
DEL:T:1:2,0.00346399849240927,0.00459407141076075,0.0102207874572786,0.00749784706812726,0.00937907514366198,0.00679717332680937,0.00167158133856364,0.00451735467267704,0.00149521813652967,0.00233438637090599,0.0117368229481478,0.00362023808358126,0.00174961018991729,0.00576733505480579,0.00691607359616871,0.0136224282090984,0.00857149600489091,0.00302841427374474,0.00618462803301525,0.0119795447930521,0.00474655679916865,0.00316818204762187,0.00599087779057791,0.0064021843977346,0.013092831054486,0.0027013765273277,0.00364657239210857,0.00643454194571426,0.00218773112750117,0.0119784082239341
DEL:T:1:3,0.00918716278444785,0.0135509632748082,0.00486046993388476,0.00512639935503088,0.00192896248646854,0.0148391907089079,0.00278935871660405,0.00738392400416783,0.0103922676573953,0.00203165999414823,0.00964114205329222,0.00909350365028692,0.0042779016994973,0.00716742682139993,0.0105417387821564,0.00841545229475947,0.00457436421068407,0.00359279896060054,0.00491871156405239,0.00279707169439737,0.0048543769254395,0.00820684801798148,0.00186375785218884,0.00185173078623426,0.0030285961230912,0.011321887585878,0.00714381985738661,0.00251138041259718,0.00515842156121847,0.00860493162188395
DEL:T:1:4,0.00191884305789624,0.0121502368562058,0.00327485849208014,0.00350075779623351,0.00565767577089705,0.01189901039511,0.0103886266355952,0.00751097687063422,0.00390226907002361,0.00213441354742022,0.0123834719866548,0.00180083938087278,0.0115198251268325,0.00597756098066444,0.0136798306930636,0.00609143677738611,0.00409328215048808,0.0108041786005076,0.0121869658374151,0.00849418821346727,0.0026974291861917,0.00432695265252687,0.00963235675716203,0.00318224339415399,0.00792373795893316,0.00230956498776313,0.00844726843689099,0.00919901151750041,0.00456055851422979,0.00496512834779791
DEL:T:1:5+,0.0027545805740638,0.011933800846411,0.00164101695231435,0.00690765803068935,0.0097231439852051,0.00952832041341787,0.00357746512767161,0.00213738139639462,0.00749786619036563,0.00172870077952363,0.00474369728892369,0.00162095182898151,0.00658344946230553,0.00155354807920334,0.00265290165452413,0.0114551791333774,0.00765116505884691,0.00427753638744022,0.0111697456399568,0.00770864705532897,0.00253198016015333,0.00210028212683886,0.0111806962981728,0.0116065403706085,0.0073983971410898,0.00349597406801554,0.00318030311818903,0.00498784897222936,0.00920120100098319,0.00495471852790264
INS:C:1:0,0.00229766832742806,0.00658917204485584,0.0107906005496719,0.00602848829446668,0.0154641000485422,0.0039123097665144,0.00197883392177934,0.00640380830237401,0.00458847693206467,0.00587565797276534,0.00314882829663095,0.0128250567340981,0.00745911205400732,0.00348679849627679,0.00516872174095188,0.00672007310544449,0.00407684778292835,0.00302025781586797,0.00592796278381696,0.00574083586201225,0.0017325796136356,0.00206096265191278,0.00235799827035547,0.0113014880711836,0.00313169677714816,0.00513100241099977,0.00715001440543974,0.0131313697390242,0.0100454355795101,0.00660876985705475
INS:C:1:1,0.00186555083931784,0.00432064743709023,0.0041692403126334,0.00673219232568806,0.00159383624669241,0.00365590542070335,0.0143764058011932,0.00708064702768161,0.0112501325774765,0.00220285827888066,0.00477069213531285,0.00354081781988148,0.0106794118738361,0.0100959130608742,0.00194541111279078,0.00189155981158211,0.0112508754508968,0.00165892644649682,0.00448104956574901,0.00228295704796859,0.0113376596675416,0.00163506185007355,0.00177700377326695,0.0046927423259821,0.00297528767956691,0.00313840264961341,0.0120931279304305,0.00199041825846938,0.0017431423365702,0.0037078021742658
INS:C:1:2,0.00577325303298717,0.00304469490248961,0.00531241391296106,0.00322239146590373,0.0125566994460319,0.00902679610940541,0.0129365063549365,0.00332605675348615,0.00939428968562801,0.00865856215593612,0.00220896691932266,0.00653950890340271,0.00284045451974078,0.0148538822389221,0.00612207550788939,0.00817255364961393,0.0107719862039626,0.00528298800899023,0.00225720376874499,0.00177422006407383,0.00205393594712463,0.00219297295879803,0.00533988880826333,0.00483512723492169,0.00172263208255878,0.0153260323325691,0.0150652853830946,0.00743725447467091,0.00254187751076183,0.0127970301274052
INS:C:1:3,0.00374339564753548,0.00378693232578013,0.00166751329547187,0.00619392531071863,0.0035321573542948,0.00886314624763422,0.00268178096606483,0.00476106271859851,0.00580044434956593,0.00310712380728749,0.00294256496779189,0.00159662164359153,0.00738794964839457,0.00154364187377256,0.00189739080633362,0.00992776411952101,0.00405081882835035,0.00904627598610408,0.00676658174159009,0.00335978503675522,0.0017658662580387,0.0118615641851513,0.00402590978173857,0.00268678198070842,0.0035294008518012,0.00670117511100694,0.00643840280691622,0.00627116938457419,0.00682221054009495,0.00533474980357067
INS:C:1:4,0.00163119883235925,0.00157929497619021,0.0106414672183874,0.00482598149199834,0.0154222528613157,0.00993247178753526,0.00163873806266474,0.00276284412077907,0.00168098107781381,0.00215324384325676,0.00377334266199589,0.00169845887709478,0.00223401421925153,0.00175604511031925,0.00228378787045599,0.00911886500635399,0.004952654984038,0.00375042726369875,0.00359647736918314,0.00724896749105419,0.00786327619704064,0.00518782722455968,0.0073088395872014,0.00385000850572421,0.0108101043537008,0.00361366379135649,0.0128684265567471,0.014832104305569,0.00627373123966856,0.0107043199193577
INS:C:1:5+,0.0038141820801678,0.00793986466093465,0.00400035260135311,0.00557749341985004,0.00966824655290617,0.00582129466403797,0.00854625001821747,0.00448742084871262,0.0101993712751623,0.0024984174753687,0.00431724085574448,0.0113105416060381,0.00357078128702791,0.00177714512893518,0.0155150598797922,0.00185217093926349,0.00207243522117414,0.00944469135050917,0.0016113905680879,0.0072475844638035,0.00488378237615921,0.00248075478216345,0.00939538101374107,0.00521478522913017,0.00210910886081773,0.00383440612088909,0.00492619681750906,0.00695860236761523,0.0117176516008563,0.00698526879599431
INS:T:1:0,0.00394290621242111,0.0094589167506667,0.00369368528041908,0.00496548302240405,0.0142269704983697,0.00404675069138252,0.00646804414896018,0.00710153359861458,0.00815269816503876,0.0072794266405991,0.00629261074658846,0.00507375997663633,0.00904712066404791,0.00223712433446375,0.0139177263914921,0.0128121286340353,0.00211311903309356,0.00512294407850011,0.00386161084184309,0.0116565044884303,0.00407767663484478,0.00682244209537461,0.00410431937310938,0.0153303436821702,0.0113959026594823,0.00453729508182484,0.00585529298517352,0.00224928270961472,0.00585800387537923,0.00916172345055518
INS:T:1:1,0.00510008113954459,0.00402879232974353,0.00245606274390774,0.00203639069620573,0.00393529086469905,0.00772366092112885,0.00186588703722086,0.0164284696615052,0.00807410737928841,0.00326295873969561,0.00963859397603972,0.00211813971819143,0.00799129871815635,0.00886933253091699,0.00365702227832138,0.0094776195964139,0.00619504122281356,0.00171400991002377,0.0114225899692099,0.00827153917104711,0.0025038265253406,0.00515250856675529,0.0136574774343888,0.00637850174452663,0.00188931736757738,0.0122611513711444,0.00192593839911161,0.00503210920379028,0.00452732033644191,0.00482815586135671
INS:T:1:2,0.012403910232231,0.00566323979856736,0.0103479623680057,0.0043999303080211,0.0034598339343724,0.00295664386522221,0.00689686754572819,0.0104285528813921,0.00439371342428257,0.0109104183824575,0.0106024370827333,0.00177394885365679,0.00335072615186866,0.00149737662811309,0.0028629430401003,0.0145001140950966,0.00451388219460852,0.00823895908560276,0.00321414823911676,0.0071839915627201,0.0102519781736472,0.00226978142867449,0.00182744407196162,0.00804355647217382,0.00220949883090854,0.0112510811014782,0.0133486233521773,0.0026537551008802,0.0158342457126556,0.00399303094391837
INS:T:1:3,0.00444990335064906,0.00197531874667215,0.0126841713384937,0.00729809549085555,0.0057790676258977,0.0152104619313998,0.00287102278527853,0.00523019239127814,0.0033824153409459,0.00228458939687568,0.012682593563775,0.00429195090360649,0.00676624406658523,0.011696994779213,0.0035778484330523,0.00259044382113189,0.014661250055063,0.00281981308242705,0.00793214781642447,0.00214999793049518,0.00189987294539234,0.00235804366526188,0.00197003551119633,0.00887362017640327,0.014987393242377,0.0125046786933619,0.00625618397502632,0.00414542154431614,0.00536234449785828,0.00610255575140229
INS:T:1:4,0.00296128576206484,0.00260132619377723,0.007448806123786,0.00305508685770553,0.0029341677744377,0.00371835487230266,0.00373471186166584,0.00178551109267408,0.0117102255181933,0.00710918986655958,0.00306962692522953,0.00193753862342041,0.00463668308060019,0.00249677852253582,0.00700285016337457,0.00446362121080607,0.012936133247038,0.00280232796563732,0.0039221720175751,0.00425050700537337,0.00182192505893159,0.00279935272909433,0.00360435820816449,0.00475220725862039,0.0024126030900054,0.00916997954685377,0.0125136777256392,0.00486076601530835,0.00182425094118848,0.0109905766248502
INS:T:1:5+,0.00220373324510059,0.0113393198233367,0.00280297637735145,0.0155679978448479,0.00554583513829634,0.00159862917027882,0.0136832843179043,0.00286219492705559,0.00344278693645954,0.00516758500344627,0.00689626329344455,0.00629822897124359,0.00239065284332047,0.00473849832985214,0.00247552665261085,0.00224950457636883,0.0119863166850893,0.0109772316048249,0.00906501580147682,0.0037388415144172,0.00172025036268496,0.00275143494816597,0.00210502750411665,0.0164508856628797,0.00470871251415873,0.0101702457069764,0.0130885111919237,0.0109487882362141,0.0022996671901721,0.00750089377860458
DEL:repeats:2:0,0.00361172531326158,0.00441906908474694,0.00386366806187645,0.00802900973993035,0.0026817375248999,0.0113070051311834,0.00341187699962046,0.00858876366777227,0.00174188617969617,0.00457919575962332,0.00282410434529528,0.00694152289828298,0.00466198347597062,0.0021298073153772,0.00482998323257082,0.0119974945182469,0.00192768865467024,0.00271387574190152,0.0116906022905218,0.00336182286036563,0.0103410259105545,0.00635034312381201,0.00303545365517377,0.00230100569328195,0.00416445597143493,0.00578146857542104,0.00272442166479988,0.0022073888456083,0.012877297059283,0.00359535471866332
DEL:repeats:2:1,0.00444759760848342,0.0018840888419815,0.00855718018384041,0.0133159175964425,0.00638560490737062,0.0142159518943339,0.00211679653018499,0.00236789015604327,0.00319154108792975,0.0164711955719749,0.00164218040282491,0.00929498140719748,0.00354412494734707,0.00595584585204489,0.00356217906218495,0.00382404912864963,0.0070945792907092,0.00220937544148813,0.00244864295023794,0.00587121625267117,0.0103314246865785,0.00281255145221138,0.00306104545618764,0.0143626779862877,0.00168056963723432,0.00251001121210417,0.00485752522400861,0.00228511729139985,0.00361952304701199,0.00467408228533719
DEL:repeats:2:2,0.00384462569769354,0.0120851703026155,0.00501319866500054,0.00213561227386792,0.012817279054906,0.00155747050382041,0.0072493586262099,0.0112672996561465,0.00285782907893859,0.00255958031824907,0.00390686752769899,0.00342184744125592,0.00887911058192893,0.00286819691973439,0.0157885387422977,0.00295087672063903,0.00685255211996792,0.00457075908517418,0.00290384669445178,0.00735821589829482,0.00461630726135719,0.0048725495208356,0.00367241923518804,0.00253129283206218,0.00259850250379596,0.00226071057375086,0.00858770306513314,0.0077544998746372,0.00250360107410314,0.00267716267025533
DEL:repeats:2:3,0.0156591536022394,0.0121948848703884,0.0144320589513279,0.00260727155288757,0.0027339979657331,0.0022247953025916,0.00276954771044597,0.0101093839655125,0.0132119055186012,0.0070611954403448,0.0150322509466492,0.00579432164748439,0.0126128604356345,0.00560625631028169,0.00285444861146496,0.0024569331161362,0.00183091066841149,0.00867544220604342,0.0030396832850345,0.00245093633445087,0.00899443823594451,0.00324302107526485,0.00347550968340652,0.00326598238348856,0.00880150848685847,0.00238562478462262,0.00325393692479131,0.00647384763579523,0.00167188147499112,0.00264343926963808
DEL:repeats:2:4,0.00481148617646401,0.00777009766869396,0.00938271466167431,0.0113909313134682,0.00562835560763708,0.00284979716156293,0.00303477885973041,0.00480984285857095,0.00436304042695767,0.00559835683853608,0.00940069125994426,0.00487264577359435,0.00286128893291706,0.00221422706733338,0.00851317435012946,0.0049009585335463,0.00277134296186864,0.0098937312104112,0.00819478613174859,0.00268176954629153,0.00922255302593751,0.0118144027932096,0.00203970867105402,0.0027518751229345,0.00275821554685861,0.0136795138092654,0.00336652873733652,0.00165705709917448,0.00741164578761389,0.00421349851864068
DEL:repeats:2:5+,0.0156215547250687,0.00236386095644083,0.0017065688246338,0.00167665109628204,0.00367526619070562,0.0097120238334746,0.00192658149278708,0.00174086158561857,0.00182122565571542,0.00933973752642231,0.00182839077228446,0.0029789262647947,0.00162761545306726,0.00690081521437003,0.00220589858579552,0.0109631683218884,0.0036139759930315,0.00624715776012005,0.00509653440216784,0.013758925540997,0.0115612555633801,0.00280108973095679,0.0080891072236521,0.0100152192882516,0.00241975948067259,0.00268233380123322,0.00802086497870796,0.00519294642358781,0.00340360715089677,0.00240067551387805
DEL:repeats:3:0,0.00493313705628055,0.00570044995916224,0.00710260302412564,0.00231775328117673,0.00336970332218184,0.00820102344378057,0.0035904669178499,0.00346300257315705,0.00967660478128874,0.00252813265485702,0.00301836673755574,0.00385934756106864,0.0144620493555873,0.00940878216383494,0.00844924659900009,0.014997209260827,0.0060649055598543,0.0108945074213166,0.00163843684085826,0.00334095965422557,0.00254405530721565,0.00238887377987334,0.00806781235384185,0.00308808674186458,0.00441900856790651,0.0155206612972284,0.00222471151441058,0.0110100083513018,0.0117523750440484,0.00227994431891357
DEL:repeats:3:1,0.00332643060248097,0.00946585972883469,0.00158042649619122,0.00169621912055849,0.00216659093142439,0.0138712127133989,0.0026799000997302,0.00622742563275742,0.00848322779581058,0.0130491216443797,0.00609380257334848,0.00702959417529269,0.00222180126477346,0.00979197090742685,0.00521874896761286,0.00846218788132278,0.00251706110972785,0.0149068828372968,0.00198389580512138,0.00214676307081258,0.00199354293124449,0.0044013921456612,0.0083908033661072,0.00522065489316317,0.00783608560249343,0.00553818159023445,0.00768900303507401,0.00290037358661402,0.00189232927584153,0.00947199705509289
DEL:repeats:3:2,0.0024256000947525,0.00478005361502276,0.0102451152199487,0.00179712106802723,0.0083402223851283,0.00259306069230779,0.0125496576893955,0.0121938448647492,0.00703544011379297,0.00574408499704057,0.0128793651965225,0.00221756101112292,0.00291287766115062,0.0136366887626366,0.00474470132297025,0.0015318670761896,0.0106474545980839,0.00343771597743959,0.00516351321016477,0.00335785117262152,0.00248963947787974,0.00423915017534171,0.0150136957193418,0.00216153910179733,0.0100971703880157,0.00174574818239263,0.00289885023871031,0.00345245165522049,0.0022454214345183,0.00358393282794236
DEL:repeats:3:3,0.00196450529330766,0.00162030131947037,0.00487205440606995,0.00938334864593571,0.00448565107328902,0.0018627852557034,0.00470821904813961,0.00361130300222563,0.00867125482948707,0.00276608005560407,0.00693904012324922,0.0114219474977662,0.00630404188496052,0.0145194874015281,0.00206777682673117,0.0103493048665937,0.00160959953429307,0.002120650465564,0.00535952605776109,0.0134868466127198,0.00644925775819559,0.00596126351643179,0.00697284075163338,0.007822364955499,0.0128876638672295,0.0145124148596528,0.00662505678067944,0.00602271920229438,0.00331524180396074,0.00229530328165526
DEL:repeats:3:4,0.00222030279818034,0.00462898631471397,0.00157999045984391,0.0104023695031178,0.0018105893059562,0.00155887746100319,0.00869913663718516,0.00748416750807251,0.00224990802399769,0.00290165038252932,0.0046632973896323,0.00963862436226064,0.00682174602988582,0.00222156227692255,0.0151984626737582,0.00302441302805037,0.00865687728460586,0.0110718692360005,0.00834752475852154,0.00486217412466599,0.00576001347060241,0.0106986582776609,0.00524185621699741,0.00569745322741317,0.0139331191715741,0.00214002275102519,0.00184967250473814,0.00332771835476881,0.0125779593264219,0.00214577013355146
DEL:repeats:3:5+,0.00622579008678433,0.00283780639777843,0.00484141594910899,0.00922384418227428,0.0109672206781644,0.00546932315629463,0.00419035950596445,0.00179673457711106,0.01125874538658,0.00956735875000242,0.007906344866407,0.00468294045635693,0.00320887259639155,0.0116907688776173,0.00663276710955294,0.00836413844726888,0.00191424491952106,0.0087787490748185,0.0059924629304431,0.0149900872117104,0.00694891570575055,0.00803027184372288,0.0104057419732931,0.0103962674477453,0.010967213334954,0.0137730052596182,0.00225614744473232,0.00154455617971105,0.00276249253462001,0.00291559712998554
DEL:repeats:4:0,0.01202923305411,0.00972201615470729,0.00255147722620527,0.00304749056885035,0.00936853670231433,0.013893594251547,0.0041700464368865,0.0101768355765415,0.00648604837381207,0.00465753744780477,0.00302909213733611,0.0065131430393233,0.015152750044246,0.00241311203545129,0.00251103202294261,0.00186040557399562,0.00348822606564956,0.0144574182645773,0.00868450202450291,0.00540578639688849,0.00276504797861339,0.0152767661347923,0.00374892504827482,0.00285041887155351,0.0116131129421834,0.00167482368867051,0.00554895226544765,0.00948384327019286,0.00830588635507996,0.0056233311461525
DEL:repeats:4:1,0.00898846234295352,0.0106565582675998,0.00467263354798366,0.00292561558223371,0.00327791776111574,0.00784617686147274,0.0100884341456441,0.00514663617322804,0.00374738065226263,0.0158965596072282,0.00406709083250071,0.00282490474154514,0.00376683346557293,0.00215890475287412,0.0067956206993507,0.00303864427627651,0.0045202848343203,0.00354906004204675,0.00883810467302063,0.0038049602001634,0.0153991916581727,0.00936173850441021,0.00929462603746299,0.00822502712265433,0.00556253442832883,0.00736651370850076,0.0155322574042373,0.012433751270928,0.00385321353228859,0.00914234152993151
DEL:repeats:4:2,0.0025924860973389,0.00365256245979085,0.00542000788871975,0.00744682933751637,0.00158799581292601,0.0015539780476929,0.010133134383896,0.00723893918721967,0.00890368848813787,0.0157133074512322,0.00799184381860655,0.00926194518285957,0.0147093210606296,0.00642181009020661,0.00256043134650262,0.00716999706195565,0.00474811013182681,0.0071094184314178,0.0124318021558486,0.00256705551342153,0.00182559957464382,0.00228492795236438,0.0144183338960989,0.00409512361652039,0.0131897494526934,0.00189704455421745,0.0159149536338845,0.00403068344948689,0.00880317865924602,0.00572823334093662
DEL:repeats:4:3,0.00209046729139755,0.00612981407601694,0.00188665381225537,0.00868448647194432,0.00560177405879738,0.00426209261563839,0.00157060046009728,0.00506866025171354,0.00218473050151767,0.00240673627043995,0.00869873660139988,0.0137507562997871,0.0021375680551242,0.00280195002550178,0.00258234101272662,0.00160782329251464,0.00436947820754409,0.0042143802848827,0.00782304722196006,0.0131986770134537,0.0143733024399418,0.00721786763268773,0.0103897187751686,0.00841038897871214,0.00854650878040978,0.0132526901848624,0.00788682393746642,0.00383783895493153,0.00991269588934672,0.00361420655653748
DEL:repeats:4:4,0.00580667355941724,0.0016414611930462,0.0140175573984227,0.00763880947675973,0.011844359905418,0.00202851506449479,0.00885849943606617,0.00325581193296874,0.00329335356425748,0.00923298469480385,0.0067114787221014,0.00163236086894408,0.00378358430706466,0.0115115262007664,0.00188977749161766,0.00340727698039786,0.00529650822401905,0.0151594139572916,0.0108691149133835,0.00302630789595312,0.0101440687168807,0.0052553503731745,0.0111121840301375,0.00916764406984105,0.00504966065914894,0.00241385273455253,0.00793959871599339,0.00461648215939852,0.00292684659782801,0.00188295181481692
DEL:repeats:4:5+,0.0109194759785572,0.00218887437539011,0.00831438802808376,0.0111329620873949,0.00156289890632811,0.00215538538553524,0.00263555637114064,0.00197154144941591,0.00576788922903383,0.00301105601280961,0.00342909476183936,0.00251430135407054,0.005274546999467,0.01274933312065,0.00511108927961149,0.00232495758776144,0.00717736115681297,0.00427490394578189,0.00917431665590389,0.0101269396122012,0.00241008558085785,0.00320664763933891,0.00198227824244515,0.00305317633931383,0.00962489830686873,0.0040893778729342,0.00278773034495368,0.00343160172389096,0.00205800379673693,0.00223423103137783
DEL:repeats:5+:0,0.00584730631514365,0.00513783733127598,0.0136487936741139,0.00397199795023467,0.0019912465456512,0.0120047542270522,0.00347740757286508,0.00207660561352662,0.0101554971262271,0.00987100814060755,0.00751394649913407,0.00244791008728581,0.00859219135088362,0.00349975868354092,0.00365410040942304,0.00425941101000396,0.00246500132756117,0.0047483651275523,0.00364215639909267,0.0052252756021337,0.00222378543291913,0.00849495280820732,0.00285322867565382,0.015214347256326,0.00280864632545906,0.00616309450324043,0.00424828207135934,0.00339925091548372,0.00620121023334507,0.00687515729702289
DEL:repeats:5+:1,0.00212095016483242,0.00497183156906452,0.00382256756946979,0.00306535502726685,0.00655493422566102,0.00696670715564226,0.00724126809963386,0.00484241776642929,0.0031903362116691,0.0057161764938703,0.00720353425216557,0.00429134387755662,0.00544211313911913,0.00471131318313614,0.00489432698702974,0.00275281207025459,0.00285682506862219,0.00187334890771637,0.0127705559678198,0.00428223403653235,0.00225420243120073,0.00327600031153683,0.0122137830720457,0.00390042894075717,0.00833417093848559,0.00337362229911987,0.00223441944227141,0.00453267809121493,0.00931321571540622,0.00927426882321894
DEL:repeats:5+:2,0.0106394140988776,0.00993664640491674,0.0093846266151391,0.0020984780099987,0.00201154356883504,0.00642748798756284,0.00316601104918325,0.00342095166466604,0.00146363631429682,0.00446647136989429,0.00782921104597284,0.0108508912380428,0.00312162736128842,0.00180232958121108,0.00825373196358833,0.00489895488147702,0.00279533546480664,0.0059081092815768,0.00297933690775781,0.00568585444472425,0.00618477676778956,0.00332443463686471,0.0018787342184065,0.00421028945674585,0.00435673172902681,0.00450480148941946,0.0109916542047674,0.00731986729974544,0.00270495572421373,0.00228858508375084
DEL:repeats:5+:3,0.00170248686710021,0.00585184393329863,0.00845286801161435,0.00464530475667558,0.00465576710604329,0.00795275047716836,0.00384682617739574,0.0155834524376937,0.00137884928933949,0.00279924954536223,0.00229081170571634,0.00226431493529447,0.00182347701326697,0.0052891462404845,0.0156260753808814,0.00154130994199026,0.00635711401780712,0.00577557225258725,0.00872697478748909,0.00171736398508867,0.00465854004536851,0.00187711627139785,0.012149758905908,0.00932835500262886,0.00688588219083184,0.00193414878175382,0.00881857014719489,0.00250401705458881,0.00956760738560319,0.00574207872539528
DEL:repeats:5+:4,0.00238772750711924,0.00220980676067442,0.0018288149083541,0.0073569457118812,0.00729208086657775,0.00858612096685103,0.00151767928616574,0.00236005567042699,0.00524832961402207,0.004368836039567,0.00197505390369837,0.00948842718999535,0.00444254039386966,0.00253486536849108,0.00297456136144457,0.00344294678468148,0.00646402852918531,0.00801250722216468,0.00181272086628532,0.0130632695718594,0.00235385677136471,0.0135796266355731,0.00231591204143929,0.0146798680039184,0.00459430893969259,0.00313079376683181,0.00434518487444313,0.00185583285987813,0.00218621369785792,0.00695799768039904
DEL:repeats:5+:5+,0.00677085761851899,0.0122810875798817,0.00251100521824626,0.00247699879837497,0.00491528399548534,0.0076328974961454,0.0135965168145742,0.00328873065755723,0.0119139500785798,0.0146872943685241,0.0015932522079388,0.00961706378947041,0.00429449004289864,0.0037184359034557,0.0107477080184611,0.0107885279317128,0.00412519122457781,0.00654627224888806,0.0117717630862661,0.0112581838048546,0.0119694510776012,0.0147003575790288,0.0102942767349271,0.00198629612015543,0.00369111708957231,0.00170316716434286,0.00262981605375611,0.00326452914309853,0.00511981712689197,0.0127708523167182
INS:repeats:2:0,0.00862717881334326,0.00304649239448805,0.0089894558134541,0.00297983018320235,0.00898756179621212,0.00648501871493362,0.00170620719695194,0.00193235061704883,0.00414100999108115,0.00465024841108695,0.00197517784289978,0.00615585911223358,0.00305619467025156,0.00240936359727363,0.012922664684282,0.00165340094908116,0.00196841453829453,0.00884195422396367,0.0105644960044894,0.00768889760903646,0.00662911389468733,0.0152838598600916,0.00593569378630082,0.0158355181022945,0.00693246812266661,0.0029171161004867,0.0118119673377955,0.00635239288998283,0.0117535580085325,0.00247588843378722
INS:repeats:2:1,0.00171745878665615,0.00412727296000872,0.00228623143795892,0.00452412999639429,0.00173107634933466,0.00517587412026509,0.00303531283191638,0.00374437909630996,0.0033962580305851,0.00351889900566734,0.00797151707268903,0.0144924647697624,0.0141453273995345,0.0016260247239498,0.00212606952573,0.00315874349309947,0.0111143580615849,0.00422226609613459,0.00272311498789213,0.00573955902485672,0.00731619766225234,0.0139798306687493,0.00416981002888435,0.0102199167890624,0.00327066233034754,0.00377113680697193,0.00591602191834316,0.0072019228703065,0.00330686288258664,0.00328836963871621
INS:repeats:2:2,0.00803775755457776,0.00251809123638162,0.0128993888390199,0.00531214962214424,0.00627107543368585,0.00288707797988902,0.0120247585622935,0.00400503923092295,0.00442588740944299,0.0153107803310274,0.00526428985484209,0.00269827983026039,0.00765951496627795,0.0058080480638772,0.0104742799677696,0.0122193110236462,0.0136322355708092,0.0017452477014312,0.00187082521431219,0.0018385486538671,0.00606622210350901,0.00911762944255264,0.00179244044767522,0.00592239869914479,0.00158488427371254,0.00793464167111367,0.0153753371269324,0.00285161954930784,0.0042537977340245,0.00552724721461037
INS:repeats:2:3,0.00574464452689637,0.00183568431843361,0.00935866811436489,0.00906777244350473,0.00333361119899667,0.00292210295190153,0.00539818649161913,0.00219965906756574,0.0100356304714229,0.00765401954950355,0.00267989876905602,0.00173669421947265,0.00214734908406247,0.0119724747551177,0.0105878736636336,0.00505931603191191,0.00235363447345634,0.0108204976535224,0.00184131406260258,0.0107431106223551,0.00525878352257401,0.0049350066944927,0.00721807955368829,0.0161068590351938,0.00443297468053164,0.00245102219011156,0.0149095490344388,0.00851789372887075,0.00688674958353135,0.00248026032450398
INS:repeats:2:4,0.0115173207481272,0.00181319420146022,0.00844572243763553,0.00924379427297847,0.00882668915101447,0.00672621984629255,0.0101613442673802,0.00369280122145479,0.00769430688558287,0.00295376601436294,0.00689021684349877,0.0106333401195474,0.0107659752243749,0.00737778582724214,0.0101950787023965,0.00411490229696942,0.00700410235464705,0.00160648211626211,0.0114846483550717,0.00208153813865625,0.0154246773478437,0.013362553697676,0.00254622776918474,0.0037555176851988,0.0151275782831566,0.00182781414166208,0.00404575135960656,0.00220053488497684,0.0132379298471009,0.00231577114776395
INS:repeats:2:5+,0.00775684383321273,0.00285619190167167,0.00245467257121422,0.00263914135115482,0.0106601999518312,0.00511328323075566,0.0137676929248389,0.00963947586099942,0.00184612274625119,0.00236431272358631,0.00568829738131435,0.00570355561010953,0.00186624154520911,0.00941536232661692,0.00905558107657363,0.00194655744844223,0.00680779889201531,0.00632362435982153,0.00255424954154413,0.00680174372230586,0.00814529955549029,0.00773417710400856,0.00266144097541591,0.00974260995471811,0.00736816560310608,0.00667840606672798,0.0117810351630308,0.0104721111735156,0.0129649040475212,0.00390085069051184
INS:repeats:3:0,0.00608628850134022,0.0153001655161532,0.0101073823023147,0.0153163618528265,0.00259954328013385,0.00470230063782055,0.0034416041215849,0.0128761996882192,0.00186747177753195,0.00831349599072757,0.0030146532757985,0.00613703961895165,0.00262974039303582,0.00717343092312712,0.0032998308488001,0.00426651091995076,0.0111242263938658,0.00393788262862588,0.00490903137678246,0.00178224849517017,0.00332769995691011,0.00180802431147739,0.010577828083625,0.00668800316963622,0.00920869548617714,0.00731310904220401,0.00668306456563393,0.012510496496915,0.00378010205260467,0.00762457755187936
INS:repeats:3:1,0.014595409851089,0.00214728621219476,0.00370807193122685,0.00288708058992502,0.00481850503087537,0.00161501586816831,0.00504144890509003,0.00438544239820612,0.00241198870408332,0.0170582131747004,0.00498055776226928,0.00253096315872544,0.00656406841452849,0.00216821220688599,0.00250188815844006,0.0142613190738459,0.00454867017568785,0.00232682805083894,0.00749268909619186,0.00179763557700737,0.00759657457176371,0.00275210248288806,0.0023709415339047,0.00523679289217027,0.0108260264143609,0.00910726156622698,0.00236603383668917,0.00494025490465188,0.00284549918575677,0.00855363050709841
INS:repeats:3:2,0.0138722511195466,0.00190147885036282,0.00738110027146697,0.00649884124991324,0.00367266601288743,0.00174158483248366,0.00186405682428077,0.0100269898619319,0.00644005250020453,0.011026552604172,0.0110901221820414,0.0125513891804609,0.00530952812060277,0.00236153295012216,0.0108078253196062,0.00247860527227194,0.0147661716236559,0.0139716321402312,0.00230796482234354,0.00558096454914383,0.0150284440956931,0.00518396679539549,0.00217173801790641,0.0153376312697098,0.00192866053698321,0.00186241711109627,0.00240191901587193,0.00921726381191041,0.0075975010900516,0.00230691415582234
INS:repeats:3:3,0.00290772794564443,0.00778114409480656,0.00620285753699299,0.0135272002769087,0.00485032216268952,0.00395381618381348,0.00474083305152124,0.00172053935131649,0.0104502416741219,0.00314771661495116,0.0036771604270031,0.00314172432823864,0.00343062117994619,0.00388474645981577,0.00906810497992705,0.0145790602845504,0.00759478630382843,0.00268400442490041,0.0153692442410626,0.00417360743563227,0.00179332166012953,0.0113734249502385,0.00428404567112941,0.00189670873987796,0.00846302932019156,0.008301528849771,0.011343736641881,0.00528454331305851,0.00217041029550079,0.00896386315098527
INS:repeats:3:4,0.00181911564532205,0.00962264879911854,0.00594420310184179,0.00324419753373005,0.00558039032451421,0.00446833484220732,0.00709050925895153,0.00232055147797748,0.0117204548060421,0.00359984489982871,0.010802921878645,0.00179293601110842,0.00327363409938251,0.00382621095336254,0.0023366214363538,0.00158023248422888,0.0127296406917586,0.0107075720727192,0.00578024739221741,0.0115743710743673,0.00335761093357985,0.0112524834985514,0.00791493093309262,0.014309138181778,0.0115887841910012,0.00438043321956864,0.0155545552499588,0.0123231785408935,0.0058612092481968,0.00204978313406219
INS:repeats:3:5+,0.00402907643598925,0.00406432948910253,0.00537856713512983,0.00418437928443217,0.0142370536778239,0.00365416136989271,0.00845120482800663,0.00803270172223164,0.0124195850190317,0.00680190658539037,0.0142910930436583,0.00488605165165414,0.00881166474974392,0.00505550721341079,0.011889020302367,0.0044887116519928,0.010848609367362,0.0056117794375906,0.0148808177261102,0.00525078641531444,0.00574514282487277,0.00923300646573942,0.00876395018265025,0.0153022186801482,0.0017189774636005,0.00227848013814883,0.00556318107153876,0.002055075362639,0.00365476738306874,0.0134152521044449
INS:repeats:4:0,0.00337208243912064,0.0120204071778759,0.00196281381575496,0.00743425969960794,0.00285252537081784,0.0107781917714143,0.0141853236185795,0.0138962738553137,0.00307298619015337,0.0164538004022159,0.0148786468058918,0.00450018136843604,0.00334327824484524,0.00615296071030435,0.00304504706288152,0.00431562547943247,0.00385290764995895,0.00207763286358566,0.00432778400282408,0.00255274059544648,0.00216844924518935,0.013377844530288,0.00294251265025495,0.00204780458687586,0.0122229587831897,0.00933110441657747,0.00474190799275137,0.00353323416767297,0.00484709903970577,0.00242562310220784
INS:repeats:4:1,0.00925703165044871,0.00971957903009572,0.00440094678473134,0.00378447478070542,0.0100523391943706,0.00415353380925369,0.00958150308784307,0.00603457958405409,0.0085290176786688,0.00226838514366903,0.0063696027523339,0.00621168035206218,0.00164915642298953,0.0140941016724341,0.00942443465721611,0.00214927856061796,0.00341392902730299,0.00501221554088962,0.0111790106329927,0.0033633054631661,0.00265745174703081,0.00260317418386575,0.00418211696966346,0.00232225817973884,0.0103867330813465,0.00517043515978146,0.00533964825427585,0.010665439328806,0.00314325402239959,0.0048795649170351
INS:repeats:4:2,0.00412811294421354,0.00269395954946787,0.0140436323112931,0.00768043820186505,0.00158348737301118,0.0135631570608081,0.00353955144016504,0.00641761339935752,0.00368824166755012,0.00196437663634774,0.00376714335970494,0.00500909284405416,0.0142922740892456,0.00519998714990771,0.0110042434217415,0.0115130169548791,0.00641050549598573,0.0033664878449085,0.00916291540676527,0.0040394907822744,0.00251888734930351,0.00715816063744987,0.00611040144388212,0.00879047802763444,0.00177473057636959,0.002947579479728,0.0056743329670447,0.00941190883908642,0.00774566819477484,0.00477068429328162
INS:repeats:4:3,0.0136113156261536,0.00501908338786474,0.00298246509776556,0.00201990045352135,0.00463323819713245,0.00839440289485381,0.00279628588576315,0.0062362000268458,0.00179421710675798,0.00196684231448544,0.00842751547117027,0.00205867558042478,0.00423555057665036,0.0134780200736611,0.00295600321650762,0.0128910866443601,0.00665577748886176,0.0107924897999605,0.00363500934115038,0.00493604959975041,0.00904094318555781,0.00422847141990704,0.014418921554244,0.00230733441333525,0.00264720581490913,0.00986522430970573,0.00719528669443717,0.010462808421986,0.00627480292509742,0.00330653418441471
INS:repeats:4:4,0.0121804848286154,0.012226875130848,0.00355206763987388,0.00953589079309229,0.0105712511945138,0.00259258209890022,0.00594048522553135,0.00574509676691183,0.00507325445024749,0.00320477092097868,0.0091040678312029,0.00332702557476381,0.013425063248775,0.00308743817431591,0.00368698652496082,0.0038113627508469,0.010195723485586,0.00799968791852235,0.013994772606005,0.00579887005950998,0.00234317441902683,0.00211616146149748,0.0151599556191025,0.00637133099879527,0.011293895228586,0.014560428556033,0.0102721690177091,0.0026093913398555,0.00378648355055479,0.00643761931366724
INS:repeats:4:5+,0.00628151040527904,0.0117998408373294,0.00606534946476161,0.00513314303963115,0.00357815731709496,0.00701462303210501,0.00730231681837028,0.00970343188644117,0.0026141305772655,0.0118160269651688,0.00236615401131799,0.00361016926421379,0.00235806481432376,0.00802326312009445,0.00250424350826985,0.00307904891111101,0.00583865027299509,0.00443593565095385,0.00166211329677921,0.0124794954749608,0.00496825989586991,0.00992940085977215,0.00561230397849142,0.00549367996195887,0.00249412139584412,0.00169050709806682,0.00240479330117174,0.00694370546286073,0.0020211957168055,0.0133857390157196
INS:repeats:5+:0,0.00285063271831812,0.0130801386973801,0.013808663422624,0.0153936138794858,0.0101326450078412,0.00343788238253533,0.0149425408395255,0.00294861482996732,0.0110707202528832,0.00294310275424014,0.00527984382919486,0.0133318054091496,0.0085355377787941,0.00270484463704052,0.00631584416723247,0.00265730728381871,0.0115514452079854,0.00960002215343585,0.00255472581129827,0.00395480547065248,0.0122650136787593,0.00345351586607955,0.00490756108425016,0.0109031681584151,0.0155460346053858,0.00314170292069726,0.00939528484827221,0.0080509224966893,0.0117439262959843,0.00268702054907094
INS:repeats:5+:1,0.00377794772989337,0.00413745680914866,0.0105986879255581,0.00162185794626236,0.00275367879605627,0.0049838257235008,0.00221248401065174,0.00417807248080804,0.0131838754243333,0.00213053700011037,0.00590010996327789,0.00220138655425477,0.00551324476203053,0.00285921545396366,0.00333808256174941,0.00750152652392556,0.00222442345316496,0.0139747721318624,0.0080675398696816,0.00531412304672216,0.0153116806561718,0.00897019150624919,0.0145561406458446,0.00501583386971088,0.00449943687337963,0.00210258149815014,0.0141183916164589,0.0110302870935122,0.0138109316971604,0.00744584801359404
INS:repeats:5+:2,0.0101280719738565,0.00598768252457656,0.0137005240441477,0.0102004391614002,0.00337021845116441,0.00193421032316613,0.00672669185186446,0.00972549236720269,0.00444791848272587,0.00249056163429485,0.00216372292634554,0.00254208519371424,0.0135638029901007,0.00368972432010069,0.0131690022823767,0.00474723491704771,0.0107236899262262,0.00728097203524403,0.00308041928652387,0.0130130983086825,0.0149665621357745,0.0096388482235135,0.00630503563340478,0.00277005585107204,0.00353707476957354,0.00667146338310936,0.00350890879890711,0.00411822825452618,0.00175591522117986,0.0108295018813635
INS:repeats:5+:3,0.0113604168517476,0.00212325367085841,0.00227766782575526,0.00724852605101151,0.00454981460993275,0.00288497292024027,0.00245707324615998,0.0058388752879804,0.00395057875209149,0.00236547541079222,0.00207413112503727,0.00665464731274451,0.0118413647553611,0.00318701247835582,0.00198604690766624,0.00277633676270377,0.00351881444763737,0.0107107818737199,0.00165061389267335,0.00623258184965216,0.0117214061452699,0.00560975118568852,0.00713891466003219,0.00301454822461933,0.0120057321011571,0.0062395296393518,0.00245036775644196,0.00361451841033569,0.0122425317926448,0.00358586416520498
INS:repeats:5+:4,0.0103711112068839,0.00599666631630398,0.00160210144065721,0.00725602108652134,0.0100705781395615,0.0134603650317078,0.0100769140165202,0.00220181447746405,0.00977325668940929,0.00257359568802039,0.00215786104794878,0.00672206315963038,0.00251097671569266,0.00158216279938196,0.00543047593523571,0.00259391888897491,0.00165886661549487,0.00163429164556534,0.00251202467397138,0.00732290339475001,0.0137761115327407,0.00561672247434594,0.00869229881133926,0.0064883324104344,0.00324986847641375,0.00295376749153041,0.00309485531817902,0.0149647679988022,0.00416477241590693,0.00637060564816639
INS:repeats:5+:5+,0.00357682075980476,0.00882929234113385,0.00443550278212485,0.00434424988303768,0.00331641286197055,0.00799247548825939,0.0131683446630738,0.00971398948029674,0.00370192163903624,0.00644643440149211,0.00721150075660626,0.00304701609626369,0.0138585728495881,0.0101062225001416,0.0124265605925734,0.00159307151830421,0.00268408323239552,0.0034708737912023,0.015250272539198,0.00362642408514416,0.00638578489241726,0.00841104374415841,0.0043487786068188,0.00317033769144942,0.00406134350266902,0.00167281188132665,0.00525813148370297,0.00750940228034474,0.00172245181696167,0.00661862699219958
DEL:MH:2:1,0.00575219905315618,0.00171552199353494,0.00342885195775896,0.00444484945402073,0.00239977058718171,0.00616236912566312,0.00502236006634987,0.00425353185195881,0.00223753374041931,0.0127294481165227,0.00523132403819881,0.00256848222388121,0.00271211051049713,0.0108401959399761,0.00226879286302604,0.00528404502139381,0.00228657231268005,0.00193877632241609,0.0091466638928156,0.00765192083680749,0.00830998766452851,0.0111728890363164,0.0110857581606293,0.00219788352377055,0.00652317402138034,0.0118865924481806,0.00381980706034374,0.0144006252405522,0.0042938885794598,0.013964763661138
DEL:MH:3:1,0.00876066842084708,0.00247987132705455,0.0112145270596469,0.00578026072532518,0.00214782111980366,0.00260583137767996,0.00725789618254716,0.0123332546421071,0.00310667191649964,0.00294416906440689,0.007952942328842,0.0107877962259747,0.0102784619326172,0.00967467163946581,0.00988513188243435,0.00296858201561343,0.0134989553935804,0.00250085454441095,0.00310878540762583,0.00212993932084751,0.0120833118048249,0.00862855418708298,0.00293463134747075,0.00841691999169102,0.00700439807756622,0.00373524069328279,0.0063744051191496,0.00814659780494607,0.00629365447924954,0.00218578879277133
DEL:MH:3:2,0.0034806707544729,0.00298999403901646,0.00917846802143589,0.00507723464134223,0.00815147013409815,0.0058747158290957,0.0024654285692519,0.00196489284970975,0.00345257904474346,0.00452380005782577,0.0132921776945202,0.00470637494156084,0.00189306976767486,0.00764305166009763,0.00423958203475067,0.0027706508306402,0.00179855460630702,0.0068989709555053,0.0109272991274693,0.00692028953745412,0.00179687923032652,0.00201954871149997,0.0110581153931768,0.00196804368658211,0.0134514854747502,0.00185826654061265,0.00188488657218424,0.0026321025363846,0.00540127763372607,0.00478880358195521
DEL:MH:4:1,0.00285546174829817,0.00163684170853248,0.00168009424263926,0.00738727021181502,0.0104563366942766,0.00177924322027402,0.0073016645883656,0.00567824263350303,0.00697541631637227,0.00439030612032807,0.0137727380217096,0.00174255234833213,0.00834293724510279,0.0144747504388378,0.00314474941863997,0.00273903970150105,0.0107958075459037,0.00322551994970086,0.0143114401854661,0.00295050881663591,0.0156079689704802,0.00363570436848192,0.00209643717933876,0.00792445934985349,0.00588933312583055,0.00162789473568875,0.00429221879856659,0.00585791743860028,0.00443201221770254,0.00277035645290679
DEL:MH:4:2,0.0119242449818121,0.00182105882532756,0.00578811675744381,0.00685821746499176,0.00480539648370846,0.00404096152683127,0.00790703204368428,0.0120370943926407,0.00301689335755749,0.00185979070987841,0.00856398820053319,0.0106857393774283,0.00434811578511664,0.0128176408913303,0.00492148305469941,0.00266031782670659,0.00647213521727365,0.00443660502982085,0.00624415493458008,0.00502628392412238,0.00440477250124919,0.00213651979464476,0.00312808640891442,0.0120201584724656,0.00897383579969154,0.00817230030135815,0.00373063017026799,0.00414175173208905,0.00199466625739707,0.00470013690854842
DEL:MH:4:3,0.00268052811389626,0.00315382803414694,0.0149428343460682,0.0122092279563633,0.0103087406261026,0.0071152545886847,0.0110612524103739,0.00419867382472072,0.00608895949502933,0.00650213676229658,0.00259430233149764,0.00643786170397989,0.011339695144282,0.00572330342854725,0.0043542782856874,0.00258355536541503,0.0125461320446577,0.00534724915721217,0.00395901798858337,0.00682953968566458,0.0128566390252175,0.00359476562605962,0.00720070172359638,0.0110526932391666,0.0022158871367381,0.0105850221919592,0.00209756153478095,0.00253661584008334,0.00412948479288799,0.0122975397986506
DEL:MH:5+:1,0.00218082588590602,0.00730900788438771,0.00216807447732202,0.00348538057990628,0.0133526895803006,0.0139430089898202,0.00306702821289338,0.00195838038573819,0.00194815096320899,0.00176352862487867,0.00372216382926039,0.00169570799356258,0.00264249810828351,0.00569971296088932,0.00215683047626826,0.0109234482196463,0.00190391865452665,0.0105707434074083,0.0107558104055839,0.015155426706636,0.00436322146398349,0.00745992105807673,0.0110938338547774,0.00219128609086256,0.00387137428216596,0.00335855968004515,0.00271749088480692,0.00347314506715203,0.0131123167096522,0.0111242272878054
DEL:MH:5+:2,0.00191275880091525,0.0031161268806389,0.0125693563598258,0.00408616792986647,0.0128449823164809,0.00206622407340209,0.00552099616017997,0.0023859420613826,0.0100923687229041,0.00391170814806804,0.00173993860753177,0.00573338854187287,0.0138959345575363,0.00662282902012704,0.00472177471287852,0.00352316383762635,0.00406528297252817,0.00496158400355432,0.00852424846194629,0.00977725180457302,0.00616279052821028,0.00163327897570121,0.00257326381961805,0.0140051008232554,0.00767258143803701,0.00205823146391805,0.010984560595994,0.0063511174246697,0.00194071024254997,0.00672975474448062
DEL:MH:5+:3,0.0127563697929937,0.00260594290772539,0.0117097654019057,0.00583609611622195,0.0105790688603385,0.0113059613148629,0.00321615314301604,0.00212293756970843,0.00875557191856486,0.00582609318703205,0.00268474068490839,0.00360626531200334,0.00708228469547677,0.0027247823711074,0.00520060405223191,0.00994659809417766,0.00637798044282184,0.00513504868800547,0.00289696881130718,0.00194416204329463,0.00469541371623096,0.00747634070053803,0.00309728698496351,0.00448869631061539,0.00160640233974059,0.00271811182953435,0.00306144627466565,0.00769579391343823,0.00286407456053569,0.00318620271165752
DEL:MH:5+:4,0.0144791742628785,0.00367339635822112,0.00994837137852254,0.00624875880005514,0.00772635451528261,0.00941197314827565,0.0129724788588762,0.00349115676403573,0.00480496771237034,0.00782509425836335,0.00228804314789311,0.002377698944026,0.00330732481246088,0.00408551678585128,0.0119752893759081,0.00424279722073225,0.00632183682295273,0.00231695182226036,0.0136817879388301,0.0122671632563567,0.0151117060867728,0.00373129222527613,0.0018670407532515,0.00489744379475519,0.00292654351052231,0.00286183846247396,0.0113274863633239,0.00326054476671451,0.0119549240855353,0.00224790964271156
DEL:MH:5+:5+,0.00774925188210022,0.00463880989214097,0.00266727295661296,0.0112652496205495,0.00507876075992676,0.00191012698808797,0.00403727698515794,0.0160749343476372,0.0116696215568969,0.00249780172037393,0.0113008779190443,0.00301583871057717,0.00262553403590696,0.00485666886806087,0.00165555362506396,0.00748822323323438,0.00169231306127431,0.00162121171767546,0.00557644767967704,0.0152280318744647,0.00198541121148422,0.00395182517574988,0.00161624125642613,0.00222646371642277,0.00587902154694871,0.00181580663424283,0.0121864120667198,0.00154382337528254,0.00233288357985393,0.0137773636293622
