Mutation type,Trinucleotide,SPRandSig1,SPRandSig2,SPRandSig3,SPRandSig4,SPRandSig5,SPRandSig6,SPRandSig7,SPRandSig8,SPRandSig9,SPRandSig10,SPRandSig11,SPRandSig12,SPRandSig13,SPRandSig14,SPRandSig15,SPRandSig16,SPRandSig17,SPRandSig18,SPRandSig19,SPRandSig20,SPRandSig21,SPRandSig22,SPRandSig23,SPRandSig24,SPRandSig25,SPRandSig26,SPRandSig27,SPRandSig28,SPRandSig29,SPRandSig30
C>A,ACA,0.0100038498588643,0.00596341077265509,0.0147668898311668,0.0111263340177824,0.0033670434012845,0.0124447287520995,0.00389556837152512,0.00477633111839598,0.00617196143012149,0.0036647182638565,0.00560187692936487,0.0104625386759883,0.00284628782822561,0.00283846539333274,0.0200491684340752,0.00359570151660497,0.0104381024737033,0.00502757929568625,0.00465545505810545,0.0184517055796283,0.0163232875782797,0.00807413510381135,0.0228880384539673,0.0152111292826169,0.00515280500286761,0.0058573234149383,0.0258389988569777,0.0131023849828729,0.0212711510750842,0.0203672667394633
C>A,ACC,0.00320774115753311,0.0116617544046662,0.00403653913945646,0.00440502573214117,0.00281976956513538,0.00788536338571536,0.00962739251728834,0.00674703794797153,0.00887746488439124,0.0116764377378452,0.00411409207406295,0.00734213761180117,0.00369840631932035,0.00381074299466389,0.0190140497999601,0.00742855906498396,0.00726257947116801,0.00705704843467394,0.00755474837201332,0.00570573405898742,0.0212520667174667,0.00619081808440495,0.0164801972753953,0.00258085030285029,0.0173356023745216,0.00484330870994057,0.00319798780250003,0.00489479741838151,0.00906247671703678,0.0161441698482651
C>A,ACG,0.00578098128848666,0.0186308168139732,0.0153028671715631,0.00293592226648842,0.00561011444776747,0.0212697083836305,0.00275983931185578,0.00423598811721749,0.0211645472998582,0.00632079013100861,0.0128711236122513,0.00511260664693283,0.00768922183833279,0.0106464663409869,0.0102458176535158,0.0201861695579973,0.00404893620752474,0.00750147717742117,0.0240983067297199,0.00378379625738163,0.00459060845505836,0.0151701114199348,0.0259875741270573,0.0216128389818445,0.0153244398189388,0.00485444094113836,0.00835058971462531,0.00464212720208261,0.00457261466800691,0.00378367825694746
C>A,ACT,0.00302906614470835,0.0125324221491728,0.0096929747374124,0.0133140529675397,0.00306275290208409,0.00578185599164512,0.00502427147985354,0.010369566348716,0.0126774226735135,0.00294782622106804,0.00547475712129505,0.00275027763077466,0.00331197920249221,0.00283120086010325,0.00408640223009639,0.0107865621014436,0.0188098606488869,0.0237232045052332,0.0171586058879424,0.017259242070911,0.00312171198970621,0.0101990684990929,0.0120370960556254,0.0207587885403975,0.0179989153543078,0.00607609961366666,0.0159191920059339,0.00321298993010496,0.00985789248564816,0.00928233515231918
C>A,CCA,0.0202932241931879,0.00869801661841869,0.00371728437104112,0.00413687114137566,0.0156550732738426,0.0072209094673315,0.00466991317653836,0.00426049067683432,0.00304555858896896,0.0224534568135254,0.00318526248918639,0.0066884948586863,0.00938761727009026,0.00253204386142684,0.00827552215236013,0.00676075135808922,0.0153152482460973,0.00318336720738925,0.0074272572035387,0.00432266886978709,0.00333224303019427,0.0152303504756304,0.00576516258594035,0.00702286206038657,0.0113836379600447,0.00462726325525684,0.00460813833322822,0.0241446467282314,0.00889608954878739,0.00646328660731351
C>A,CCC,0.00823472649495091,0.0277253459261135,0.0110655144368305,0.0187860038921664,0.00354845417957117,0.00343404574933062,0.00559743410018878,0.0175819678526899,0.0194545322501729,0.00693540240567942,0.0063024011319747,0.0144548200104694,0.0163918246383222,0.0234073758999817,0.00598874565788454,0.0197867824923722,0.0255641931825678,0.00814861882820152,0.00352629358732075,0.00767197078524879,0.0177914677226346,0.0213690156696269,0.0144777953719112,0.00285010531402208,0.00782372341084063,0.0136376944953793,0.00372949379408609,0.0124448276681289,0.0234600201090166,0.00837974221575591
C>A,CCG,0.00319725362483978,0.0165730840321595,0.00465445778781988,0.0201468250231038,0.0114120601628859,0.0116264725562972,0.00604560692687033,0.00319193939206107,0.00452712976373813,0.0201531405462371,0.0121704306819151,0.00805383143161961,0.00495204789251097,0.00371103368018054,0.00398751300822807,0.00999775997414717,0.00733538635133501,0.0212866669530006,0.0284566194154975,0.0127725939775002,0.00306446997936123,0.00962345403038854,0.00595048696175636,0.00491511169457803,0.0183714350684393,0.00450957764549387,0.0031862498501761,0.00521706588985743,0.0260448067256966,0.00774557080000744
C>A,CCT,0.00883754146679696,0.00365051244376671,0.00377091205774639,0.0148745588140169,0.00756255657652779,0.00445083286150832,0.00649068629468179,0.0108880794587517,0.00637859784048782,0.0252319295614441,0.0032890248225979,0.00969887214732918,0.0238239142184308,0.0225455727329318,0.00288650201049906,0.017425217240736,0.0205445804092841,0.0167219049505557,0.00320726821945993,0.00311119074737357,0.0223787019693857,0.0222064171471283,0.010088580355092,0.0151766594150505,0.00630425074392052,0.0107590968379628,0.00724092806188446,0.015052706666926,0.0200001112281929,0.00637114323659437
C>A,GCA,0.00349836858658917,0.00506750175237266,0.0238496982447206,0.0101351332899949,0.0249588848975724,0.0132777015029926,0.00429020722451791,0.0218571673889807,0.00386968245386258,0.0104558260391003,0.0120577359983427,0.0139049581459766,0.00269076120152835,0.00757775496463774,0.0073435042861073,0.0150557433881267,0.0162099235903434,0.015989642027709,0.00498444775615282,0.00919694431399443,0.0176645594295871,0.0131883997799361,0.00883316109033894,0.00584153259637892,0.00379897378183709,0.00478858687014196,0.0123486380269515,0.01128903252183,0.00388832509497635,0.00593795809012845
C>A,GCC,0.0092486985871711,0.00389119056905421,0.00375857395544907,0.00277718195914793,0.00293761296477212,0.00610488910323092,0.00293283119327644,0.00720508383173592,0.0105365316743849,0.0175218259484154,0.0028541174017164,0.0103583647664997,0.0121245176075532,0.0138901387797677,0.0268676619239705,0.00288265919295781,0.00868366506385859,0.00784123197952334,0.0179526744862358,0.0204502172135897,0.0111002708794242,0.0215457353146345,0.00336042759564609,0.0155311568691978,0.00695543502496007,0.00323420949515686,0.013871212870069,0.0177282007109051,0.00790965152554587,0.0037433190137372
C>A,GCG,0.0185319917985989,0.00847414845924351,0.0172705466001615,0.00329146636027374,0.0152868766412787,0.0124268998401546,0.0234988246327855,0.0148764576177304,0.015660221430604,0.0056178073629288,0.00387804902940626,0.00490023470390645,0.0110328617242262,0.00644300882666394,0.00555264197211477,0.00537878390688167,0.00743362066070334,0.00259292276724963,0.00744425805902083,0.0111116585157274,0.0212371535026785,0.00348816574856233,0.0105814896845474,0.00567712858247508,0.00523556544999482,0.014987298870668,0.00432185397219454,0.00994119731697845,0.00766435313457277,0.0208968767541101
C>A,GCT,0.00766078876128688,0.00627058527251637,0.0159469098499889,0.0129313050101902,0.00601966710188398,0.00356438027191778,0.0183531271959404,0.0136470938872582,0.00570557888138979,0.0110965602833188,0.00568881778169471,0.0101407750808504,0.00303405299107951,0.00909555049421787,0.0101372617152446,0.00320826636893555,0.00293076202573416,0.0227098313313958,0.00488285483482438,0.0100036127949498,0.00355274726975568,0.00326624682412441,0.00433734137151808,0.0238972559041183,0.0199700333956703,0.00480899501834071,0.0247911960320505,0.00612115546354371,0.010346540349205,0.00652143295179511
C>A,TCA,0.00986889516880456,0.00779864920899252,0.0252823215401418,0.00412662327915964,0.00676642708482263,0.0125310370330492,0.0234518721417935,0.0121490879457456,0.00581256487183912,0.00407606033315737,0.00454071375696719,0.00836241544845271,0.0185472374149392,0.00802077225952493,0.00327112446121415,0.00493208204839267,0.0112925259586408,0.0201060124514862,0.010177042559566,0.023425470667424,0.00660103244419511,0.0202871663000156,0.0153578164067309,0.0101292278009177,0.00724495405014062,0.00337199215361309,0.0118970602724066,0.0222562240348529,0.00663025366402029,0.00537893759046892
C>A,TCC,0.00477070075187883,0.0100331889624057,0.00375250338035801,0.00822407870115735,0.01142990853367,0.020823412172189,0.00808446238422856,0.0108206350213215,0.00906034338233979,0.00311389883752823,0.00788271789051236,0.0124257446111168,0.00493927722977723,0.00366189062102941,0.00854533891957794,0.00431156354792245,0.00358315849347087,0.00285351940951008,0.00831202572096252,0.0142986547095185,0.0119415593421968,0.00294189648463562,0.0174037871103019,0.0151135453847353,0.0270944003505869,0.00814956525733802,0.00540636909139353,0.00885982229454098,0.0186914079281791,0.00428297559419888
C>A,TCG,0.0041595324106883,0.0082234403977247,0.00584799142900005,0.0132094159577242,0.0159157229434809,0.0116088735793846,0.00698384820873909,0.00302376019697348,0.0137931136332427,0.0137385025688633,0.00265722923984062,0.0197282893936413,0.0153909965480618,0.00584041394574526,0.00581704663831577,0.00511446318530865,0.00400614710502383,0.00541587477052389,0.00706624981922106,0.00809542710360185,0.0154932256719354,0.02228558955615,0.00948955615770516,0.00401072435043581,0.0198349994248153,0.0201298187730415,0.00872323735233971,0.0138872239443133,0.00909916486947917,0.00428611091177331
C>A,TCT,0.0231601295397218,0.00388440109095654,0.00702870838375713,0.0244654446552556,0.00562252493413604,0.0189559811287,0.00406141709939884,0.0141774835942102,0.0035673084895259,0.0183215004418349,0.0108835404034557,0.0031694927035219,0.00422616686878959,0.0229815450990966,0.0030167326037177,0.0193436242682364,0.00349717053614216,0.00750812378840481,0.00493718285779813,0.00450918250570171,0.0105540784645619,0.00419951226211778,0.00296050532204636,0.00668228429080293,0.00590269772648706,0.00305017062195548,0.0148297632391488,0.00316836181506697,0.00863871134030129,0.00292255094651573
C>G,ACA,0.00356884291362961,0.00898770379791231,0.00291262116431225,0.00918161653817068,0.0105412302458713,0.00699905685868071,0.0106404035113518,0.00296659217576152,0.00673945169462735,0.0103238459301945,0.00429260523400788,0.0194936113460078,0.00351713626325736,0.0126093879643302,0.00352375921291196,0.00326637547643626,0.00642314762851841,0.00506848527559611,0.0136495219829187,0.00413788425190588,0.0148938760083828,0.0160452624071372,0.00745867100111228,0.00377502914363624,0.0241076656874233,0.00398080535734129,0.0069385011518741,0.00786038421873103,0.0161426250940009,0.0260134541439724
C>G,ACC,0.00297753165196623,0.00495136496000632,0.0222923335832219,0.00645268225870865,0.00372762417682708,0.0224636329229298,0.00380683300050862,0.00261640335002747,0.00774323022013374,0.0233205548326723,0.0221010496536216,0.0123059638894195,0.0215590527333879,0.00355477142946101,0.00555545297222261,0.0105370368606668,0.0218173858625185,0.00480064787142105,0.00347678926272128,0.0195313506611863,0.00789259465652354,0.0173557138938955,0.0281987894278382,0.00929291465274792,0.00827111308455669,0.0134772681996933,0.0119753688238351,0.00400235680550565,0.00383342457877847,0.00805388308885454
C>G,ACG,0.00357421998161442,0.0028692923769847,0.0256277876495549,0.00634098914415417,0.00565296995301978,0.011164462546639,0.00561922531073175,0.0114698372073137,0.0213884932435088,0.00599305185390968,0.00907926560911367,0.0189382419145819,0.00666123434938984,0.00764785884894543,0.00569128289044147,0.0129950780935175,0.0119742961001709,0.00330388762405748,0.00394699945252851,0.00387406373794142,0.00657651928671919,0.0212190111850214,0.00656343117134826,0.0134919875694037,0.0120294406597751,0.0209688661579022,0.0246446380826925,0.00953947431951001,0.00437342582099896,0.00916462855823455
C>G,ACT,0.00392585579363195,0.00565454463682145,0.00296568210328383,0.00536138052980424,0.00748469257789625,0.00320518533033441,0.00305643924485656,0.0216265444341823,0.0114572895349065,0.00381260447633891,0.0145494649547289,0.00892017755822925,0.00995187767711833,0.00641996402303358,0.0049208035322291,0.00967723058873599,0.00776527777022508,0.00393892284612509,0.0202454845514835,0.00466147564655974,0.0187769991070057,0.0137640368388559,0.00563577737578447,0.0031539864663346,0.00308246252862885,0.0223360311242171,0.0128053250637569,0.0247911729457619,0.00492411412201896,0.0177674965194368
C>G,CCA,0.00757989336851383,0.00356256906518295,0.0146199527933727,0.0175589872146576,0.00919049587093774,0.00756792865463044,0.0122078718663406,0.0046232395316219,0.0104692996276369,0.0237390384608204,0.0217356822156195,0.0193749344203881,0.0078899976628671,0.00278038841541201,0.0171093411659727,0.0028044432810951,0.00628560828905749,0.00760325510762887,0.00513313463346309,0.00474447083061316,0.00377018608339546,0.0185165069131721,0.0102731250907164,0.0152845550616576,0.00279744333854399,0.0065077535010315,0.0087550950459415,0.0106857057341748,0.00440310019541987,0.00553992711255525
C>G,CCC,0.00310293561205143,0.0160931964160701,0.0231387149876171,0.0153758435335421,0.00870862414596379,0.00437227912959078,0.0188893788319236,0.0232153768522141,0.0254424712773919,0.0200415365964218,0.0213633284328248,0.00771818739379819,0.00429891742199619,0.0204482330397669,0.010406411683108,0.0025318706465522,0.00653348383231065,0.0102051050578346,0.0271447317163767,0.0067150808513532,0.0255562635643509,0.0208259531075717,0.0186764529220996,0.02049248894298,0.0256551540632793,0.00555442876267634,0.0113344227852065,0.0126364669233139,0.0144298510162346,0.0129141737568566
C>G,CCG,0.0231691098505741,0.0233358722166355,0.0162042847365101,0.00338815655641388,0.00831889957104263,0.00334715245299687,0.0192668195778289,0.00254154481841577,0.00675200802511151,0.0034781551833932,0.00845550797838906,0.00573951074065055,0.0126178476976014,0.011111582140908,0.00632772515138449,0.0214400915451207,0.008220000022931,0.00539489687698078,0.00432212050157619,0.00692607882796297,0.00697839073056704,0.00521700926141612,0.0219637129405676,0.00921387832472613,0.00483363612146699,0.0256941787986818,0.019766171833065,0.0135163885054198,0.0146279758133835,0.0192892578867384
C>G,CCT,0.0186025966222995,0.00576890108137132,0.00385921144356139,0.00787672271743355,0.0129927406986409,0.00407737077163337,0.00449775421996089,0.00949206624638436,0.00551326125135957,0.00309902182720981,0.0114841618169825,0.0117807962179323,0.0115097686254842,0.00833140799342246,0.00291164183637094,0.00437887691856528,0.0163298024827979,0.0168354810698068,0.00317561131882811,0.00263965029653216,0.0260827439916654,0.00665624768233842,0.00537723685899096,0.00601442693297606,0.00481168902346598,0.00269058343486016,0.00338458055655184,0.0260793365957561,0.0092190930501734,0.0255896860747919
C>G,GCA,0.0214706492028209,0.016317092305509,0.00422922638317012,0.00777106579164446,0.00391904787038437,0.0149676141483045,0.00559678249974578,0.00865423821674924,0.0043291498701399,0.0241804041533003,0.00762877085828969,0.0146241579881994,0.00833072725856679,0.0159420387033295,0.00291871636460943,0.0181640765925494,0.00815215824505081,0.00759927211499785,0.00852871246085751,0.00536468056624566,0.00838803338641151,0.00498192913387018,0.00869091049917652,0.0103597127971461,0.0125018286242012,0.019073705786745,0.0056565759961598,0.00281335698650094,0.0061300499960721,0.00514920362167156
C>G,GCC,0.0245446681796553,0.0198828212261218,0.011678018655591,0.0087437700107729,0.00275336703358652,0.00352655814369981,0.0134786514458509,0.013296187852936,0.0167148652790559,0.0036034789328734,0.0100442472074662,0.00384788533288549,0.00519382927816703,0.0213439311735636,0.0112270985866543,0.00588163781780632,0.00411562632496927,0.00989969292056959,0.00744586921580415,0.00262500011593781,0.00971922197147146,0.0107253580833678,0.0084543139146492,0.00264258793948826,0.0163676164854282,0.00339995053215316,0.00329998094421184,0.00308920322416424,0.0180073176233851,0.00343077854916351
C>G,GCG,0.0243954629345719,0.00850228243912246,0.00952710785820352,0.00384213005585764,0.022765625848029,0.00746712462177185,0.0258615363478698,0.00975140754389741,0.00456888600562175,0.00510259610378292,0.00571823068997657,0.00414012934212399,0.0139960665064215,0.0222313520068564,0.00663570304028635,0.0173153653006017,0.00469222676445959,0.00963767717120182,0.00895501999250564,0.0145134966938283,0.003357484172178,0.0072221373917509,0.00391843235524591,0.0131852574043968,0.0121208390425125,0.00445734304364963,0.0163823720492173,0.0170372172173676,0.00590965438466823,0.00979456727474867
C>G,GCT,0.00989637167445585,0.00535941528555359,0.015612071934339,0.00965722712385325,0.00582480787512404,0.015071498587351,0.0059905890170109,0.00518476073029057,0.00362253140836847,0.00847595170313939,0.0036887972104033,0.00633837886605553,0.022161115161864,0.00305621367197218,0.0154066815252669,0.00891992010881899,0.0247560355633667,0.00290522195856877,0.00404817191264566,0.0132768956864249,0.00273441917141972,0.00299101045914383,0.00534045395751943,0.00579777827584332,0.00585017751043456,0.0146065759223861,0.00970810543612519,0.00378821346878528,0.0104920131024186,0.0155819255552085
C>G,TCA,0.0132125844898015,0.00402891297957787,0.00847480342547041,0.0145566919461237,0.0107465246376016,0.0109034484335236,0.00296786058248004,0.0218511536538558,0.00286184393772685,0.0094019861924923,0.00459452623029029,0.0128276690615008,0.0161910199013561,0.005322182541821,0.0119771668304011,0.0244245786584184,0.0134644500549271,0.0230774140536154,0.0124087213096181,0.00567988761876756,0.0147301659216682,0.0126952864099399,0.0217548859442495,0.00693515178004081,0.0117091544138104,0.0141649394343825,0.00307450397756626,0.00368147259696055,0.0102945315489943,0.0261584457239447
C>G,TCC,0.0155173361928841,0.00298364466247189,0.00400280429302597,0.00643756522665438,0.00381640851264944,0.00366185392568921,0.00335378936626076,0.0134109651832648,0.00443926521681879,0.00413697118645462,0.0249312395710395,0.00698698113773183,0.022464115841788,0.00398033709643833,0.00415255849813732,0.0249061446469525,0.00562436520920967,0.00684921829993471,0.0162091581132834,0.00944426058929102,0.014402566618261,0.00837150651447663,0.00331004708899369,0.0114050661512335,0.0191025019277275,0.00867338189082839,0.0262987050075115,0.00433417447026369,0.0114888983709542,0.00354907115528268
C>G,TCG,0.0034710545414869,0.00511986627567988,0.0109778573897995,0.0142086173910888,0.012804355580188,0.00580195096809752,0.00838857581438222,0.0101194405325269,0.00820930986538127,0.0241413476148203,0.0142151049431463,0.00940735488818854,0.00374268595826101,0.0152855837885245,0.011279426550784,0.0238292892438044,0.00287117897559571,0.00291956898731804,0.00353052653877664,0.00777147580361745,0.0200172571359519,0.00737393214787017,0.0152453460612477,0.00793373715063257,0.0104730565181874,0.0028232439124776,0.0129193375236404,0.00890954229864687,0.0248966152416287,0.0142486254643992
C>G,TCT,0.0186634344513458,0.00634145666689059,0.0162227452037339,0.00293489477470166,0.00327386791494244,0.0256420764186655,0.00767381792887816,0.0230060304120439,0.00922419077095772,0.0216644908837814,0.00589902487981836,0.00337320449474642,0.0073269029301048,0.00246584671992736,0.0241031586785648,0.0025681753493663,0.00451492164581365,0.0167156278503466,0.0231640235398336,0.0169648414856272,0.00662751496960293,0.0243471909541042,0.00346414256087324,0.0153850650893865,0.00329838806185056,0.0248412610335062,0.0213524063250757,0.0193091701499448,0.00788770576457138,0.00669647797905078
C>T,ACA,0.0207276058564731,0.0119988202919135,0.011269316085084,0.00295727115735218,0.00454013817973092,0.00498662683095168,0.00406489145353175,0.0206100849899897,0.00302519064883341,0.00792459479632805,0.00351184147391831,0.0117728745488092,0.00588022725497616,0.0189221084447365,0.0123941784369944,0.00572275414711772,0.00297014875808744,0.00494191014852221,0.0104719715800316,0.010826534217325,0.0216173014684622,0.0170462149245572,0.00860580546929327,0.0222304804182036,0.00488776457203402,0.0237967791700032,0.00542561025041521,0.00616822621253259,0.0147192115451716,0.00281787077968054
C>T,ACC,0.00316689525775156,0.0215399884724545,0.0164072410959918,0.0107752072516522,0.0103609790408696,0.0250567776968386,0.00906976196825993,0.00462420495840651,0.00804050831216595,0.00475178564921138,0.0103480516815059,0.00437442568830892,0.0049858273475973,0.014583424772732,0.00553562490927035,0.00352798885397059,0.010665897359484,0.00673678597756035,0.00655037008320935,0.00308090307584127,0.0031207130842206,0.0224621241174,0.00314982522025471,0.0150833211705728,0.00462996239751225,0.0126736393265809,0.00608758339898927,0.0207280829999353,0.0135373495707512,0.00615658316620784
C>T,ACG,0.00939563211631949,0.0058769576044731,0.0115590558291813,0.0147703815904334,0.0248482401093279,0.00746488732234972,0.00340910775430682,0.01768038069749,0.0205037414844348,0.00335765713426879,0.0100607428983635,0.0163542380035945,0.00820740067636052,0.00572761693900087,0.0126925669413531,0.00544113282778328,0.00347004407898121,0.00484778908945714,0.0047077380814585,0.0227359185736455,0.00358587928349794,0.0081939031103218,0.00564679919966581,0.00560655763502151,0.0162587105274865,0.00392784332444863,0.0206486312935354,0.0139592144132776,0.0159045363887956,0.00430246116770235
C>T,ACT,0.0105269207546537,0.0209587441748578,0.0156564187146089,0.0154589299759453,0.0196490463276652,0.017891681763002,0.00627926283559643,0.00517589866333434,0.00755143486878535,0.0116309867952216,0.00786660547330821,0.00399190314774451,0.00387148554396203,0.00314158339638387,0.00942702136948964,0.00690361295549036,0.0149857851138238,0.00451491069200012,0.0141894471310789,0.00956811815913305,0.00270948489673954,0.00793533549544374,0.0135367913291848,0.00263778913979903,0.0056091999848686,0.0160113945509751,0.00342142567343062,0.0142753594150566,0.0034420343642136,0.00506777453112311
C>T,CCA,0.00561098042627689,0.0108213778767149,0.00693447367054536,0.00538057356855928,0.00300015877337831,0.0034539018342367,0.0137728343281086,0.0048731364065378,0.0234622430163177,0.011286040603708,0.0109083212672775,0.0172122501102074,0.0130439128600666,0.00354683051195207,0.0176508244631289,0.00297440408698769,0.00804742647147024,0.0199576423926577,0.00865113389060378,0.00710143933246148,0.00344251595281739,0.00309204621616383,0.00655713524970547,0.00939095824800559,0.00906998239768438,0.0215925396419008,0.0191497183953367,0.0054155502804966,0.00620975740692121,0.02288526530673
C>T,CCC,0.0138124690765635,0.0146931394799953,0.00720129293799897,0.0266029433457701,0.0107946441813417,0.00459637922284931,0.0259600972618162,0.00407875439053572,0.0103504822479132,0.0128373422532783,0.0139784440620401,0.00344740917850289,0.00459700487286189,0.013107793189887,0.00535720778062601,0.00558567065447778,0.00593326631028934,0.00737043862780653,0.00531713477372895,0.00696257055769566,0.00314979501521681,0.00701683045451738,0.00584439530262821,0.0064843812220533,0.00756611363425374,0.00519471910339329,0.00615807472341251,0.0141314625973528,0.0185807420565567,0.00896291694433627
C>T,CCG,0.0186110273722791,0.0160871445151324,0.0216962430188798,0.00747216148936573,0.00584467252990458,0.0133235037533385,0.00936112710235541,0.0074670898648446,0.0188463954292507,0.0260808456089617,0.0196700149404912,0.0134338928797745,0.0242112400692037,0.0165021968838201,0.00503569483773815,0.00744859479088736,0.0212517829872247,0.0114795822615692,0.0046440472058983,0.00507809700274706,0.0164319305269782,0.0031804716518806,0.0147975443148505,0.00367355361011368,0.00323239885374076,0.00328601830045253,0.00333343102602596,0.0130863825800554,0.00379381658411035,0.00302304666426726
C>T,CCT,0.00589250769605837,0.0150929089871904,0.00370938163119013,0.0214762890291048,0.0105668149088627,0.0250398723529495,0.0102172776062925,0.00239834817249209,0.0061452778364791,0.00659475537512328,0.00789714239219173,0.00248274486282052,0.00900090696814143,0.0174312209294334,0.00907849125214581,0.0041597127015522,0.00419946632023266,0.0108140071247264,0.00848157691946008,0.0156163665027444,0.0109811736371479,0.00362280954661307,0.00390945098558603,0.0144378039152331,0.02677544335885,0.0048460326778721,0.00619310306784743,0.0155374020394488,0.0122224262453535,0.0131307285451225
C>T,GCA,0.00529741596117743,0.0152778527159041,0.00643897784482468,0.0152189214434102,0.0259684668600168,0.00346863844954512,0.0267275293477064,0.0185120934748906,0.0254331781173705,0.0134653364109068,0.00574478582024445,0.0083206392047344,0.0038643386782096,0.00782878073226795,0.00387356993768438,0.0100007090043618,0.00988442556445644,0.00268778801495869,0.0245694894154489,0.0112002646387571,0.0216627482273543,0.0163394667173179,0.00353053630695502,0.00476332447555788,0.00891907811917338,0.0191226688899699,0.0173470307477586,0.0226615937366057,0.00436149461453019,0.00483577188002947
C>T,GCC,0.0188899612750316,0.00409526336363883,0.0139152837351093,0.0245335307527936,0.0229829020109774,0.0196515312742734,0.00412613016338884,0.0106329655698512,0.0170068838255482,0.00318668038447494,0.00279257748323254,0.0222647099853654,0.0234461642360467,0.00724657737697287,0.0200344648323531,0.00511411695471573,0.0163254099057856,0.021674546646365,0.00291504454398181,0.00501118827187629,0.00670685261943604,0.0192559628884431,0.0220747001165338,0.0250782800528512,0.00710087182577813,0.00591200265961244,0.00692341808018275,0.00586060161550131,0.00311345939960026,0.0111096263243391
C>T,GCG,0.0161740486720462,0.00395668181538844,0.00561527464912485,0.00790216449755625,0.0182473138934165,0.0103539228613571,0.0123066063096009,0.00501626386658398,0.0196686521772554,0.00541155814416489,0.00288642376085846,0.00859522288454957,0.0205892634032861,0.00297866901226966,0.00682463134158308,0.00323617148806198,0.0171138557309008,0.0175218254167771,0.00318157458341807,0.0115376331195054,0.00624940534741897,0.00545849362743665,0.00928122063938399,0.00631172772498958,0.00598429501137446,0.0123222125812016,0.0111179972946527,0.00458495594498436,0.0072556685233839,0.013714742511407
C>T,GCT,0.00372219813196209,0.00987521867939296,0.0249459913045685,0.00688016237522956,0.00809805367160418,0.0212100529448821,0.00406759590747196,0.00910064821856798,0.0107747672178157,0.00718147570416652,0.0153193138385983,0.00763670046965248,0.0116290184999541,0.00536030352559596,0.0151285043506958,0.0127338676125985,0.0140531362642819,0.0241145119970374,0.00680522552823807,0.0145152087329563,0.00532631021129707,0.00493268969827721,0.00301892111038854,0.00366166342972988,0.0198384956121531,0.0065106940131183,0.00341717751463633,0.00750209799507468,0.0199929024516964,0.0114693353203378
C>T,TCA,0.0178403530312776,0.00333970652026874,0.0122278708290581,0.0051593641373232,0.0090268775101919,0.00607500555295133,0.0225149269002316,0.00895466803198906,0.00275001658241246,0.0033450504370967,0.00346404236139099,0.00615875800602098,0.0248381871225494,0.00309643544920558,0.00981053502428252,0.0039405926051118,0.00556625524609681,0.0163719753545921,0.00685214045440461,0.00383632237116647,0.0032427688301988,0.0155611365059047,0.00900576074063544,0.0236511917255778,0.00339303958482775,0.012846944745726,0.00836933249262814,0.00303511128103971,0.0148474219968221,0.0255713425454356
C>T,TCC,0.0128206580940597,0.00611316330150075,0.022273168606401,0.0147450334176755,0.00282930492534823,0.00570603996572055,0.00520644990839727,0.00723893508528722,0.0137525681620607,0.00976141379092815,0.00503909380779114,0.00827460676065609,0.00722383708542616,0.0024328141246575,0.0104710986350066,0.00696079797490769,0.00453743877089695,0.0243148008870649,0.00298458437873326,0.0142076081966012,0.00439483037431093,0.00440456307565002,0.00431755339079282,0.00462104683586067,0.0163747282464223,0.0077724332620036,0.0102746314531596,0.010537657542532,0.0278480732518532,0.00721090226414848
C>T,TCG,0.0203682431266542,0.00340034457817631,0.00410493537681105,0.00618267292066873,0.00409709236298509,0.0206365174417413,0.00648547017432854,0.0226865782493071,0.0128154014110404,0.0042556517815392,0.0153377363380942,0.00393606288303803,0.00768563733563805,0.0209614326489878,0.0197196645265206,0.0153295353551184,0.00303890506201082,0.0109879089955984,0.00757332152809491,0.00493050341663211,0.0151656442863433,0.0192584868469264,0.0244807594266146,0.00330001172662956,0.0126766436781571,0.00474147096622682,0.00288096096484146,0.00332639652911647,0.00950930266363106,0.0050254150088675
C>T,TCT,0.00353032137285833,0.00531430551055393,0.00575226709609932,0.00364806275402652,0.00643548462952529,0.00620970158499034,0.0134644273599225,0.0073651129336741,0.0198265890656856,0.0181491272383517,0.00938861998578426,0.0199822062289383,0.0208657353969667,0.00391869808526931,0.0141439821491442,0.00478934658937018,0.00641587742217865,0.0110307788920861,0.0226237059040661,0.0206735799784541,0.00656855315914427,0.00622426330808675,0.0225767187972268,0.00466068482564656,0.00367718608607258,0.0129937547283384,0.0052943344689454,0.00476614388389329,0.00469754725528194,0.00536081498056528
T>A,ATA,0.00265419704917248,0.0162424407393247,0.00523932873158824,0.00323143951569942,0.00315717767869071,0.00541905031740859,0.00504080167283149,0.00557458487681322,0.0050191594943164,0.0263190982563088,0.0219099719947661,0.00413797175891443,0.00446955661930846,0.0180512051740218,0.0155831823676801,0.014848312953499,0.0039039906855576,0.00496507964049504,0.00920714222418567,0.0191404001950455,0.00522816466849977,0.00444461562726884,0.00358098030279879,0.00604694982227492,0.00821799555793397,0.012548791786127,0.0115155018945478,0.00537154461548082,0.00325118426312685,0.00371122243341868
T>A,ATC,0.0144177696139666,0.0263530967464534,0.00304537045252359,0.0099847761592538,0.0102098239863421,0.00985121525851138,0.0175853235761436,0.00702308533616271,0.0228542335074388,0.014483308504431,0.00423595547014044,0.00686361303159224,0.00734707949516654,0.0178703293320358,0.00328348200424145,0.00840222504791581,0.00717944706447929,0.0132492077851119,0.00610995452280696,0.00456202356800123,0.00298784733583724,0.00487400000493451,0.0201452375153038,0.0141587418488227,0.0103607034436477,0.0180025524418569,0.0200905833661738,0.0183836897367892,0.00745004813867693,0.00857927369857154
T>A,ATG,0.012105340577957,0.00327447258468305,0.00969886906970149,0.00351031766071957,0.00274676489608536,0.023215673509056,0.0160358834551991,0.0212730725635748,0.00655155251992779,0.00300744156920217,0.00279028411495885,0.0244516926975938,0.0059818918790217,0.00528228375111204,0.00607340144260906,0.019104564616377,0.0228271165601653,0.0222447980815014,0.0216995622483226,0.00407935204475732,0.00727941189822364,0.00861111386467637,0.0197071364301316,0.0116323290042752,0.0170989165718665,0.00779646406463508,0.00326543949735992,0.0167655235145259,0.0266814065639865,0.0204137535322873
T>A,ATT,0.00600531712312412,0.0108841293449008,0.00318982426037297,0.00985424808343905,0.0120733434062529,0.00835939253411325,0.0107039816854395,0.0165685646945249,0.018069658254771,0.00594865575219576,0.00411327992965471,0.0025454507630862,0.00360947430159191,0.0119930847659856,0.00468703363557784,0.0120416439349665,0.00276232028015625,0.0120649596526824,0.0198538098388019,0.00363121934043731,0.0211738264178142,0.00330047484105655,0.00402905804076052,0.0122191486485703,0.0037337170196387,0.00365714057143293,0.0104500172438178,0.0100262215755496,0.00329333399689262,0.0250832918826705
T>A,CTA,0.00757234377962959,0.00325788230803741,0.00558349582883653,0.0212980447738149,0.0181761503707298,0.00539786111792954,0.0229245153728727,0.0066926022407811,0.0229820453558433,0.00273526549050142,0.0107654640261749,0.00860861539255077,0.0184037525699068,0.00441420451225825,0.0119277855130909,0.0218662009368156,0.0151617915417739,0.0142074523654202,0.00870128237890616,0.00298530188168775,0.00911586600176648,0.00327494939720452,0.0107327192483714,0.00388617990358587,0.0249089777239164,0.00358150629530071,0.0226974668867766,0.00293852390718211,0.00378693522341711,0.0158659927652144
T>A,CTC,0.0151291543076321,0.0262129790450127,0.0066996923508905,0.0140996494396135,0.00813657802471747,0.0108443479515447,0.0124034106941443,0.0102380323794029,0.0051015250589348,0.0174322117772632,0.00576005603098082,0.00273125423831741,0.00832060320717335,0.00614562654077449,0.0215831411076515,0.0210191303962498,0.0160588749057925,0.0029561263014196,0.00392792567224114,0.0114099709356688,0.00907643424486345,0.00515922241422412,0.00372560131620958,0.00879929395498687,0.00864052235443169,0.00887721933429656,0.00373024699058571,0.0085403618341051,0.0147381603643119,0.0188126513082534
T>A,CTG,0.00476934481923305,0.00637639852857866,0.003505672855377,0.00753069206877948,0.025535671477769,0.0219017416602827,0.0116883713548791,0.00620817365628085,0.00525420017934519,0.0244253198633095,0.0046634150348344,0.0043879592921006,0.0233606869373649,0.00553240925029138,0.00368114584467091,0.0154979075113475,0.0217938535652286,0.00301650491617569,0.0232476506892331,0.00512450910389991,0.00500236548520912,0.021933642660001,0.00758450249726066,0.00834328503014375,0.0111204142827635,0.0252737918821904,0.00888342019203756,0.00422748142856404,0.0052945466371105,0.00606504577914671
T>A,CTT,0.014061011864051,0.00678034511415529,0.00564379802787792,0.0180499249061732,0.0172099453471643,0.00433555853715606,0.00288091757393088,0.00828433376660865,0.00322489170408789,0.00422780474928741,0.0210044308350373,0.00565385120207997,0.00385428612880785,0.00316350658543916,0.00387123140942194,0.0117988065226326,0.00322027986929852,0.0111020197792867,0.0125391114543723,0.0163626105544483,0.0228811889224525,0.0024864312743039,0.00746759753442686,0.00567039552826456,0.0106915344196664,0.00804058265230559,0.0225347346184892,0.00487283721164113,0.00354407199948737,0.0123317532977517
T>A,GTA,0.00363672499712181,0.00487825445575481,0.00276386913660998,0.0211693356445087,0.0152715543698783,0.00640078457791495,0.00755876071576946,0.00622866042630277,0.00596919319797889,0.0153337954884919,0.0212010152533692,0.00565755522730953,0.0108942053521792,0.00726068071211768,0.00489800997881015,0.00258560253047933,0.00463037304333244,0.0196438144702284,0.00604296318259453,0.0232407874498252,0.00359543583738611,0.00338717543563271,0.0111979483437003,0.0093052732219863,0.00902191996480379,0.0188445032240899,0.00921693046020869,0.00788952963541336,0.00292617785591795,0.010618595542117
T>A,GTC,0.00533184486650745,0.0148577889910119,0.0150274771534034,0.0114557982657874,0.0261527312539944,0.00306627246473576,0.00426854686828737,0.0029981895745551,0.00415749945004261,0.00333614060552717,0.0251085436733009,0.018117736234407,0.0111585796405996,0.0058792773176412,0.00324982325669866,0.0126635859361305,0.0162024625388371,0.0104598642030802,0.0107299415762635,0.0139690553464417,0.00740826533144134,0.0238131408261742,0.0139839600612313,0.0192851338055531,0.0128321264144208,0.0165557327489354,0.00353806160195961,0.00556257918943342,0.0123187788880832,0.013724547359847
T>A,GTG,0.00416303492350562,0.00351075270123814,0.00758424943886266,0.0119999846214816,0.0135780114448013,0.00471101746228245,0.00652656077144791,0.0030958476955644,0.00710398458309986,0.0192620996710003,0.00429610009462356,0.0117640310955367,0.0105531907159982,0.0207925409855267,0.0271649570435525,0.0127846434946543,0.00314173031031962,0.0091595967523732,0.00416880376204837,0.0135865734263244,0.00737605825483094,0.00402653204286959,0.00347823923289088,0.00531435989455321,0.020478260303639,0.00447575147071897,0.00287297695487417,0.00490219831986034,0.00485061590230491,0.00681660925304335
T>A,GTT,0.00880015856624228,0.00502673530552512,0.00340553010305496,0.00311290232209386,0.012846899793368,0.00827655631952143,0.0128738812637236,0.00747092857421081,0.0129919879375504,0.00961305185575771,0.00851350297790079,0.0165896579355024,0.00465184914128144,0.00259047763192687,0.00601181638220924,0.00761008533590738,0.00591407903633516,0.00873951814936667,0.00973173717145965,0.0150186072712787,0.0169636698696467,0.00407064098025713,0.00793006017384724,0.0154284616970577,0.00330146100745153,0.0173128225430236,0.00856803240093938,0.00370960261622177,0.00481824930924688,0.0247073416131989
T>A,TTA,0.0156510638539037,0.00463812772086382,0.00903378887554114,0.0036734135487273,0.0166969482264925,0.0171378597183397,0.0138039084070026,0.0025261785928949,0.0111135648413409,0.0174952100916961,0.0187318846248478,0.00668570507972311,0.0117224028573856,0.0171078936258307,0.00549580305821765,0.0183790974574684,0.023418805976283,0.0185735414952154,0.0107306894674185,0.0141681006644891,0.00492723151269165,0.0113116698877919,0.00590656853262147,0.0201113093266568,0.00337996907796743,0.0266353912864494,0.00267257133813865,0.0178296244922691,0.0241370385993724,0.0179071361538031
T>A,TTC,0.0181402878615183,0.00502138143511145,0.0198415127515377,0.00524386234875613,0.0108665573109701,0.00463482458305603,0.0181882619621831,0.00731759600039549,0.0190879164403829,0.0209298182284513,0.00879526897868498,0.021794897405053,0.00463433981411377,0.0227751089747493,0.0205444062503402,0.00260028362133019,0.0052082809447197,0.0150593085515404,0.00979978648788808,0.0125299779626438,0.00457150133104111,0.00324524175017196,0.00776668964707905,0.00406940857908198,0.0057617853236119,0.00508538445214886,0.0066072091707727,0.0250595377230241,0.0140660894259006,0.0139305579386042
T>A,TTG,0.00636266188318831,0.0053575704630814,0.00293313087463108,0.0112921075956664,0.00298547285970773,0.00335480432215256,0.0180292818453908,0.0106960703326871,0.00354040512199802,0.0165885807539461,0.0037306880651625,0.0242232584797741,0.0220019431745518,0.00330050470656249,0.0164888754505548,0.023661385010911,0.0264943746317442,0.0119020519236372,0.0162949651351054,0.0109311920315454,0.0119018393506334,0.00420492823459294,0.00788670531239202,0.0133695138040858,0.00425925443168352,0.00674486377620909,0.0123920270718254,0.0125219896242093,0.00783503194545687,0.00517208599069545
T>A,TTT,0.0028167636116309,0.00633128360303778,0.0061340542156378,0.0156177777292543,0.0267283268243355,0.0228356428119227,0.00642265159002722,0.00310300265349418,0.0141131824505006,0.00398693453828875,0.0041435012006288,0.00559144783815337,0.0226864404270527,0.0105725385475053,0.0183051399729789,0.0157341301015154,0.0105945941796405,0.0148081552064366,0.00512309670151435,0.00503843737800524,0.0188033034323778,0.0126480284014645,0.00478350433205841,0.0219691785238611,0.00406236975168896,0.0156578547341472,0.0255653821112893,0.00554659860732845,0.00467611485686352,0.0160123618622843
T>C,ATA,0.00288655371137648,0.0259657600561886,0.00372106042174699,0.0111745074596896,0.0242121036708375,0.0101669729718705,0.0103870341774753,0.0108033988398752,0.0119872931388553,0.00429207934969702,0.0030621349765615,0.0140065007179344,0.0130263936315695,0.0108758494941454,0.0213181040947203,0.00311869827996223,0.0237024600745962,0.0168575249447018,0.0100386587805578,0.00665282231978698,0.00530801825295261,0.00513947443073209,0.00686524714064623,0.00348979733264265,0.0049975917383918,0.00401696758486503,0.00803717308143338,0.0199536671726,0.012282758317063,0.00340261153382029
T>C,ATC,0.0193769912405691,0.010377211433424,0.0180465013351042,0.0027799874678623,0.0247892138764037,0.00306161327095606,0.012331693933569,0.021488504214743,0.00428740224878422,0.00447147292929203,0.00919360382660703,0.00955356275524994,0.0102733545632533,0.0217498255616235,0.0172637551984103,0.0123280250002657,0.00405652216415642,0.00413046367733359,0.00665513130153594,0.00525235289350643,0.00964871738566562,0.0185698581646813,0.012413064680313,0.0121830075388032,0.0257156041636088,0.0182467791911724,0.00695025196580763,0.0232273264955558,0.00625248134914146,0.00680135336875516
T>C,ATG,0.00912063076958557,0.00928688421250424,0.00870114116674914,0.015119834798607,0.0137995644964093,0.0065577271705,0.00600665881687773,0.00271426624139803,0.00275025397700731,0.0110052419199305,0.021885599612636,0.00752268594742384,0.00635553498904976,0.00464917396321703,0.0210018320544722,0.0156612418269767,0.0207719676393503,0.00459867241183235,0.0160944893854613,0.00467448771298666,0.00271964585194939,0.00325649054647368,0.00345856785355927,0.00337311429316473,0.0142773561751118,0.00305149563742312,0.0234829815991909,0.00343947322410353,0.00680674698730937,0.00476941460632773
T>C,ATT,0.0232919722207983,0.00872526121445436,0.0241223998084644,0.01344026833582,0.0034979064050985,0.00684426538209985,0.00969515838797844,0.0103242161902256,0.00365428233179925,0.00327042535092088,0.00649977852406625,0.0211882709283983,0.0113027915541865,0.0131852064207268,0.00594599369190691,0.00267556239477941,0.00278801226349872,0.00470189920436453,0.00351693438104603,0.0150640766631138,0.00577915352514138,0.0202286316117936,0.0152221036500158,0.00560710517922996,0.00714509199579019,0.00737521078469656,0.00442334677008771,0.00806330361503996,0.00838382535543689,0.0070832099392706
T>C,CTA,0.00956099020593321,0.0222469875613481,0.0153363852606325,0.00303693162624789,0.0240533317563222,0.00854696844173586,0.0145945215287812,0.0222608535887036,0.0244517884524886,0.00279049707077412,0.00393873926491902,0.0104479286251378,0.00343513126773854,0.0140450498175722,0.00284682680577328,0.00647077998915883,0.0124058709592599,0.00267414699236562,0.0155567318405274,0.00580226223053657,0.00443272303948397,0.00286075955843209,0.0140759766191583,0.0118622670248788,0.00290554169595775,0.0112359301423442,0.00268783528032396,0.00309208710773521,0.00537015510726785,0.00387326522055144
T>C,CTC,0.017961050518038,0.00799534151472372,0.00765278731941353,0.00381822586590031,0.00904375341029706,0.0180473174174116,0.00399231297928391,0.00446760115127431,0.0113535289786909,0.0124438812355659,0.0077276058266807,0.00872217672220762,0.00553938340623818,0.00733786734917464,0.00466864021966315,0.0087663224666092,0.00444748478611184,0.00985212663019867,0.0105424293312704,0.0244636869227566,0.00486303644051571,0.00600871274003272,0.00322505384138506,0.0250125217820317,0.00934122541501522,0.00989359938851031,0.00647934391734589,0.016404718034394,0.00405013915064856,0.0053824403188484
T>C,CTG,0.00614279379242731,0.00729038647004376,0.0121536705099821,0.00478574858490499,0.00301150816257441,0.00587614625478729,0.00284902806631352,0.0162417644958944,0.00684848685144166,0.00299169232408855,0.00618112942866254,0.00601795855644275,0.00944064497426162,0.00460479046069239,0.0066194425613076,0.0242051201400736,0.00575323338322487,0.00275297644686312,0.00938104270513829,0.0161262040459177,0.0248791479721281,0.00552503921438174,0.0239585005750385,0.0114534945874157,0.00671516664950304,0.0212056038038722,0.00907355298435158,0.00770099651093721,0.00463436259180969,0.0171848729894513
T>C,CTT,0.00283483145539567,0.0267316387331798,0.0123096406970908,0.00364846648673222,0.0143591684994731,0.00562001638821981,0.0166840853978859,0.00543771876594152,0.015206401772289,0.0263350592256872,0.00795003636464571,0.00631828118625484,0.00408833998134132,0.0149440234335281,0.00601622543740908,0.002966061075711,0.00452726310288433,0.00955390706876526,0.00708482801594802,0.00287761302904624,0.0233329073213223,0.0176302578301131,0.012988382362982,0.00702710487353137,0.00940369383723003,0.0191295418704001,0.0028155477177586,0.00579920271372852,0.00466765871873874,0.00305913309879906
T>C,GTA,0.00302544657806761,0.0033049498608892,0.0155455557382401,0.0086348470151362,0.00302637140833921,0.00949797213660812,0.0145516821479048,0.00420986275630465,0.0046129560311717,0.019472998570897,0.00619347484776854,0.0218769817805647,0.00451171662536258,0.02286596243504,0.0170343834442782,0.00764863683733351,0.0120895191854139,0.00353831997794001,0.0144944819413266,0.00706824069463969,0.00274583811821838,0.00888507114747841,0.00553003427134345,0.0162307446419367,0.00300963469187872,0.0224074935219487,0.00825279343592025,0.00764666694569148,0.00752166993681776,0.00269341393697684
T>C,GTC,0.00692360704052624,0.0123812436289139,0.00663038911227513,0.00368498479321941,0.0117310823609836,0.0065687275969752,0.0246627671189079,0.00529699784145791,0.0122987460498729,0.0065856887823603,0.0228865147763154,0.00990077971218063,0.00308765865989482,0.0225390228058382,0.00641707256703744,0.011405031757291,0.0187531391466251,0.0243208185287271,0.00940748193122812,0.0102649247179304,0.0208263613399677,0.010759624452689,0.00447112805306191,0.00842072094085494,0.00383921200423606,0.0116166929497588,0.0119290589120897,0.00405501176862824,0.0106072626807168,0.00400277304968224
T>C,GTG,0.00284141476909615,0.0159024181279572,0.0166825348043468,0.00368290362260908,0.00871332170349852,0.00724341709976178,0.0039885690392452,0.0094045823750744,0.00356324485799808,0.00338472074619926,0.0137664272716247,0.00546113029212926,0.00517981617727484,0.0224588835310233,0.00535633925805557,0.0152002751936389,0.00464394277964777,0.00405452951243109,0.00464280531481995,0.00411356814769803,0.0231673639617849,0.00251386592040174,0.00444567026913356,0.00320320821471075,0.00398443332765209,0.00442228952730847,0.00882323936333794,0.00298571342650867,0.00590346524489627,0.0179955602142651
T>C,GTT,0.00376759833100017,0.023146538924349,0.00417896457166714,0.00543368301366987,0.00784562129315939,0.0117756419493715,0.0101352970632121,0.00877834482758345,0.0105205998212482,0.00368629577868723,0.0115342363883044,0.00252021390635468,0.022258758990863,0.00682127988615737,0.0186771287165395,0.00600769910045843,0.0135073776697397,0.00780770556790003,0.0107866464515869,0.00784739799870096,0.00689547154150996,0.00446418233611948,0.0196086181145286,0.0136102921002181,0.0198641324643693,0.00663438737205943,0.0026453321520107,0.00992380451296143,0.02075147597109,0.00498995506517964
T>C,TTA,0.00415399164391217,0.0167957396909548,0.00368504227542909,0.0250967539825019,0.00990687528081529,0.00804858630024019,0.0132190238198504,0.022450879719303,0.0147865973393505,0.00575314098571874,0.0123397445636012,0.00345033907295109,0.00855309662294911,0.0195976569163251,0.00385948564191443,0.00519338120362995,0.0227504478622561,0.00344228010112136,0.0056085508769337,0.0245755710265289,0.00568612846138914,0.00367021644159918,0.0102150970993005,0.00511585247278888,0.0132022337109947,0.00399570621773755,0.0195058064815505,0.00609627701820093,0.0162989061393509,0.0112227493128272
T>C,TTC,0.00746887187954834,0.0140725164500969,0.0111461783633134,0.0210673421942305,0.0142375129050265,0.0242339712317419,0.0101604805825631,0.0110602089992654,0.00352807113661414,0.00502800492144979,0.0158263752755429,0.0224125092631643,0.00352736556979851,0.00312861749920459,0.0035433819130627,0.0146273551954382,0.0224134873627304,0.0226897759394463,0.00717871505559715,0.0236861110178612,0.0258488134407174,0.00909569495598514,0.00657287529904553,0.00257356891085572,0.00868625368998901,0.00933889611401047,0.00350059694653103,0.0138566127178983,0.0245849986332226,0.0028590285684582
T>C,TTG,0.00302188278955418,0.00864835145055019,0.00637151057373116,0.00415770880391189,0.0145387345957037,0.00477388101086634,0.0209612656179863,0.00740452872271823,0.0133991662867763,0.00492052452492378,0.00484624466961499,0.0133513782823269,0.0106514105368162,0.0122409618874276,0.00976934774389772,0.00318164786834925,0.00302219269553233,0.00287012721353057,0.0176873805252099,0.00386610461914667,0.00653787786444734,0.00252906828518768,0.0133202441304212,0.0168687712384148,0.0115150511754652,0.0223605738100468,0.0142089848938246,0.00841550408782999,0.0138378144470811,0.0116676690593689
T>C,TTT,0.0121749464644342,0.0270308404565761,0.0259728426753093,0.00660914065893432,0.00483065026550993,0.0224028508582351,0.00951745783340992,0.0207534474245308,0.0060035265008298,0.00690824669330073,0.00700618553084442,0.00397288523797827,0.00584942128093476,0.0100319062144247,0.0121217302091912,0.00539736847599951,0.011286941970287,0.00270427398958828,0.0241708414058369,0.00805719972369972,0.0063459621185805,0.0200041763654916,0.00848688267151278,0.00782407844614047,0.00333290248873011,0.00348635985724474,0.012509903549076,0.0067425929707204,0.014294925511146,0.00331423383389965
T>G,ATA,0.00435999319771395,0.00542592303617614,0.00617482738213288,0.00372497829212892,0.00423440581917223,0.00495263201341784,0.00289341447911018,0.00999676524048644,0.0155125546330069,0.0195047713875283,0.0162780163162211,0.0226588979228693,0.00269920203912971,0.0186662996584824,0.024767630730664,0.00560400147694005,0.00478912375538896,0.0159779549076321,0.014258170999337,0.00625147472723203,0.0152058688545869,0.0113555474260029,0.026134384139767,0.0102625698183666,0.0111242382311008,0.00425662225070933,0.0089559722214148,0.00613584532874189,0.00692962600515618,0.0129453097197675
T>G,ATC,0.00892234589971628,0.00554528741390212,0.0109744381662445,0.025872986044201,0.00881109303051398,0.0063475913264629,0.0146944351054279,0.00397939410171908,0.0106768713838576,0.00344004067373186,0.0234012575766656,0.00436412658393145,0.0028639233871674,0.00280474862415811,0.0128981945452026,0.0136213166939294,0.00633494543010694,0.00818678573867103,0.00832327311937964,0.0212120673818896,0.011541727491304,0.0156919469396521,0.0160137122298952,0.0180175900968309,0.0215400990089531,0.0037552468211512,0.00651334586685681,0.0163958505259152,0.00954484741969143,0.00897703214363441
T>G,ATG,0.0224925717825561,0.005641840071202,0.0149494530355892,0.0105189827195686,0.0097982759503281,0.00919399141715193,0.0041647701301767,0.0187325848229642,0.00376167190601409,0.00372684590761692,0.00498765217915561,0.0230595176818765,0.0109492730440716,0.0166242186008468,0.0120554235983449,0.0194655193646123,0.00402545076396358,0.00262374782113794,0.00558495138453032,0.0203559604198885,0.00372436526498329,0.0024942330258052,0.00516003268340754,0.0153985548097867,0.00845998835650997,0.0119065542018369,0.0237193752326494,0.00676495172492336,0.0134681276070685,0.00271650682155396
T>G,ATT,0.0214881510819628,0.00719877873636146,0.00877225935465295,0.0233687358470181,0.00450223144917411,0.0234686617658717,0.0149544837354692,0.0106990671225795,0.00991284625040932,0.0083930057426224,0.018185305172842,0.00316134353914119,0.0173258824792746,0.0210543471387499,0.0260437228781014,0.00412425185388955,0.00874644777650169,0.0222108776828315,0.00339385232381525,0.00771443887188549,0.0169847193339154,0.0116031810184564,0.0122794927571724,0.00576598096988025,0.00391027719630425,0.0223923166213808,0.0033859102569409,0.0149158516713874,0.00306304274566021,0.00843020347676568
T>G,CTA,0.015220692384784,0.00658005031646529,0.00279104785258244,0.020867000710276,0.00852617151356125,0.013445315380439,0.0111232640575344,0.00404411593775456,0.016943976329056,0.0191717503695543,0.00789211999947278,0.0122860258556188,0.00823832104763475,0.00834610157110804,0.00795571001682991,0.021266516517648,0.0086980676807747,0.00346808494491231,0.00410110706796407,0.0160251183237425,0.00292282698338918,0.0174056628322936,0.00644764820012656,0.00697097336613839,0.026549069301736,0.00437228054566507,0.018740277168191,0.0127693751759841,0.0181931661675478,0.00685934085386166
T>G,CTC,0.0154297998996452,0.014705818477144,0.00367252365310649,0.0203230125681608,0.0179596826840931,0.0282807904343317,0.0108658295832528,0.0208471222391888,0.00740477881405009,0.00439618655858736,0.0243063093071532,0.0193665990574699,0.0152399556457925,0.00819557182000543,0.0107517241529903,0.00454173767598979,0.00910737300836174,0.00479999662616194,0.00314144110601998,0.00356198884787338,0.0102632831685514,0.0134834412526486,0.00624471573693849,0.00324059532707826,0.00703090957841535,0.00951088271422436,0.00620126514504191,0.00351461665068219,0.00482456575911098,0.0159552818186049
T>G,CTG,0.00445723398948503,0.00537904044041549,0.00379833967835766,0.0202429569764215,0.00809106103089825,0.00301443950259143,0.00500758086695506,0.0180292551045304,0.00296502683225374,0.0232443626643822,0.00395575957291627,0.00407488775706297,0.00354681643551812,0.00671425044288236,0.00481625638289842,0.008463982285266,0.0245256571063002,0.00569674999284506,0.0191518629467223,0.0065374831158319,0.0160570202722572,0.0166374005277975,0.00599537560361524,0.0200991972652768,0.0107654079520808,0.0164752065790121,0.0136641008501239,0.0105919886711715,0.0153515091533194,0.00987646431249371
T>G,CTT,0.00774462144229703,0.00683222673580621,0.0188982598255052,0.0121240779194914,0.00317915287799216,0.0118486337689595,0.00499879182386288,0.00833054830283408,0.00418937388283619,0.00600672686808006,0.0212614308780973,0.00806689792442987,0.0133981704639496,0.0153118466911973,0.0132095200135338,0.00871090660597916,0.00996158583001431,0.0117850095361286,0.0193264852624382,0.00423262711172786,0.00370837141048619,0.00346182294338155,0.0038677371175021,0.0143920826518848,0.00495840861899411,0.0146714663046912,0.00505859452424058,0.0251308736076574,0.00472193909901841,0.00318986482729543
T>G,GTA,0.0176668611000684,0.00390743744582748,0.020209608409558,0.00278651587017912,0.00378927498705666,0.0146435896874669,0.00768198469781282,0.0131666204005936,0.00805223702643432,0.0170001177705169,0.0150320968640111,0.0109058116567466,0.00499487822645509,0.00659227787020401,0.0120100448062151,0.00380183329100238,0.00896696886222033,0.00343219513206618,0.00488302828275464,0.0117004692479626,0.00374268272440067,0.00250716780566838,0.0207790242203239,0.015576547357049,0.0046080105521659,0.00628693533470503,0.0182993739607835,0.014250629427153,0.00329041979008457,0.0234674039634908
T>G,GTC,0.0159214470959427,0.0219126117528435,0.0174538570950983,0.0081644464202298,0.0164944946911383,0.0141256584126837,0.00907413292393188,0.00538312824508945,0.0144178610787648,0.00615671512260454,0.022694103449419,0.0207371074333893,0.0227934166079825,0.0209793095102824,0.0031470847560694,0.0243509525614553,0.00340398000879086,0.0200768246094299,0.00416285369487029,0.0104249825553326,0.00370472122847008,0.0124592930568272,0.0094121919019323,0.008312102170554,0.00340680194612845,0.0056496361700087,0.0103922323382011,0.00316973570108349,0.0180986731942046,0.00602666070000257
T>G,GTG,0.00357436194680766,0.00315046079933608,0.00281774562172627,0.00368227335109368,0.00540732673741331,0.00494529925511615,0.0154145583088473,0.00336834290665465,0.0180534215246497,0.00829864134311869,0.0200759881780336,0.00532174122483379,0.0214780764732254,0.00356582604269372,0.00319230875735175,0.0111398614986673,0.00480572470196161,0.0103362913369822,0.0068235968866383,0.00549773240643766,0.00394710599578705,0.00347833617930337,0.0105549854409967,0.0108462640629073,0.0167180295512327,0.00745913641759215,0.00501281327089725,0.0147312518867775,0.0107525440961253,0.00300270536878873
T>G,GTT,0.0135945927810765,0.00913506201994588,0.0128445839101927,0.0145403480875914,0.00665745681345411,0.00400550231080903,0.0220781528344424,0.0230622637026428,0.00945815294974056,0.00379126526454338,0.0122788618632363,0.00534435609423393,0.0226874255607789,0.0198521883242943,0.0160482418603796,0.0114868008171375,0.0120893858325629,0.00518400059808444,0.0113699261678006,0.0141982927219116,0.0103323376209932,0.0118024426748439,0.00577987547487773,0.00749089937988483,0.0204180890076839,0.0060692654395569,0.0110211041422301,0.00420328567167072,0.00401033228394032,0.00669137933309395
T>G,TTA,0.0141987434557411,0.0127716933337963,0.00334843846258782,0.014632253946741,0.00296275785246835,0.00328488134630157,0.0183792044151672,0.0166446975199774,0.0110662080193937,0.00451887082930513,0.00907285550741899,0.00840256458203407,0.00738195528550551,0.00385371903063715,0.0190636230879827,0.0124451705332418,0.00327164810116897,0.0188353349249318,0.0180740825249398,0.0157649335040651,0.0142776340140575,0.0108288963159833,0.012900192536073,0.00316315343713385,0.00865181916778377,0.00412803542676874,0.0254100761657626,0.00427506750783755,0.0056755457539527,0.00685593219114164
T>G,TTC,0.00797146368227592,0.00762246002396915,0.0107034065307745,0.00465958970620734,0.0142208813251876,0.00586850395583604,0.0132618153927956,0.0112885520713463,0.00486598038154445,0.00714745323795181,0.0134062411702545,0.0106624835222071,0.00665754860411566,0.00280504317061364,0.0152561211449175,0.0101972050905406,0.0254065432302131,0.0208813104189626,0.0236868622540747,0.0137422764101179,0.0101353107561403,0.0122176906431301,0.00931210957932762,0.0165407378260969,0.00801709068901598,0.00868366873135768,0.00453193817507846,0.0088905127297578,0.0178740002012927,0.0251264339234267
T>G,TTG,0.00354469789967992,0.00456029076607833,0.00605127209203182,0.00650969754607659,0.00484324637281098,0.00843200912703644,0.00781952394072233,0.0155024172591772,0.0153366112403159,0.00667605507852236,0.00805116661960633,0.0135699265675248,0.00531831144283343,0.0093091000830633,0.0092049599259938,0.00451916833177825,0.0137893428946175,0.00636308086770765,0.00857655556600557,0.00482882539207849,0.011687600972533,0.00712199721536431,0.0174710411301921,0.0199760057285014,0.00503555805413739,0.00814944194091073,0.0121519201132793,0.022666586291569,0.00318462890496809,0.0119880754105824
T>G,TTT,0.019698553734747,0.0234462866041471,0.00315656122305811,0.00294828101290248,0.0047668874644192,0.00636249512252299,0.00281883517719488,0.00847990279205253,0.0112636446943381,0.00300146204103566,0.0110729864566422,0.0198797486355122,0.0182560887509706,0.00236585899570553,0.00786048629233527,0.0171060742433895,0.0076905702754661,0.00765160389768694,0.0266419855830676,0.0218576660610044,0.00959551923507451,0.0239590352295579,0.00622486339962987,0.0035145323519672,0.00426319999464727,0.00423851665477436,0.00441588899367653,0.0164301349572293,0.00797089120084212,0.0257439454935029
